"url","path","name","is_dir","bytes_listed","mtime_listed","bytes","mtime","etag","head_status","crawled_at"
"https://listdata.thelist.tas.gov.au/opendata/data/ABALONE_COMMERCIAL_DIVE_BLOCKS_STATEWIDE.zip","ABALONE_COMMERCIAL_DIVE_BLOCKS_STATEWIDE.zip","ABALONE_COMMERCIAL_DIVE_BLOCKS_STATEWIDE.zip",FALSE,16777216,"2016-07-28T12:04:00+1000",16514367,"2025-07-18T00:08:43Z","""166068a-fbfd3f-63a28eddb216d""",200,"2026-09-09T13:41:08Z"
"https://listdata.thelist.tas.gov.au/opendata/data/ABALONE_COMMERCIAL_DIVE_SUB_BLOCKS_STATEWIDE.zip","ABALONE_COMMERCIAL_DIVE_SUB_BLOCKS_STATEWIDE.zip","ABALONE_COMMERCIAL_DIVE_SUB_BLOCKS_STATEWIDE.zip",FALSE,16777216,"2024-09-18T11:32:00+1000",16541495,"2025-07-18T00:08:32Z","""1660689-fc6737-63a28ed289aa5""",200,"2026-09-09T13:41:08Z"
"https://listdata.thelist.tas.gov.au/opendata/data/ACID_SULFATE_SOIL_SITES_STATEWIDE.zip","ACID_SULFATE_SOIL_SITES_STATEWIDE.zip","ACID_SULFATE_SOIL_SITES_STATEWIDE.zip",FALSE,65536,"2024-09-18T11:31:00+1000",65794,"2025-07-17T23:21:45Z","""16606cd-10102-63a2845e034b4""",200,"2026-09-09T13:41:08Z"
"https://listdata.thelist.tas.gov.au/opendata/data/BUILT_INFRASTRUCTURE_LINE_STATEWIDE.zip","BUILT_INFRASTRUCTURE_LINE_STATEWIDE.zip","BUILT_INFRASTRUCTURE_LINE_STATEWIDE.zip",FALSE,1153433.6,"2025-07-18T09:15:00+1000",1118868,"2025-07-18T00:07:55Z","""1660685-111294-63a28eafa64c9""",200,"2026-09-09T13:41:08Z"
"https://listdata.thelist.tas.gov.au/opendata/data/BUILT_INFRASTRUCTURE_POINT_STATEWIDE.zip","BUILT_INFRASTRUCTURE_POINT_STATEWIDE.zip","BUILT_INFRASTRUCTURE_POINT_STATEWIDE.zip",FALSE,2411724.8,"2021-02-04T08:49:00+1100",2390218,"2025-07-18T00:08:08Z","""1660686-2478ca-63a28ebb930bb""",200,"2026-09-09T13:41:08Z"
"https://listdata.thelist.tas.gov.au/opendata/data/BUILT_INFRASTRUCTURE_POLY_STATEWIDE.zip","BUILT_INFRASTRUCTURE_POLY_STATEWIDE.zip","BUILT_INFRASTRUCTURE_POLY_STATEWIDE.zip",FALSE,6815744,"2025-07-18T09:51:00+1000",6769112,"2025-07-18T00:08:20Z","""1660687-6749d8-63a28ec6e724e""",200,"2026-09-09T13:41:08Z"
"https://listdata.thelist.tas.gov.au/opendata/data/CFT_SCENARIO_A2_STATEWIDE.zip","CFT_SCENARIO_A2_STATEWIDE.zip","CFT_SCENARIO_A2_STATEWIDE.zip",FALSE,509952,"2025-07-18T09:51:00+1000",509625,"2025-07-17T03:11:37Z","""16606b0-7c6b9-63a175e13868d""",200,"2026-09-09T13:41:08Z"
"https://listdata.thelist.tas.gov.au/opendata/data/CFT_SCENARIO_B1_STATEWIDE.zip","CFT_SCENARIO_B1_STATEWIDE.zip","CFT_SCENARIO_B1_STATEWIDE.zip",FALSE,423936,"2025-07-18T09:51:00+1000",423722,"2025-07-17T03:11:45Z","""16606b1-6772a-63a175e936551""",200,"2026-09-09T13:41:08Z"
"https://listdata.thelist.tas.gov.au/opendata/data/CHM_2M_STATEWIDE_OLD.zip","CHM_2M_STATEWIDE_OLD.zip","CHM_2M_STATEWIDE_OLD.zip",FALSE,8697308774.4,"2020-04-09T13:20:00+1000",8692813611,"2025-10-06T23:56:33Z","""1660c92-20621cf2b-6408633774f3d""",200,"2026-09-09T13:41:08Z"
"https://listdata.thelist.tas.gov.au/opendata/data/CHM_2M_STATEWIDE.zip","CHM_2M_STATEWIDE.zip","CHM_2M_STATEWIDE.zip",FALSE,25769803776,"2025-07-18T09:51:00+1000",26010032970,"2026-08-20T00:09:57Z","""1660cee-60e519b4a-6596f57156cc2""",200,"2026-09-09T13:41:08Z"
"https://listdata.thelist.tas.gov.au/opendata/data/COASTAL_VULNERABILITY_DERWENT_ESTUARY_VALUES_STATEWIDE.zip","COASTAL_VULNERABILITY_DERWENT_ESTUARY_VALUES_STATEWIDE.zip","COASTAL_VULNERABILITY_DERWENT_ESTUARY_VALUES_STATEWIDE.zip",FALSE,2411724.8,"2025-07-18T09:42:00+1000",2422398,"2025-07-18T00:08:57Z","""166068d-24f67e-63a28eeae3643""",200,"2026-09-09T13:41:08Z"
"https://listdata.thelist.tas.gov.au/opendata/data/COASTAL_VULNERABILITY_DERWENT_ESTUARY_WEEDS_STATEWIDE.zip","COASTAL_VULNERABILITY_DERWENT_ESTUARY_WEEDS_STATEWIDE.zip","COASTAL_VULNERABILITY_DERWENT_ESTUARY_WEEDS_STATEWIDE.zip",FALSE,63963136,"2025-07-18T09:15:00+1000",63910091,"2025-07-18T00:09:26Z","""166068e-3cf30cb-63a28f063a1de""",200,"2026-09-09T13:41:08Z"
"https://listdata.thelist.tas.gov.au/opendata/data/data.7z","data.7z","data.7z",FALSE,8703180.8,"2020-06-05T09:45:00+1000",8720834,"2020-08-27T01:42:12Z","""1660b6e-8511c2-5add20b965559""",200,"2026-09-09T13:41:08Z"
"https://listdata.thelist.tas.gov.au/opendata/data/DHHS_AMBULANCE_STATIONS_STATEWIDE.zip","DHHS_AMBULANCE_STATIONS_STATEWIDE.zip","DHHS_AMBULANCE_STATIONS_STATEWIDE.zip",FALSE,39936,"2021-01-15T10:46:00+1100",39482,"2016-07-28T02:04:38Z","""166056f-9a3a-538a88e6701ce""",200,"2026-09-09T13:41:08Z"
"https://listdata.thelist.tas.gov.au/opendata/data/DMSDB@AGENCY_STAGING.SDE_BREAK_O_DAY.zip","DMSDB@AGENCY_STAGING.SDE_BREAK_O_DAY.zip","DMSDB@AGENCY_STAGING.SDE_BREAK_O_DAY.zip",FALSE,1572864,"2025-07-18T10:07:00+1000",1615725,"2024-09-18T01:32:10Z","""1660c85-18a76d-6225ac657cd5b""",200,"2026-09-09T13:41:08Z"
"https://listdata.thelist.tas.gov.au/opendata/data/DMSDB@AGENCY_STAGING.SDE_GLAMORGAN_SPRING_BAY.zip","DMSDB@AGENCY_STAGING.SDE_GLAMORGAN_SPRING_BAY.zip","DMSDB@AGENCY_STAGING.SDE_GLAMORGAN_SPRING_BAY.zip",FALSE,4613734.4,"2020-12-22T08:37:00+1100",4658592,"2024-09-18T01:31:54Z","""1660c84-4715a0-6225ac56cb187""",200,"2026-09-09T13:41:08Z"
"https://listdata.thelist.tas.gov.au/opendata/data/ENWAVE_GAS_DECLARED_PIPELINE_CORRIDOR_STATEWIDE.zip","ENWAVE_GAS_DECLARED_PIPELINE_CORRIDOR_STATEWIDE.zip","ENWAVE_GAS_DECLARED_PIPELINE_CORRIDOR_STATEWIDE.zip",FALSE,459776,"2020-12-22T09:36:00+1100",459301,"2025-07-17T23:15:01Z","""1660b1c-70225-63a282dc6d3ff""",200,"2026-09-09T13:41:08Z"
"https://listdata.thelist.tas.gov.au/opendata/data/EPA_AQUATIC_ECOSYSTEM_DGVS_FOR_SURFACE_WATER_CATCHMENTS_STATEWIDE.zip","EPA_AQUATIC_ECOSYSTEM_DGVS_FOR_SURFACE_WATER_CATCHMENTS_STATEWIDE.zip","EPA_AQUATIC_ECOSYSTEM_DGVS_FOR_SURFACE_WATER_CATCHMENTS_STATEWIDE.zip",FALSE,19922944,"2020-12-22T08:37:00+1100",19793336,"2021-02-03T21:49:55Z","""1660b97-12e05b8-5ba75914fd196""",200,"2026-09-09T13:41:08Z"
"https://listdata.thelist.tas.gov.au/opendata/data/EPA_DISINFECTED_SEWAGE_DISCHARGE_VESSELS_CARRYING_LESS_THAN_16_PEOPLE_STATEWIDE.zip","EPA_DISINFECTED_SEWAGE_DISCHARGE_VESSELS_CARRYING_LESS_THAN_16_PEOPLE_STATEWIDE.zip","EPA_DISINFECTED_SEWAGE_DISCHARGE_VESSELS_CARRYING_LESS_THAN_16_PEOPLE_STATEWIDE.zip",FALSE,13631488,"2020-12-22T09:36:00+1100",13391921,"2025-07-17T23:51:26Z","""1660478-cc5831-63a28b00186e6""",200,"2026-09-09T13:41:08Z"
"https://listdata.thelist.tas.gov.au/opendata/data/EPA_NON_DISINFECTED_SEWAGE_DISCHARGE_VESSELS_CARRYING_LESS_THAN_16_PEOPLE_STATEWIDE.zip","EPA_NON_DISINFECTED_SEWAGE_DISCHARGE_VESSELS_CARRYING_LESS_THAN_16_PEOPLE_STATEWIDE.zip","EPA_NON_DISINFECTED_SEWAGE_DISCHARGE_VESSELS_CARRYING_LESS_THAN_16_PEOPLE_STATEWIDE.zip",FALSE,1677721.6,"2020-12-22T09:36:00+1100",1626744,"2025-07-17T23:51:36Z","""1660b6a-18d278-63a28b09f55db""",200,"2026-09-09T13:41:08Z"
"https://listdata.thelist.tas.gov.au/opendata/data/EPA_SEWAGE_DISCHARGE_VESSELS_CARRYING_16_OR_MORE_PEOPLE_STATEWIDE.zip","EPA_SEWAGE_DISCHARGE_VESSELS_CARRYING_16_OR_MORE_PEOPLE_STATEWIDE.zip","EPA_SEWAGE_DISCHARGE_VESSELS_CARRYING_16_OR_MORE_PEOPLE_STATEWIDE.zip",FALSE,1572864,"2020-12-22T08:29:00+1100",1615553,"2025-07-17T23:51:44Z","""1660b6b-18a6c1-63a28b11eaa19""",200,"2026-09-09T13:41:08Z"
"https://listdata.thelist.tas.gov.au/opendata/data/EPA_SWIMMING_BEACHES_AND_MONITORED_RECREATIONAL_WATERS_DURING_SUMMER_PERIOD_STATEWIDE.zip","EPA_SWIMMING_BEACHES_AND_MONITORED_RECREATIONAL_WATERS_DURING_SUMMER_PERIOD_STATEWIDE.zip","EPA_SWIMMING_BEACHES_AND_MONITORED_RECREATIONAL_WATERS_DURING_SUMMER_PERIOD_STATEWIDE.zip",FALSE,786432,"2020-12-22T08:39:00+1100",786197,"2025-07-17T23:51:53Z","""1660c38-bff15-63a28b1a56511""",200,"2026-09-09T13:41:08Z"
"https://listdata.thelist.tas.gov.au/opendata/data/EPA_UNDERGROUND_PETROLEUM_STORAGE_SYSTEMS_STATEWIDE.zip","EPA_UNDERGROUND_PETROLEUM_STORAGE_SYSTEMS_STATEWIDE.zip","EPA_UNDERGROUND_PETROLEUM_STORAGE_SYSTEMS_STATEWIDE.zip",FALSE,585728,"2020-12-22T08:39:00+1100",585947,"2020-04-09T03:20:05Z","""1660b1a-8f0db-5a2d317e023ae""",200,"2026-09-09T13:41:08Z"
"https://listdata.thelist.tas.gov.au/opendata/data/FT_EMERGENCY_MEETING_POINTS_STATEWIDE.zip","FT_EMERGENCY_MEETING_POINTS_STATEWIDE.zip","FT_EMERGENCY_MEETING_POINTS_STATEWIDE.zip",FALSE,139264,"2020-12-22T08:37:00+1100",139574,"2025-07-17T23:42:11Z","""1660b4c-22136-63a288eee7445""",200,"2026-09-09T13:41:08Z"
"https://listdata.thelist.tas.gov.au/opendata/data/GAS_PIPELINE_PLANNING_CORRIDOR_STATEWIDE.zip","GAS_PIPELINE_PLANNING_CORRIDOR_STATEWIDE.zip","GAS_PIPELINE_PLANNING_CORRIDOR_STATEWIDE.zip",FALSE,783360,"2020-12-22T08:39:00+1100",783199,"2025-07-17T23:15:18Z","""1660b1e-bf35f-63a282ecd3df4""",200,"2026-09-09T13:41:08Z"
"https://listdata.thelist.tas.gov.au/opendata/data/GIANT_KELP_AERIAL_SURVEY_2019_STATEWIDE.zip","GIANT_KELP_AERIAL_SURVEY_2019_STATEWIDE.zip","GIANT_KELP_AERIAL_SURVEY_2019_STATEWIDE.zip",FALSE,284672,"2020-12-22T08:37:00+1100",284681,"2020-06-04T23:45:30Z","""1660b42-45809-5a74abd5e28d4""",200,"2026-09-09T13:41:08Z"
"https://listdata.thelist.tas.gov.au/opendata/data/HARVEST_TONNAGES_MACROCYSTIS_PYRIFERA_1970_1971_STATEWIDE.zip","HARVEST_TONNAGES_MACROCYSTIS_PYRIFERA_1970_1971_STATEWIDE.zip","HARVEST_TONNAGES_MACROCYSTIS_PYRIFERA_1970_1971_STATEWIDE.zip",FALSE,46080,"2020-12-22T08:39:00+1100",46330,"2021-01-14T23:46:30Z","""1660571-b4fa-5b8e4dd6e3694""",200,"2026-09-09T13:41:08Z"
"https://listdata.thelist.tas.gov.au/opendata/data/HERITAGE_TASMANIA_HMS_FEATURES_STATEWIDE.zip","HERITAGE_TASMANIA_HMS_FEATURES_STATEWIDE.zip","HERITAGE_TASMANIA_HMS_FEATURES_STATEWIDE.zip",FALSE,6396313.6,"2026-08-20T14:34:00+1000",6366227,"2025-07-18T00:07:36Z","""1660c2c-612413-63a28e9d5abd1""",200,"2026-09-09T13:41:08Z"
"https://listdata.thelist.tas.gov.au/opendata/data/interim_planning_scheme_overlay_statewide.cpg","interim_planning_scheme_overlay_statewide.cpg","interim_planning_scheme_overlay_statewide.cpg",FALSE,5,"2026-08-20T14:33:00+1000",5,"2020-12-21T21:37:54Z","""1660b9b-5-5b700454b5080""",200,"2026-09-09T13:41:08Z"
"https://listdata.thelist.tas.gov.au/opendata/data/interim_planning_scheme_overlay_statewide.DAT","interim_planning_scheme_overlay_statewide.DAT","interim_planning_scheme_overlay_statewide.DAT",FALSE,1610612736,"2026-08-20T14:34:00+1000",1632771913,"2020-12-21T22:36:44Z","""1660b9c-61521f49-5b70117b2d700""",200,"2026-09-09T13:41:08Z"
"https://listdata.thelist.tas.gov.au/opendata/data/interim_planning_scheme_overlay_statewide.dbf","interim_planning_scheme_overlay_statewide.dbf","interim_planning_scheme_overlay_statewide.dbf",FALSE,1610612736,"2023-01-13T15:04:00+1100",1640659698,"2020-12-21T21:37:54Z","""1660b9d-61ca7af2-5b700454b5080""",200,"2026-09-09T13:41:08Z"
"https://listdata.thelist.tas.gov.au/opendata/data/interim_planning_scheme_overlay_statewide.gdb/","interim_planning_scheme_overlay_statewide.gdb/","interim_planning_scheme_overlay_statewide.gdb/",TRUE,,"2025-07-17T13:11:00+1000",,,,,"2026-09-09T13:41:08Z"
"https://listdata.thelist.tas.gov.au/opendata/data/interim_planning_scheme_overlay_statewide.gdb/a00000001.gdbindexes","interim_planning_scheme_overlay_statewide.gdb/a00000001.gdbindexes","a00000001.gdbindexes",FALSE,110,"2020-12-22T08:25:00+1100",110,"2020-12-21T21:25:36Z","""1660ba7-6e-5b700194e5400""",200,"2026-09-09T13:41:08Z"
"https://listdata.thelist.tas.gov.au/opendata/data/interim_planning_scheme_overlay_statewide.gdb/a00000001.gdbtable","interim_planning_scheme_overlay_statewide.gdb/a00000001.gdbtable","a00000001.gdbtable",FALSE,352,"2020-12-22T08:28:00+1100",352,"2020-12-21T21:25:42Z","""1660ba8-160-5b70019a9e180""",200,"2026-09-09T13:41:08Z"
"https://listdata.thelist.tas.gov.au/opendata/data/interim_planning_scheme_overlay_statewide.gdb/a00000001.gdbtablx","interim_planning_scheme_overlay_statewide.gdb/a00000001.gdbtablx","a00000001.gdbtablx",FALSE,5120,"2020-12-22T08:28:00+1100",5152,"2020-12-21T21:25:42Z","""1660ba9-1420-5b70019a9e180""",200,"2026-09-09T13:41:08Z"
"https://listdata.thelist.tas.gov.au/opendata/data/interim_planning_scheme_overlay_statewide.gdb/a00000001.TablesByName.atx","interim_planning_scheme_overlay_statewide.gdb/a00000001.TablesByName.atx","a00000001.TablesByName.atx",FALSE,4096,"2020-12-22T08:28:00+1100",4118,"2020-12-21T21:25:42Z","""1660baa-1016-5b70019a9e180""",200,"2026-09-09T13:41:08Z"
"https://listdata.thelist.tas.gov.au/opendata/data/interim_planning_scheme_overlay_statewide.gdb/a00000002.gdbtable","interim_planning_scheme_overlay_statewide.gdb/a00000002.gdbtable","a00000002.gdbtable",FALSE,2048,"2020-12-22T08:25:00+1100",2055,"2020-12-21T21:25:36Z","""1660bab-807-5b700194e5400""",200,"2026-09-09T13:41:08Z"
"https://listdata.thelist.tas.gov.au/opendata/data/interim_planning_scheme_overlay_statewide.gdb/a00000002.gdbtablx","interim_planning_scheme_overlay_statewide.gdb/a00000002.gdbtablx","a00000002.gdbtablx",FALSE,5120,"2020-12-22T08:25:00+1100",5152,"2020-12-21T21:25:36Z","""1660bac-1420-5b700194e5400""",200,"2026-09-09T13:41:08Z"
"https://listdata.thelist.tas.gov.au/opendata/data/interim_planning_scheme_overlay_statewide.gdb/a00000003.gdbindexes","interim_planning_scheme_overlay_statewide.gdb/a00000003.gdbindexes","a00000003.gdbindexes",FALSE,42,"2020-12-22T08:25:00+1100",42,"2020-12-21T21:25:36Z","""1660bad-2a-5b700194e5400""",200,"2026-09-09T13:41:08Z"
"https://listdata.thelist.tas.gov.au/opendata/data/interim_planning_scheme_overlay_statewide.gdb/a00000003.gdbtable","interim_planning_scheme_overlay_statewide.gdb/a00000003.gdbtable","a00000003.gdbtable",FALSE,1024,"2020-12-22T08:25:00+1100",1021,"2020-12-21T21:25:42Z","""1660bae-3fd-5b70019a9e180""",200,"2026-09-09T13:41:08Z"
"https://listdata.thelist.tas.gov.au/opendata/data/interim_planning_scheme_overlay_statewide.gdb/a00000003.gdbtablx","interim_planning_scheme_overlay_statewide.gdb/a00000003.gdbtablx","a00000003.gdbtablx",FALSE,5120,"2020-12-22T08:25:00+1100",5152,"2020-12-21T21:25:42Z","""1660baf-1420-5b70019a9e180""",200,"2026-09-09T13:41:08Z"
"https://listdata.thelist.tas.gov.au/opendata/data/interim_planning_scheme_overlay_statewide.gdb/a00000004.CatItemsByPhysicalName.atx","interim_planning_scheme_overlay_statewide.gdb/a00000004.CatItemsByPhysicalName.atx","a00000004.CatItemsByPhysicalName.atx",FALSE,4096,"2020-12-22T08:25:00+1100",4118,"2020-12-21T21:25:42Z","""1660bb0-1016-5b70019a9e180""",200,"2026-09-09T13:41:08Z"
"https://listdata.thelist.tas.gov.au/opendata/data/interim_planning_scheme_overlay_statewide.gdb/a00000004.CatItemsByType.atx","interim_planning_scheme_overlay_statewide.gdb/a00000004.CatItemsByType.atx","a00000004.CatItemsByType.atx",FALSE,4096,"2020-12-22T08:25:00+1100",4118,"2020-12-21T21:25:42Z","""1660bb1-1016-5b70019a9e180""",200,"2026-09-09T13:41:08Z"
"https://listdata.thelist.tas.gov.au/opendata/data/interim_planning_scheme_overlay_statewide.gdb/a00000004.FDO_UUID.atx","interim_planning_scheme_overlay_statewide.gdb/a00000004.FDO_UUID.atx","a00000004.FDO_UUID.atx",FALSE,4096,"2020-12-22T08:25:00+1100",4118,"2020-12-21T21:25:42Z","""1660bb2-1016-5b70019a9e180""",200,"2026-09-09T13:41:08Z"
"https://listdata.thelist.tas.gov.au/opendata/data/interim_planning_scheme_overlay_statewide.gdb/a00000004.freelist","interim_planning_scheme_overlay_statewide.gdb/a00000004.freelist","a00000004.freelist",FALSE,4403.2,"2020-12-22T08:25:00+1100",4440,"2020-12-21T21:28:58Z","""1660bb3-1158-5b70025589a80""",200,"2026-09-09T13:41:08Z"
"https://listdata.thelist.tas.gov.au/opendata/data/interim_planning_scheme_overlay_statewide.gdb/a00000004.gdbindexes","interim_planning_scheme_overlay_statewide.gdb/a00000004.gdbindexes","a00000004.gdbindexes",FALSE,310,"2020-12-22T08:25:00+1100",310,"2020-12-21T21:25:36Z","""1660bb4-136-5b700194e5400""",200,"2026-09-09T13:41:08Z"
"https://listdata.thelist.tas.gov.au/opendata/data/interim_planning_scheme_overlay_statewide.gdb/a00000004.gdbtable","interim_planning_scheme_overlay_statewide.gdb/a00000004.gdbtable","a00000004.gdbtable",FALSE,36864,"2020-12-22T08:25:00+1100",37347,"2020-12-21T21:28:58Z","""1660bb5-91e3-5b70025589a80""",200,"2026-09-09T13:41:08Z"
"https://listdata.thelist.tas.gov.au/opendata/data/interim_planning_scheme_overlay_statewide.gdb/a00000004.gdbtablx","interim_planning_scheme_overlay_statewide.gdb/a00000004.gdbtablx","a00000004.gdbtablx",FALSE,5120,"2020-12-22T08:25:00+1100",5152,"2020-12-21T21:28:58Z","""1660bb6-1420-5b70025589a80""",200,"2026-09-09T13:41:08Z"
"https://listdata.thelist.tas.gov.au/opendata/data/interim_planning_scheme_overlay_statewide.gdb/a00000004.spx","interim_planning_scheme_overlay_statewide.gdb/a00000004.spx","a00000004.spx",FALSE,4096,"2020-12-22T08:25:00+1100",4118,"2020-12-21T21:28:58Z","""1660bb7-1016-5b70025589a80""",200,"2026-09-09T13:41:08Z"
"https://listdata.thelist.tas.gov.au/opendata/data/interim_planning_scheme_overlay_statewide.gdb/a00000005.CatItemTypesByName.atx","interim_planning_scheme_overlay_statewide.gdb/a00000005.CatItemTypesByName.atx","a00000005.CatItemTypesByName.atx",FALSE,12288,"2020-12-22T08:25:00+1100",12310,"2020-12-21T21:25:38Z","""1660bb8-3016-5b700196cd880""",200,"2026-09-09T13:41:08Z"
"https://listdata.thelist.tas.gov.au/opendata/data/interim_planning_scheme_overlay_statewide.gdb/a00000005.CatItemTypesByParentTypeID.atx","interim_planning_scheme_overlay_statewide.gdb/a00000005.CatItemTypesByParentTypeID.atx","a00000005.CatItemTypesByParentTypeID.atx",FALSE,4096,"2020-12-22T08:25:00+1100",4118,"2020-12-21T21:25:38Z","""1660bb9-1016-5b700196cd880""",200,"2026-09-09T13:41:08Z"
"https://listdata.thelist.tas.gov.au/opendata/data/interim_planning_scheme_overlay_statewide.gdb/a00000005.CatItemTypesByUUID.atx","interim_planning_scheme_overlay_statewide.gdb/a00000005.CatItemTypesByUUID.atx","a00000005.CatItemTypesByUUID.atx",FALSE,4096,"2020-12-22T08:25:00+1100",4118,"2020-12-21T21:25:38Z","""1660bba-1016-5b700196cd880""",200,"2026-09-09T13:41:08Z"
"https://listdata.thelist.tas.gov.au/opendata/data/interim_planning_scheme_overlay_statewide.gdb/a00000005.gdbindexes","interim_planning_scheme_overlay_statewide.gdb/a00000005.gdbindexes","a00000005.gdbindexes",FALSE,296,"2020-12-22T08:25:00+1100",296,"2020-12-21T21:25:38Z","""1660bbb-128-5b700196cd880""",200,"2026-09-09T13:41:08Z"
"https://listdata.thelist.tas.gov.au/opendata/data/interim_planning_scheme_overlay_statewide.gdb/a00000005.gdbtable","interim_planning_scheme_overlay_statewide.gdb/a00000005.gdbtable","a00000005.gdbtable",FALSE,1843.2,"2020-12-22T08:25:00+1100",1803,"2020-12-21T21:25:38Z","""1660bbc-70b-5b700196cd880""",200,"2026-09-09T13:41:08Z"
"https://listdata.thelist.tas.gov.au/opendata/data/interim_planning_scheme_overlay_statewide.gdb/a00000005.gdbtablx","interim_planning_scheme_overlay_statewide.gdb/a00000005.gdbtablx","a00000005.gdbtablx",FALSE,5120,"2020-12-22T08:25:00+1100",5152,"2020-12-21T21:25:38Z","""1660bbd-1420-5b700196cd880""",200,"2026-09-09T13:41:08Z"
"https://listdata.thelist.tas.gov.au/opendata/data/interim_planning_scheme_overlay_statewide.gdb/a00000006.CatRelsByDestinationID.atx","interim_planning_scheme_overlay_statewide.gdb/a00000006.CatRelsByDestinationID.atx","a00000006.CatRelsByDestinationID.atx",FALSE,4096,"2020-12-22T08:25:00+1100",4118,"2020-12-21T21:25:42Z","""1660bbe-1016-5b70019a9e180""",200,"2026-09-09T13:41:08Z"
"https://listdata.thelist.tas.gov.au/opendata/data/interim_planning_scheme_overlay_statewide.gdb/a00000006.CatRelsByOriginID.atx","interim_planning_scheme_overlay_statewide.gdb/a00000006.CatRelsByOriginID.atx","a00000006.CatRelsByOriginID.atx",FALSE,4096,"2020-12-22T08:25:00+1100",4118,"2020-12-21T21:25:42Z","""1660bbf-1016-5b70019a9e180""",200,"2026-09-09T13:41:08Z"
"https://listdata.thelist.tas.gov.au/opendata/data/interim_planning_scheme_overlay_statewide.gdb/a00000006.CatRelsByType.atx","interim_planning_scheme_overlay_statewide.gdb/a00000006.CatRelsByType.atx","a00000006.CatRelsByType.atx",FALSE,4096,"2020-12-22T08:25:00+1100",4118,"2020-12-21T21:25:42Z","""1660bc0-1016-5b70019a9e180""",200,"2026-09-09T13:41:08Z"
"https://listdata.thelist.tas.gov.au/opendata/data/interim_planning_scheme_overlay_statewide.gdb/a00000006.FDO_UUID.atx","interim_planning_scheme_overlay_statewide.gdb/a00000006.FDO_UUID.atx","a00000006.FDO_UUID.atx",FALSE,4096,"2020-12-22T08:28:00+1100",4118,"2020-12-21T21:25:42Z","""1660bc1-1016-5b70019a9e180""",200,"2026-09-09T13:41:08Z"
"https://listdata.thelist.tas.gov.au/opendata/data/interim_planning_scheme_overlay_statewide.gdb/a00000006.gdbindexes","interim_planning_scheme_overlay_statewide.gdb/a00000006.gdbindexes","a00000006.gdbindexes",FALSE,318,"2020-12-22T08:28:00+1100",318,"2020-12-21T21:25:36Z","""1660bc2-13e-5b700194e5400""",200,"2026-09-09T13:41:08Z"
"https://listdata.thelist.tas.gov.au/opendata/data/interim_planning_scheme_overlay_statewide.gdb/a00000006.gdbtable","interim_planning_scheme_overlay_statewide.gdb/a00000006.gdbtable","a00000006.gdbtable",FALSE,263,"2020-12-22T08:28:00+1100",263,"2020-12-21T21:25:42Z","""1660bc3-107-5b70019a9e180""",200,"2026-09-09T13:41:08Z"
"https://listdata.thelist.tas.gov.au/opendata/data/interim_planning_scheme_overlay_statewide.gdb/a00000006.gdbtablx","interim_planning_scheme_overlay_statewide.gdb/a00000006.gdbtablx","a00000006.gdbtablx",FALSE,5120,"2020-12-22T08:28:00+1100",5152,"2020-12-21T21:25:42Z","""1660bc4-1420-5b70019a9e180""",200,"2026-09-09T13:41:08Z"
"https://listdata.thelist.tas.gov.au/opendata/data/interim_planning_scheme_overlay_statewide.gdb/a00000007.CatRelTypesByBackwardLabel.atx","interim_planning_scheme_overlay_statewide.gdb/a00000007.CatRelTypesByBackwardLabel.atx","a00000007.CatRelTypesByBackwardLabel.atx",FALSE,4096,"2020-12-22T08:28:00+1100",4118,"2020-12-21T21:25:38Z","""1660bc5-1016-5b700196cd880""",200,"2026-09-09T13:41:08Z"
"https://listdata.thelist.tas.gov.au/opendata/data/interim_planning_scheme_overlay_statewide.gdb/a00000007.CatRelTypesByDestItemTypeID.atx","interim_planning_scheme_overlay_statewide.gdb/a00000007.CatRelTypesByDestItemTypeID.atx","a00000007.CatRelTypesByDestItemTypeID.atx",FALSE,4096,"2020-12-22T08:25:00+1100",4118,"2020-12-21T21:25:38Z","""1660bc6-1016-5b700196cd880""",200,"2026-09-09T13:41:08Z"
"https://listdata.thelist.tas.gov.au/opendata/data/interim_planning_scheme_overlay_statewide.gdb/a00000007.CatRelTypesByForwardLabel.atx","interim_planning_scheme_overlay_statewide.gdb/a00000007.CatRelTypesByForwardLabel.atx","a00000007.CatRelTypesByForwardLabel.atx",FALSE,4096,"2020-12-22T08:28:00+1100",4118,"2020-12-21T21:25:38Z","""1660bc7-1016-5b700196cd880""",200,"2026-09-09T13:41:08Z"
"https://listdata.thelist.tas.gov.au/opendata/data/interim_planning_scheme_overlay_statewide.gdb/a00000007.CatRelTypesByName.atx","interim_planning_scheme_overlay_statewide.gdb/a00000007.CatRelTypesByName.atx","a00000007.CatRelTypesByName.atx",FALSE,4096,"2020-12-22T08:28:00+1100",4118,"2020-12-21T21:25:38Z","""1660bc8-1016-5b700196cd880""",200,"2026-09-09T13:41:08Z"
"https://listdata.thelist.tas.gov.au/opendata/data/interim_planning_scheme_overlay_statewide.gdb/a00000007.CatRelTypesByOriginItemTypeID.atx","interim_planning_scheme_overlay_statewide.gdb/a00000007.CatRelTypesByOriginItemTypeID.atx","a00000007.CatRelTypesByOriginItemTypeID.atx",FALSE,4096,"2020-12-22T08:28:00+1100",4118,"2020-12-21T21:25:38Z","""1660bc9-1016-5b700196cd880""",200,"2026-09-09T13:41:08Z"
"https://listdata.thelist.tas.gov.au/opendata/data/interim_planning_scheme_overlay_statewide.gdb/a00000007.CatRelTypesByUUID.atx","interim_planning_scheme_overlay_statewide.gdb/a00000007.CatRelTypesByUUID.atx","a00000007.CatRelTypesByUUID.atx",FALSE,4096,"2020-12-22T08:28:00+1100",4118,"2020-12-21T21:25:38Z","""1660bca-1016-5b700196cd880""",200,"2026-09-09T13:41:08Z"
"https://listdata.thelist.tas.gov.au/opendata/data/interim_planning_scheme_overlay_statewide.gdb/a00000007.gdbindexes","interim_planning_scheme_overlay_statewide.gdb/a00000007.gdbindexes","a00000007.gdbindexes",FALSE,602,"2020-12-22T08:28:00+1100",602,"2020-12-21T21:25:38Z","""1660bcb-25a-5b700196cd880""",200,"2026-09-09T13:41:08Z"
"https://listdata.thelist.tas.gov.au/opendata/data/interim_planning_scheme_overlay_statewide.gdb/a00000007.gdbtable","interim_planning_scheme_overlay_statewide.gdb/a00000007.gdbtable","a00000007.gdbtable",FALSE,2457.6,"2020-12-22T08:28:00+1100",2504,"2020-12-21T21:25:38Z","""1660bcc-9c8-5b700196cd880""",200,"2026-09-09T13:41:08Z"
"https://listdata.thelist.tas.gov.au/opendata/data/interim_planning_scheme_overlay_statewide.gdb/a00000007.gdbtablx","interim_planning_scheme_overlay_statewide.gdb/a00000007.gdbtablx","a00000007.gdbtablx",FALSE,5120,,5152,"2020-12-21T21:25:38Z","""1660bcd-1420-5b700196cd880""",200,"2026-09-09T13:41:08Z"
"https://listdata.thelist.tas.gov.au/opendata/data/interim_planning_scheme_overlay_statewide.gdb/a00000009.freelist","interim_planning_scheme_overlay_statewide.gdb/a00000009.freelist","a00000009.freelist",FALSE,4403.2,,4440,"2020-12-21T21:28:58Z","""1660bce-1158-5b70025589a80""",200,"2026-09-09T13:41:08Z"
"https://listdata.thelist.tas.gov.au/opendata/data/interim_planning_scheme_overlay_statewide.gdb/a00000009.gdbindexes","interim_planning_scheme_overlay_statewide.gdb/a00000009.gdbindexes","a00000009.gdbindexes",FALSE,116,,116,"2020-12-21T21:28:58Z","""1660bcf-74-5b70025589a80""",200,"2026-09-09T13:41:08Z"
"https://listdata.thelist.tas.gov.au/opendata/data/interim_planning_scheme_overlay_statewide.gdb/a00000009.gdbtable","interim_planning_scheme_overlay_statewide.gdb/a00000009.gdbtable","a00000009.gdbtable",FALSE,802160640,,802224154,"2020-12-21T21:28:58Z","""1660bd0-2fd0f81a-5b70025589a80""",200,"2026-09-09T13:41:08Z"
"https://listdata.thelist.tas.gov.au/opendata/data/interim_planning_scheme_overlay_statewide.gdb/a00000009.gdbtablx","interim_planning_scheme_overlay_statewide.gdb/a00000009.gdbtablx","a00000009.gdbtablx",FALSE,7864320,,7889952,"2020-12-21T21:28:58Z","""1660bd1-786420-5b70025589a80""",200,"2026-09-09T13:41:08Z"
"https://listdata.thelist.tas.gov.au/opendata/data/interim_planning_scheme_overlay_statewide.gdb/a00000009.spx","interim_planning_scheme_overlay_statewide.gdb/a00000009.spx","a00000009.spx",FALSE,22020096,,21901334,"2020-12-21T21:28:58Z","""1660bd2-14e3016-5b70025589a80""",200,"2026-09-09T13:41:08Z"
"https://listdata.thelist.tas.gov.au/opendata/data/interim_planning_scheme_overlay_statewide.gdb/gdb","interim_planning_scheme_overlay_statewide.gdb/gdb","gdb",FALSE,4,,4,"2020-12-21T21:25:36Z","""1660bd3-4-5b700194e5400""",200,"2026-09-09T13:41:08Z"
"https://listdata.thelist.tas.gov.au/opendata/data/interim_planning_scheme_overlay_statewide.gdb/timestamps","interim_planning_scheme_overlay_statewide.gdb/timestamps","timestamps",FALSE,400,,400,"2020-12-21T21:28:58Z","""1660bd4-190-5b70025589a80""",200,"2026-09-09T13:41:08Z"
"https://listdata.thelist.tas.gov.au/opendata/data/interim_planning_scheme_overlay_statewide.ID","interim_planning_scheme_overlay_statewide.ID","interim_planning_scheme_overlay_statewide.ID",FALSE,6291456,"2023-01-13T15:08:00+1100",6310228,"2020-12-21T22:36:44Z","""1660b9e-604954-5b70117b2d700""",200,"2026-09-09T13:41:08Z"
"https://listdata.thelist.tas.gov.au/opendata/data/interim_planning_scheme_overlay_statewide.MAP","interim_planning_scheme_overlay_statewide.MAP","interim_planning_scheme_overlay_statewide.MAP",FALSE,528482304,"2025-07-18T10:12:00+1000",528805888,"2020-12-21T22:36:44Z","""1660b9f-1f84f000-5b70117b2d700""",200,"2026-09-09T13:41:08Z"
"https://listdata.thelist.tas.gov.au/opendata/data/interim_planning_scheme_overlay_statewide.prj","interim_planning_scheme_overlay_statewide.prj","interim_planning_scheme_overlay_statewide.prj",FALSE,408,"2023-01-13T15:09:00+1100",408,"2020-12-21T21:29:00Z","""1660ba0-198-5b70025771f00""",200,"2026-09-09T13:41:08Z"
"https://listdata.thelist.tas.gov.au/opendata/data/interim_planning_scheme_overlay_statewide.sbn","interim_planning_scheme_overlay_statewide.sbn","interim_planning_scheme_overlay_statewide.sbn",FALSE,13631488,"2026-02-10T14:24:00+1100",13236644,"2020-12-21T21:39:04Z","""1660ba1-c9f9a4-5b70049776e00""",200,"2026-09-09T13:41:08Z"
"https://listdata.thelist.tas.gov.au/opendata/data/interim_planning_scheme_overlay_statewide.sbx","interim_planning_scheme_overlay_statewide.sbx","interim_planning_scheme_overlay_statewide.sbx",FALSE,179200,"2026-02-10T14:25:00+1100",179252,"2020-12-21T21:39:04Z","""1660ba2-2bc34-5b70049776e00""",200,"2026-09-09T13:41:08Z"
"https://listdata.thelist.tas.gov.au/opendata/data/interim_planning_scheme_overlay_statewide.shp","interim_planning_scheme_overlay_statewide.shp","interim_planning_scheme_overlay_statewide.shp",FALSE,905969664,"2026-02-10T14:27:00+1100",906269548,"2020-12-21T21:37:54Z","""1660ba3-3604936c-5b700454b5080""",200,"2026-09-09T13:41:08Z"
"https://listdata.thelist.tas.gov.au/opendata/data/interim_planning_scheme_overlay_statewide.shp.xml","interim_planning_scheme_overlay_statewide.shp.xml","interim_planning_scheme_overlay_statewide.shp.xml",FALSE,10240,"2026-02-10T14:25:00+1100",10256,"2020-12-21T21:39:04Z","""1660ba4-2810-5b70049776e00""",200,"2026-09-09T13:41:08Z"
"https://listdata.thelist.tas.gov.au/opendata/data/interim_planning_scheme_overlay_statewide.shx","interim_planning_scheme_overlay_statewide.shx","interim_planning_scheme_overlay_statewide.shx",FALSE,12582912,"2026-02-10T14:26:00+1100",12620556,"2020-12-21T21:37:54Z","""1660ba5-c0930c-5b700454b5080""",200,"2026-09-09T13:41:08Z"
"https://listdata.thelist.tas.gov.au/opendata/data/interim_planning_scheme_overlay_statewide.tab","interim_planning_scheme_overlay_statewide.tab","interim_planning_scheme_overlay_statewide.tab",FALSE,464,"2026-02-10T14:27:00+1100",464,"2020-12-21T21:39:26Z","""1660ba6-1d0-5b7004ac71f80""",200,"2026-09-09T13:41:08Z"
"https://listdata.thelist.tas.gov.au/opendata/data/INTERIM_PLANNING_SCHEME_OVERLAY_STATEWIDE.zip","INTERIM_PLANNING_SCHEME_OVERLAY_STATEWIDE.zip","INTERIM_PLANNING_SCHEME_OVERLAY_STATEWIDE.zip",FALSE,34603008,"2026-02-10T14:26:00+1100",34867255,"2026-08-20T04:34:07Z","""16606af-2140837-6597307d32b26""",200,"2026-09-09T13:41:08Z"
"https://listdata.thelist.tas.gov.au/opendata/data/INTERIM_PLANNING_SCHEME_ZONE_BOUNDARIES_STATEWIDE.zip","INTERIM_PLANNING_SCHEME_ZONE_BOUNDARIES_STATEWIDE.zip","INTERIM_PLANNING_SCHEME_ZONE_BOUNDARIES_STATEWIDE.zip",FALSE,90112,"2026-02-10T14:27:00+1100",90059,"2026-08-20T04:33:25Z","""166069b-15fcb-659730554b393""",200,"2026-09-09T13:41:08Z"
"https://listdata.thelist.tas.gov.au/opendata/data/INTERIM_PLANNING_SCHEME_ZONING_STATEWIDE.zip","INTERIM_PLANNING_SCHEME_ZONING_STATEWIDE.zip","INTERIM_PLANNING_SCHEME_ZONING_STATEWIDE.zip",FALSE,3879731.2,"2026-02-10T14:27:00+1100",3924531,"2026-08-20T04:34:20Z","""16606ad-3be233-6597308971944""",200,"2026-09-09T13:41:08Z"
"https://listdata.thelist.tas.gov.au/opendata/data/LAND_POTENTIAL_SUIT_AGRIC_CIRCULAR_HEAD.zip","LAND_POTENTIAL_SUIT_AGRIC_CIRCULAR_HEAD.zip","LAND_POTENTIAL_SUIT_AGRIC_CIRCULAR_HEAD.zip",FALSE,7340032,"2026-02-10T14:28:00+1100",7348843,"2023-01-13T04:08:19Z","""1660695-70226b-5f21d623b2b9e""",200,"2026-09-09T13:41:08Z"
"https://listdata.thelist.tas.gov.au/opendata/data/LAND_POTENTIAL_SUIT_AGRIC_STATEWIDE.zip","LAND_POTENTIAL_SUIT_AGRIC_STATEWIDE.zip","LAND_POTENTIAL_SUIT_AGRIC_STATEWIDE.zip",FALSE,76546048,"2026-02-10T14:28:00+1100",76388992,"2025-07-18T00:12:21Z","""1660694-48d9a80-63a28fad34dc3""",200,"2026-09-09T13:41:08Z"
"https://listdata.thelist.tas.gov.au/opendata/data/LAND_POTENTIAL_SUIT_AGRIC_TASMAN.zip","LAND_POTENTIAL_SUIT_AGRIC_TASMAN.zip","LAND_POTENTIAL_SUIT_AGRIC_TASMAN.zip",FALSE,3355443.2,"2026-02-10T14:29:00+1100",3336703,"2023-01-13T04:09:47Z","""1660696-32e9ff-5f21d677881f2""",200,"2026-09-09T13:41:08Z"
"https://listdata.thelist.tas.gov.au/opendata/data/LAND_POTENTIALLY_SUITABLE_FOR_AGRICULTURE_STATEWIDE.zip","LAND_POTENTIALLY_SUITABLE_FOR_AGRICULTURE_STATEWIDE.zip","LAND_POTENTIALLY_SUITABLE_FOR_AGRICULTURE_STATEWIDE.zip",FALSE,24576,"2026-02-10T14:27:00+1100",24074,"2023-01-13T04:04:14Z","""1660693-5e0a-5f21d53a4ffa5""",200,"2026-09-09T13:41:08Z"
"https://listdata.thelist.tas.gov.au/opendata/data/LGA_CDC_Data_Repository_2000-2010.zip","LGA_CDC_Data_Repository_2000-2010.zip","LGA_CDC_Data_Repository_2000-2010.zip",FALSE,6606028.8,"2025-07-17T12:11:00+1000",6595979,"2020-05-12T04:14:51Z","""1660b21-64a58b-5a56bb479b7f5""",200,"2026-09-09T13:41:08Z"
"https://listdata.thelist.tas.gov.au/opendata/data/LGA_CDC_Data_Repository_2000-2015.zip","LGA_CDC_Data_Repository_2000-2015.zip","LGA_CDC_Data_Repository_2000-2015.zip",FALSE,16777216,"2025-07-17T12:11:00+1000",16835035,"2018-01-17T00:02:41Z","""1660700-100e1db-562ed90e646ac""",200,"2026-09-09T13:41:08Z"
"https://listdata.thelist.tas.gov.au/opendata/data/LGA_CDC_Data_Repository_2010-2019.zip","LGA_CDC_Data_Repository_2010-2019.zip","LGA_CDC_Data_Repository_2010-2019.zip",FALSE,10485760,"2025-07-18T09:14:00+1000",10462905,"2020-05-12T04:15:39Z","""16606a3-9fa6b9-5a56bb75790ba""",200,"2026-09-09T13:41:08Z"
"https://listdata.thelist.tas.gov.au/opendata/data/LGA_CDC_Data_Repository_2015-2017.zip","LGA_CDC_Data_Repository_2015-2017.zip","LGA_CDC_Data_Repository_2015-2017.zip",FALSE,2936012.8,"2025-07-11T08:54:00+1000",2940074,"2018-01-17T02:15:49Z","""1660702-2cdcaa-562ef6d0c3d5e""",200,"2026-09-09T13:41:08Z"
"https://listdata.thelist.tas.gov.au/opendata/data/LGA_CDC_Data_Repository_2015-2018.zip","LGA_CDC_Data_Repository_2015-2018.zip","LGA_CDC_Data_Repository_2015-2018.zip",FALSE,4508876.8,"2025-07-17T13:07:00+1000",4459144,"2019-08-28T22:25:57Z","""166096e-440a88-59134df7a34db""",200,"2026-09-09T13:41:08Z"
"https://listdata.thelist.tas.gov.au/opendata/data/LGA_CDC_Data_Repository_2015-2020.zip","LGA_CDC_Data_Repository_2015-2020.zip","LGA_CDC_Data_Repository_2015-2020.zip",FALSE,7340032,"2025-07-17T13:08:00+1000",7320430,"2021-04-23T05:01:40Z","""1660c18-6fb36e-5c09cb0fecd87""",200,"2026-09-09T13:41:08Z"
"https://listdata.thelist.tas.gov.au/opendata/data/LGA_CDC_Data_Repository_2015-2021.zip","LGA_CDC_Data_Repository_2015-2021.zip","LGA_CDC_Data_Repository_2015-2021.zip",FALSE,9227468.8,"2025-07-17T12:49:00+1000",9216436,"2022-03-07T23:08:26Z","""1660c29-8ca1b4-5d9a8f118bb56""",200,"2026-09-09T13:41:08Z"
"https://listdata.thelist.tas.gov.au/opendata/data/LGA_CDC_Data_Repository_2015-2022.zip","LGA_CDC_Data_Repository_2015-2022.zip","LGA_CDC_Data_Repository_2015-2022.zip",FALSE,10485760,"2025-07-17T13:04:00+1000",10927784,"2023-06-29T01:40:32Z","""1660495-a6bea8-5ff3ac92e6561""",200,"2026-09-09T13:41:08Z"
"https://listdata.thelist.tas.gov.au/opendata/data/LGA_CDC_Data_Repository_2015-2024.zip","LGA_CDC_Data_Repository_2015-2024.zip","LGA_CDC_Data_Repository_2015-2024.zip",FALSE,13631488,"2025-07-17T13:06:00+1000",13108872,"2025-03-31T23:40:08Z","""1660c89-c80688-631abf0bbded3""",200,"2026-09-09T13:41:08Z"
"https://listdata.thelist.tas.gov.au/opendata/data/LGA_CDC_Data_Repository_2015-2025.zip","LGA_CDC_Data_Repository_2015-2025.zip","LGA_CDC_Data_Repository_2015-2025.zip",FALSE,13631488,"2025-07-17T12:50:00+1000",13432951,"2026-02-10T03:21:33Z","""1660c94-ccf877-64a6fc0a16d82""",200,"2026-09-09T13:41:08Z"
"https://listdata.thelist.tas.gov.au/opendata/data/LGA_CDCS_BREAK_O_DAY.zip","LGA_CDCS_BREAK_O_DAY.zip","LGA_CDCS_BREAK_O_DAY.zip",FALSE,17825792,"2026-02-10T14:29:00+1100",17653332,"2026-02-10T03:24:58Z","""166057d-10d5e54-64a6fcccf130f""",200,"2026-09-09T13:41:08Z"
"https://listdata.thelist.tas.gov.au/opendata/data/LGA_CDCS_BRIGHTON.zip","LGA_CDCS_BRIGHTON.zip","LGA_CDCS_BRIGHTON.zip",FALSE,17825792,"2026-02-10T14:29:00+1100",18105389,"2026-02-10T03:25:06Z","""166057e-114442d-64a6fcd5232e6""",200,"2026-09-09T13:41:08Z"
"https://listdata.thelist.tas.gov.au/opendata/data/LGA_CDCS_BURNIE.zip","LGA_CDCS_BURNIE.zip","LGA_CDCS_BURNIE.zip",FALSE,17825792,"2026-02-10T14:29:00+1100",18102040,"2026-02-10T03:27:07Z","""166057f-1143718-64a6fd48ad907""",200,"2026-09-09T13:41:08Z"
"https://listdata.thelist.tas.gov.au/opendata/data/LGA_CDCS_CENTRAL_COAST.zip","LGA_CDCS_CENTRAL_COAST.zip","LGA_CDCS_CENTRAL_COAST.zip",FALSE,18874368,"2026-02-10T14:29:00+1100",18422844,"2026-02-10T03:25:16Z","""1660665-1191c3c-64a6fcde9a520""",200,"2026-09-09T13:41:08Z"
"https://listdata.thelist.tas.gov.au/opendata/data/LGA_CDCS_CENTRAL_HIGHLANDS.zip","LGA_CDCS_CENTRAL_HIGHLANDS.zip","LGA_CDCS_CENTRAL_HIGHLANDS.zip",FALSE,17825792,"2026-02-10T14:30:00+1100",18072456,"2026-02-10T03:26:15Z","""166069f-113c388-64a6fd1673505""",200,"2026-09-09T13:41:08Z"
"https://listdata.thelist.tas.gov.au/opendata/data/LGA_CDCS_CIRCULAR_HEAD.zip","LGA_CDCS_CIRCULAR_HEAD.zip","LGA_CDCS_CIRCULAR_HEAD.zip",FALSE,18874368,"2026-02-10T14:30:00+1100",18409463,"2026-02-10T03:27:22Z","""16606a0-118e7f7-64a6fd561a5bf""",200,"2026-09-09T13:41:08Z"
"https://listdata.thelist.tas.gov.au/opendata/data/LGA_CDCS_CLARENCE.zip","LGA_CDCS_CLARENCE.zip","LGA_CDCS_CLARENCE.zip",FALSE,18874368,"2026-02-10T14:30:00+1100",18413510,"2026-02-10T03:26:48Z","""16606a1-118f7c6-64a6fd35f0f5d""",200,"2026-09-09T13:41:08Z"
"https://listdata.thelist.tas.gov.au/opendata/data/LGA_CDCS_DERWENT_VALLEY.zip","LGA_CDCS_DERWENT_VALLEY.zip","LGA_CDCS_DERWENT_VALLEY.zip",FALSE,17825792,"2026-02-10T14:30:00+1100",18287331,"2026-02-10T03:27:31Z","""16606b2-1170ae3-64a6fd5f53151""",200,"2026-09-09T13:41:08Z"
"https://listdata.thelist.tas.gov.au/opendata/data/LGA_CDCS_DEVONPORT.zip","LGA_CDCS_DEVONPORT.zip","LGA_CDCS_DEVONPORT.zip",FALSE,17825792,"2026-02-10T14:30:00+1100",18237300,"2026-02-10T03:27:45Z","""16606b3-1164774-64a6fd6c0fcd3""",200,"2026-09-09T13:41:08Z"
"https://listdata.thelist.tas.gov.au/opendata/data/LGA_CDCS_DORSET.zip","LGA_CDCS_DORSET.zip","LGA_CDCS_DORSET.zip",FALSE,17825792,"2026-02-10T14:30:00+1100",17682013,"2026-02-10T03:27:56Z","""16606b4-10dce5d-64a6fd76eaf06""",200,"2026-09-09T13:41:08Z"
"https://listdata.thelist.tas.gov.au/opendata/data/LGA_CDCS_FLINDERS.zip","LGA_CDCS_FLINDERS.zip","LGA_CDCS_FLINDERS.zip",FALSE,17825792,"2026-02-10T14:31:00+1100",18295776,"2026-02-10T03:28:04Z","""16606b6-1172be0-64a6fd7eb8424""",200,"2026-09-09T13:41:08Z"
"https://listdata.thelist.tas.gov.au/opendata/data/LGA_CDCS_GEORGE_TOWN.zip","LGA_CDCS_GEORGE_TOWN.zip","LGA_CDCS_GEORGE_TOWN.zip",FALSE,18874368,"2026-02-10T14:31:00+1100",18601344,"2026-02-10T03:28:15Z","""16606b7-11bd580-64a6fd88e22f1""",200,"2026-09-09T13:41:08Z"
"https://listdata.thelist.tas.gov.au/opendata/data/LGA_CDCS_GLAMORGAN_SPRING_BAY.zip","LGA_CDCS_GLAMORGAN_SPRING_BAY.zip","LGA_CDCS_GLAMORGAN_SPRING_BAY.zip",FALSE,18874368,"2026-02-10T14:31:00+1100",18383294,"2026-02-10T03:29:09Z","""16606b8-11881be-64a6fdbc36413""",200,"2026-09-09T13:41:08Z"
"https://listdata.thelist.tas.gov.au/opendata/data/LGA_CDCS_GLENORCHY.zip","LGA_CDCS_GLENORCHY.zip","LGA_CDCS_GLENORCHY.zip",FALSE,18874368,"2026-02-10T14:31:00+1100",18971788,"2026-02-10T03:29:16Z","""16606b9-1217c8c-64a6fdc371c3c""",200,"2026-09-09T13:41:08Z"
"https://listdata.thelist.tas.gov.au/opendata/data/LGA_CDCS_HOBART.zip","LGA_CDCS_HOBART.zip","LGA_CDCS_HOBART.zip",FALSE,13631488,"2026-02-10T14:32:00+1100",13722988,"2026-02-10T03:29:25Z","""16606ba-d1656c-64a6fdcbdfcec""",200,"2026-09-09T13:41:08Z"
"https://listdata.thelist.tas.gov.au/opendata/data/LGA_CDCS_HUON_VALLEY.zip","LGA_CDCS_HUON_VALLEY.zip","LGA_CDCS_HUON_VALLEY.zip",FALSE,17825792,"2026-02-10T14:32:00+1100",18290694,"2026-02-10T03:29:39Z","""16606bb-1171806-64a6fdd946f84""",200,"2026-09-09T13:41:08Z"
"https://listdata.thelist.tas.gov.au/opendata/data/LGA_CDCS_KENTISH.zip","LGA_CDCS_KENTISH.zip","LGA_CDCS_KENTISH.zip",FALSE,17825792,"2020-05-12T14:14:00+1000",18249442,"2026-02-10T03:29:50Z","""16606bc-11676e2-64a6fde404378""",200,"2026-09-09T13:41:08Z"
"https://listdata.thelist.tas.gov.au/opendata/data/LGA_CDCS_KING_ISLAND.zip","LGA_CDCS_KING_ISLAND.zip","LGA_CDCS_KING_ISLAND.zip",FALSE,17825792,"2020-05-12T14:15:00+1000",17924538,"2026-02-10T03:30:02Z","""16606bd-11181ba-64a6fdeefac4c""",200,"2026-09-09T13:41:08Z"
"https://listdata.thelist.tas.gov.au/opendata/data/LGA_CDCS_KINGBOROUGH.zip","LGA_CDCS_KINGBOROUGH.zip","LGA_CDCS_KINGBOROUGH.zip",FALSE,18874368,"2018-01-17T11:02:00+1100",18436147,"2026-02-10T03:30:12Z","""16606bf-1195033-64a6fdf846dd3""",200,"2026-09-09T13:41:08Z"
"https://listdata.thelist.tas.gov.au/opendata/data/LGA_CDCS_LATROBE.zip","LGA_CDCS_LATROBE.zip","LGA_CDCS_LATROBE.zip",FALSE,17825792,"2018-01-17T13:15:00+1100",18261033,"2026-02-10T03:30:20Z","""16606c0-116a429-64a6fe00aa93a""",200,"2026-09-09T13:41:08Z"
"https://listdata.thelist.tas.gov.au/opendata/data/LGA_CDCS_LAUNCESTON.zip","LGA_CDCS_LAUNCESTON.zip","LGA_CDCS_LAUNCESTON.zip",FALSE,19922944,"2019-08-29T08:25:00+1000",19463247,"2026-02-10T03:30:28Z","""16606c1-128fc4f-64a6fe085f41c""",200,"2026-09-09T13:41:08Z"
"https://listdata.thelist.tas.gov.au/opendata/data/LGA_CDCS_MEANDER_VALLEY.zip","LGA_CDCS_MEANDER_VALLEY.zip","LGA_CDCS_MEANDER_VALLEY.zip",FALSE,18874368,"2021-04-23T15:01:00+1000",18675654,"2026-02-10T03:30:48Z","""1660c81-11cf7c6-64a6fe1aac20a""",200,"2026-09-09T13:41:08Z"
"https://listdata.thelist.tas.gov.au/opendata/data/LGA_CDCS_NORTHERN_MIDLANDS.zip","LGA_CDCS_NORTHERN_MIDLANDS.zip","LGA_CDCS_NORTHERN_MIDLANDS.zip",FALSE,18874368,"2022-03-08T10:08:00+1100",18654145,"2026-02-10T03:30:58Z","""1660c82-11ca3c1-64a6fe24c5f42""",200,"2026-09-09T13:41:08Z"
"https://listdata.thelist.tas.gov.au/opendata/data/LGA_CDCS_SORELL.zip","LGA_CDCS_SORELL.zip","LGA_CDCS_SORELL.zip",FALSE,17825792,"2023-06-29T11:40:00+1000",18015403,"2026-02-10T03:31:23Z","""166056c-112e4ab-64a6fe3c33082""",200,"2026-09-09T13:41:08Z"
"https://listdata.thelist.tas.gov.au/opendata/data/LGA_CDCS_SOUTHERN_MIDLANDS.zip","LGA_CDCS_SOUTHERN_MIDLANDS.zip","LGA_CDCS_SOUTHERN_MIDLANDS.zip",FALSE,17825792,"2025-04-01T10:40:00+1100",18125776,"2026-02-10T03:31:32Z","""166056d-11493d0-64a6fe44c5735""",200,"2026-09-09T13:41:08Z"
"https://listdata.thelist.tas.gov.au/opendata/data/LGA_CDCS_TASMAN.zip","LGA_CDCS_TASMAN.zip","LGA_CDCS_TASMAN.zip",FALSE,18874368,"2026-02-10T14:21:00+1100",18488401,"2026-02-10T03:31:45Z","""166056e-11a1c51-64a6fe51ce828""",200,"2026-09-09T13:41:08Z"
"https://listdata.thelist.tas.gov.au/opendata/data/LGA_CDCS_WARATAH_WYNYARD.zip","LGA_CDCS_WARATAH_WYNYARD.zip","LGA_CDCS_WARATAH_WYNYARD.zip",FALSE,17825792,"2025-07-17T14:59:00+1000",17394920,"2026-02-10T03:31:54Z","""1660579-1096ce8-64a6fe59d5b3f""",200,"2026-09-09T13:41:08Z"
"https://listdata.thelist.tas.gov.au/opendata/data/LGA_CDCS_WEST_COAST.zip","LGA_CDCS_WEST_COAST.zip","LGA_CDCS_WEST_COAST.zip",FALSE,18874368,"2025-07-18T09:14:00+1000",18519683,"2026-02-10T03:32:05Z","""166057b-11a9683-64a6fe6452549""",200,"2026-09-09T13:41:08Z"
"https://listdata.thelist.tas.gov.au/opendata/data/LGA_CDCS_WEST_TAMAR.zip","LGA_CDCS_WEST_TAMAR.zip","LGA_CDCS_WEST_TAMAR.zip",FALSE,18874368,"2025-07-11T08:54:00+1000",18701911,"2026-02-10T03:32:18Z","""166057c-11d5e57-64a6fe70d8033""",200,"2026-09-09T13:41:08Z"
"https://listdata.thelist.tas.gov.au/opendata/data/LIDAR_FORESTRY_TASMANIA_INDEX_STATEWIDE.zip","LIDAR_FORESTRY_TASMANIA_INDEX_STATEWIDE.zip","LIDAR_FORESTRY_TASMANIA_INDEX_STATEWIDE.zip",FALSE,2621440,"2025-07-17T13:10:00+1000",2636644,"2025-07-17T04:59:59Z","""1660bf9-283b64-63a18e1a0ff17""",200,"2026-09-09T13:41:08Z"
"https://listdata.thelist.tas.gov.au/opendata/data/LIDAR_INDEX_ALL_PROJECTS_STATEWIDE.zip","LIDAR_INDEX_ALL_PROJECTS_STATEWIDE.zip","LIDAR_INDEX_ALL_PROJECTS_STATEWIDE.zip",FALSE,2831155.2,"2025-07-17T13:07:00+1000",2820958,"2025-07-17T23:14:45Z","""1660574-2b0b5e-63a282cce3ace""",200,"2026-09-09T13:41:08Z"
"https://listdata.thelist.tas.gov.au/opendata/data/LIDAR_INDEX_CLIMATE_FUTURES_STATEWIDE.zip","LIDAR_INDEX_CLIMATE_FUTURES_STATEWIDE.zip","LIDAR_INDEX_CLIMATE_FUTURES_STATEWIDE.zip",FALSE,1048576,"2025-07-17T13:05:00+1000",1065460,"2025-07-10T22:54:46Z","""1660bf6-1041f4-6399b1480efce""",200,"2026-09-09T13:41:08Z"
"https://listdata.thelist.tas.gov.au/opendata/data/LIDAR_INDEX_COAL_MINES_PORT_ARTHUR_STATEWIDE.zip","LIDAR_INDEX_COAL_MINES_PORT_ARTHUR_STATEWIDE.zip","LIDAR_INDEX_COAL_MINES_PORT_ARTHUR_STATEWIDE.zip",FALSE,35840,"2025-07-17T12:50:00+1000",35852,"2025-07-17T02:11:57Z","""1660bf8-8c0c-63a1688b13531""",200,"2026-09-09T13:41:08Z"
"https://listdata.thelist.tas.gov.au/opendata/data/LIDAR_INDEX_DPAC_COASTAL_STATEWIDE.zip","LIDAR_INDEX_DPAC_COASTAL_STATEWIDE.zip","LIDAR_INDEX_DPAC_COASTAL_STATEWIDE.zip",FALSE,104448,"2025-07-17T13:00:00+1000",104710,"2025-07-17T02:11:51Z","""1660bf7-19906-63a16885ae5c6""",200,"2026-09-09T13:41:08Z"
"https://listdata.thelist.tas.gov.au/opendata/data/LIDAR_INDEX_LATEST_STATEWIDE.zip","LIDAR_INDEX_LATEST_STATEWIDE.zip","LIDAR_INDEX_LATEST_STATEWIDE.zip",FALSE,2202009.6,"2025-07-17T13:02:00+1000",2166347,"2025-07-17T23:14:52Z","""1660666-210e4b-63a282d39c1d1""",200,"2026-09-09T13:41:08Z"
"https://listdata.thelist.tas.gov.au/opendata/data/LIDAR_INDEX_MT_WELLINGTON_STATEWIDE.zip","LIDAR_INDEX_MT_WELLINGTON_STATEWIDE.zip","LIDAR_INDEX_MT_WELLINGTON_STATEWIDE.zip",FALSE,59392,"2025-07-17T13:06:00+1000",59053,"2025-07-10T22:54:35Z","""1660bf5-e6ad-6399b13d15e5d""",200,"2026-09-09T13:41:08Z"
"https://listdata.thelist.tas.gov.au/opendata/data/LIST_10M_CONTOURS_BREAK_O_DAY.zip","LIST_10M_CONTOURS_BREAK_O_DAY.zip","LIST_10M_CONTOURS_BREAK_O_DAY.zip",FALSE,140509184,"2025-07-10T08:36:00+1000",140115381,"2025-07-09T22:48:29Z","""1660499-859fdb5-63986e02b472f""",200,"2026-09-09T13:41:08Z"
"https://listdata.thelist.tas.gov.au/opendata/data/LIST_10M_CONTOURS_BRIGHTON.zip","LIST_10M_CONTOURS_BRIGHTON.zip","LIST_10M_CONTOURS_BRIGHTON.zip",FALSE,5347737.6,"2025-07-10T08:38:00+1000",5381131,"2025-07-09T22:48:46Z","""166049a-521c0b-63986e1296748""",200,"2026-09-09T13:41:08Z"
"https://listdata.thelist.tas.gov.au/opendata/data/LIST_10M_CONTOURS_BURNIE.zip","LIST_10M_CONTOURS_BURNIE.zip","LIST_10M_CONTOURS_BURNIE.zip",FALSE,23068672,"2025-07-10T08:33:00+1000",23487449,"2025-07-09T22:33:52Z","""166049b-16663d9-63986abe792d1""",200,"2026-09-09T13:41:08Z"
"https://listdata.thelist.tas.gov.au/opendata/data/LIST_10M_CONTOURS_CENTRAL_COAST.zip","LIST_10M_CONTOURS_CENTRAL_COAST.zip","LIST_10M_CONTOURS_CENTRAL_COAST.zip",FALSE,42991616,"2025-07-10T08:36:00+1000",42723720,"2025-07-09T22:44:26Z","""166049c-28be988-63986d1a6a2d8""",200,"2026-09-09T13:41:08Z"
"https://listdata.thelist.tas.gov.au/opendata/data/LIST_10M_CONTOURS_CENTRAL_HIGHLANDS.zip","LIST_10M_CONTOURS_CENTRAL_HIGHLANDS.zip","LIST_10M_CONTOURS_CENTRAL_HIGHLANDS.zip",FALSE,167772160,"2025-07-10T08:38:00+1000",167332288,"2025-07-09T22:46:41Z","""166049d-9f949c0-63986d9b53267""",200,"2026-09-09T13:41:08Z"
"https://listdata.thelist.tas.gov.au/opendata/data/LIST_10M_CONTOURS_CIRCULAR_HEAD.zip","LIST_10M_CONTOURS_CIRCULAR_HEAD.zip","LIST_10M_CONTOURS_CIRCULAR_HEAD.zip",FALSE,106954752,"2025-07-10T08:40:00+1000",107380422,"2025-07-09T22:34:32Z","""166049e-6667ec6-63986ae4b32e7""",200,"2026-09-09T13:41:08Z"
"https://listdata.thelist.tas.gov.au/opendata/data/LIST_10M_CONTOURS_CLARENCE.zip","LIST_10M_CONTOURS_CLARENCE.zip","LIST_10M_CONTOURS_CLARENCE.zip",FALSE,15728640,"2025-07-10T08:37:00+1000",15484410,"2025-07-09T22:49:04Z","""166049f-ec45fa-63986e239fc7c""",200,"2026-09-09T13:41:08Z"
"https://listdata.thelist.tas.gov.au/opendata/data/LIST_10M_CONTOURS_DERWENT_VALLEY.zip","LIST_10M_CONTOURS_DERWENT_VALLEY.zip","LIST_10M_CONTOURS_DERWENT_VALLEY.zip",FALSE,198180864,"2025-07-10T08:39:00+1000",198482876,"2025-07-09T22:47:46Z","""16604a0-bd49bbc-63986dda0547e""",200,"2026-09-09T13:41:08Z"
"https://listdata.thelist.tas.gov.au/opendata/data/LIST_10M_CONTOURS_DEVONPORT.zip","LIST_10M_CONTOURS_DEVONPORT.zip","LIST_10M_CONTOURS_DEVONPORT.zip",FALSE,3984588.8,"2025-07-10T08:38:00+1000",4011616,"2025-07-09T22:44:39Z","""16604a1-3d3660-63986d27a8dea""",200,"2026-09-09T13:41:08Z"
"https://listdata.thelist.tas.gov.au/opendata/data/LIST_10M_CONTOURS_DORSET.zip","LIST_10M_CONTOURS_DORSET.zip","LIST_10M_CONTOURS_DORSET.zip",FALSE,74448896,"2025-07-10T08:43:00+1000",74746525,"2025-07-09T22:35:03Z","""16604a2-4748a9d-63986b02641a0""",200,"2026-09-09T13:41:08Z"
"https://listdata.thelist.tas.gov.au/opendata/data/LIST_10M_CONTOURS_FLINDERS.zip","LIST_10M_CONTOURS_FLINDERS.zip","LIST_10M_CONTOURS_FLINDERS.zip",FALSE,54525952,"2025-07-10T08:44:00+1000",54152876,"2025-07-09T22:40:04Z","""16604a3-33a4eac-63986c209bebe""",200,"2026-09-09T13:41:08Z"
"https://listdata.thelist.tas.gov.au/opendata/data/LIST_10M_CONTOURS_GEORGE_TOWN.zip","LIST_10M_CONTOURS_GEORGE_TOWN.zip","LIST_10M_CONTOURS_GEORGE_TOWN.zip",FALSE,11534336,"2025-07-10T08:39:00+1000",11725425,"2025-07-09T22:43:04Z","""16604a4-b2ea71-63986ccca0cfa""",200,"2026-09-09T13:41:08Z"
"https://listdata.thelist.tas.gov.au/opendata/data/LIST_10M_CONTOURS_GLAMORGAN_SPRING_BAY.zip","LIST_10M_CONTOURS_GLAMORGAN_SPRING_BAY.zip","LIST_10M_CONTOURS_GLAMORGAN_SPRING_BAY.zip",FALSE,85983232,"2025-07-10T08:37:00+1000",86235030,"2025-07-09T22:45:34Z","""16604a5-523d796-63986d5c216d1""",200,"2026-09-09T13:41:08Z"
"https://listdata.thelist.tas.gov.au/opendata/data/LIST_10M_CONTOURS_GLENORCHY.zip","LIST_10M_CONTOURS_GLENORCHY.zip","LIST_10M_CONTOURS_GLENORCHY.zip",FALSE,6396313.6,"2025-07-10T08:36:00+1000",6424996,"2025-07-09T22:36:44Z","""16604a6-6209a4-63986b62a3626""",200,"2026-09-09T13:41:08Z"
"https://listdata.thelist.tas.gov.au/opendata/data/LIST_10M_CONTOURS_HOBART.zip","LIST_10M_CONTOURS_HOBART.zip","LIST_10M_CONTOURS_HOBART.zip",FALSE,4404019.2,"2025-07-10T08:42:00+1000",4456346,"2025-07-09T22:38:21Z","""16604a7-43ff9a-63986bbe81079""",200,"2026-09-09T13:41:08Z"
"https://listdata.thelist.tas.gov.au/opendata/data/LIST_10M_CONTOURS_HUON_VALLEY.zip","LIST_10M_CONTOURS_HUON_VALLEY.zip","LIST_10M_CONTOURS_HUON_VALLEY.zip",FALSE,295698432,"2025-07-10T08:44:00+1000",295962357,"2025-07-09T22:33:32Z","""16604a8-11a406f5-63986aab5d33a""",200,"2026-09-09T13:41:08Z"
"https://listdata.thelist.tas.gov.au/opendata/data/LIST_10M_CONTOURS_KENTISH.zip","LIST_10M_CONTOURS_KENTISH.zip","LIST_10M_CONTOURS_KENTISH.zip",FALSE,44040192,"2019-07-04T10:07:00+1000",43581164,"2025-07-09T22:36:28Z","""16604a9-298feec-63986b5343ec4""",200,"2026-09-09T13:41:08Z"
"https://listdata.thelist.tas.gov.au/opendata/data/LIST_10M_CONTOURS_KING_ISLAND.zip","LIST_10M_CONTOURS_KING_ISLAND.zip","LIST_10M_CONTOURS_KING_ISLAND.zip",FALSE,20971520,"2025-07-11T08:52:00+1000",20558489,"2025-07-09T22:40:22Z","""16604aa-139b299-63986c322dc7f""",200,"2026-09-09T13:41:08Z"
"https://listdata.thelist.tas.gov.au/opendata/data/LIST_10M_CONTOURS_KINGBOROUGH.zip","LIST_10M_CONTOURS_KINGBOROUGH.zip","LIST_10M_CONTOURS_KINGBOROUGH.zip",FALSE,27262976,"2025-07-11T08:39:00+1000",27648081,"2025-07-09T22:38:42Z","""16604ab-1a5e051-63986bd27e688""",200,"2026-09-09T13:41:08Z"
"https://listdata.thelist.tas.gov.au/opendata/data/LIST_10M_CONTOURS_LATROBE.zip","LIST_10M_CONTOURS_LATROBE.zip","LIST_10M_CONTOURS_LATROBE.zip",FALSE,14680064,"2025-07-11T08:54:00+1000",15045297,"2025-07-09T22:37:21Z","""16604ac-e592b1-63986b85e9957""",200,"2026-09-09T13:41:08Z"
"https://listdata.thelist.tas.gov.au/opendata/data/LIST_10M_CONTOURS_LAUNCESTON.zip","LIST_10M_CONTOURS_LAUNCESTON.zip","LIST_10M_CONTOURS_LAUNCESTON.zip",FALSE,35651584,"2025-07-11T08:50:00+1000",35949731,"2025-07-09T22:39:04Z","""16604ad-2248ca3-63986be824989""",200,"2026-09-09T13:41:08Z"
"https://listdata.thelist.tas.gov.au/opendata/data/LIST_10M_CONTOURS_MEANDER_VALLEY.zip","LIST_10M_CONTOURS_MEANDER_VALLEY.zip","LIST_10M_CONTOURS_MEANDER_VALLEY.zip",FALSE,117440512,"2025-07-11T08:50:00+1000",117835587,"2025-07-09T22:38:05Z","""16604ae-7060743-63986bafc7ef8""",200,"2026-09-09T13:41:08Z"
"https://listdata.thelist.tas.gov.au/opendata/data/LIST_10M_CONTOURS_NORTHERN_MIDLANDS.zip","LIST_10M_CONTOURS_NORTHERN_MIDLANDS.zip","LIST_10M_CONTOURS_NORTHERN_MIDLANDS.zip",FALSE,102760448,"2025-07-11T08:40:00+1000",102879045,"2025-07-09T22:43:44Z","""16604af-621cf45-63986cf2cfe83""",200,"2026-09-09T13:41:08Z"
"https://listdata.thelist.tas.gov.au/opendata/data/LIST_10M_CONTOURS_SORELL.zip","LIST_10M_CONTOURS_SORELL.zip","LIST_10M_CONTOURS_SORELL.zip",FALSE,16777216,"2025-07-11T08:48:00+1000",16870305,"2025-07-09T22:44:02Z","""16604b0-1016ba1-63986d042ad64""",200,"2026-09-09T13:41:08Z"
"https://listdata.thelist.tas.gov.au/opendata/data/LIST_10M_CONTOURS_SOUTHERN_MIDLANDS.zip","LIST_10M_CONTOURS_SOUTHERN_MIDLANDS.zip","LIST_10M_CONTOURS_SOUTHERN_MIDLANDS.zip",FALSE,63963136,"2025-07-11T08:49:00+1000",64464698,"2025-07-09T22:39:35Z","""16604b1-3d7a73a-63986c0548f51""",200,"2026-09-09T13:41:08Z"
"https://listdata.thelist.tas.gov.au/opendata/data/LIST_10M_CONTOURS_TASMAN.zip","LIST_10M_CONTOURS_TASMAN.zip","LIST_10M_CONTOURS_TASMAN.zip",FALSE,25165824,"2025-07-11T08:41:00+1000",25126612,"2025-07-09T22:37:03Z","""16604b2-17f66d4-63986b73f8e46""",200,"2026-09-09T13:41:08Z"
"https://listdata.thelist.tas.gov.au/opendata/data/LIST_10M_CONTOURS_WARATAH_WYNYARD.zip","LIST_10M_CONTOURS_WARATAH_WYNYARD.zip","LIST_10M_CONTOURS_WARATAH_WYNYARD.zip",FALSE,138412032,"2025-07-11T08:50:00+1000",138850179,"2025-07-09T22:36:01Z","""16604b3-846af83-63986b39bcf9e""",200,"2026-09-09T13:41:08Z"
"https://listdata.thelist.tas.gov.au/opendata/data/LIST_10M_CONTOURS_WEST_COAST.zip","LIST_10M_CONTOURS_WEST_COAST.zip","LIST_10M_CONTOURS_WEST_COAST.zip",FALSE,523239424,"2025-07-11T08:49:00+1000",522969602,"2025-07-09T22:42:47Z","""16604b4-1f2be202-63986cbcb8b60""",200,"2026-09-09T13:41:08Z"
"https://listdata.thelist.tas.gov.au/opendata/data/LIST_10M_CONTOURS_WEST_TAMAR.zip","LIST_10M_CONTOURS_WEST_TAMAR.zip","LIST_10M_CONTOURS_WEST_TAMAR.zip",FALSE,18874368,"2025-07-11T08:48:00+1000",18573501,"2025-07-09T22:44:57Z","""16604b5-11b68bd-63986d387519f""",200,"2026-09-09T13:41:08Z"
"https://listdata.thelist.tas.gov.au/opendata/data/LIST_2D_BUILDING_POLYS_BREAK_O_DAY.zip","LIST_2D_BUILDING_POLYS_BREAK_O_DAY.zip","LIST_2D_BUILDING_POLYS_BREAK_O_DAY.zip",FALSE,17825792,"2025-07-17T12:53:00+1000",18143068,"2025-07-17T03:07:56Z","""1660668-114d75c-63a1750f26de7""",200,"2026-09-09T13:41:08Z"
"https://listdata.thelist.tas.gov.au/opendata/data/LIST_2D_BUILDING_POLYS_BRIGHTON.zip","LIST_2D_BUILDING_POLYS_BRIGHTON.zip","LIST_2D_BUILDING_POLYS_BRIGHTON.zip",FALSE,20971520,"2025-07-17T12:56:00+1000",20769222,"2025-07-17T03:08:31Z","""1660669-13ce9c6-63a175307531b""",200,"2026-09-09T13:41:08Z"
"https://listdata.thelist.tas.gov.au/opendata/data/LIST_2D_BUILDING_POLYS_BURNIE.zip","LIST_2D_BUILDING_POLYS_BURNIE.zip","LIST_2D_BUILDING_POLYS_BURNIE.zip",FALSE,25165824,"2025-07-17T12:48:00+1000",25402202,"2025-07-17T02:49:27Z","""166066a-1839b5a-63a170ed091ed""",200,"2026-09-09T13:41:08Z"
"https://listdata.thelist.tas.gov.au/opendata/data/LIST_2D_BUILDING_POLYS_CENTRAL_COAST.zip","LIST_2D_BUILDING_POLYS_CENTRAL_COAST.zip","LIST_2D_BUILDING_POLYS_CENTRAL_COAST.zip",FALSE,33554432,"2025-07-17T12:51:00+1000",33566139,"2025-07-17T03:04:19Z","""166066b-2002dbb-63a1743ff2e5f""",200,"2026-09-09T13:41:08Z"
"https://listdata.thelist.tas.gov.au/opendata/data/LIST_2D_BUILDING_POLYS_CENTRAL_HIGHLANDS.zip","LIST_2D_BUILDING_POLYS_CENTRAL_HIGHLANDS.zip","LIST_2D_BUILDING_POLYS_CENTRAL_HIGHLANDS.zip",FALSE,12582912,"2025-07-17T12:57:00+1000",12985217,"2025-07-17T03:06:50Z","""166066c-c62381-63a174cfb7f25""",200,"2026-09-09T13:41:08Z"
"https://listdata.thelist.tas.gov.au/opendata/data/LIST_2D_BUILDING_POLYS_CIRCULAR_HEAD.zip","LIST_2D_BUILDING_POLYS_CIRCULAR_HEAD.zip","LIST_2D_BUILDING_POLYS_CIRCULAR_HEAD.zip",FALSE,25165824,"2025-07-17T13:00:00+1000",25259362,"2025-07-17T02:50:13Z","""166066d-1816d62-63a17118c57fc""",200,"2026-09-09T13:41:08Z"
"https://listdata.thelist.tas.gov.au/opendata/data/list_2d_building_polys_clarence.gdb/","list_2d_building_polys_clarence.gdb/","list_2d_building_polys_clarence.gdb/",TRUE,,"2026-08-20T10:09:00+1000",,,,,"2026-09-09T13:41:08Z"
"https://listdata.thelist.tas.gov.au/opendata/data/list_2d_building_polys_clarence.gdb/_gdb.12003DEDILS.3404.11672.sr.lock","list_2d_building_polys_clarence.gdb/_gdb.12003DEDILS.3404.11672.sr.lock","_gdb.12003DEDILS.3404.11672.sr.lock",FALSE,0,,,"2017-12-18T21:23:00Z","""16606fd-0-560a3f46d63e3""",200,"2026-09-09T13:41:08Z"
"https://listdata.thelist.tas.gov.au/opendata/data/list_2d_building_polys_clarence.gdb/a00000001.freelist","list_2d_building_polys_clarence.gdb/a00000001.freelist","a00000001.freelist",FALSE,4403.2,"2017-12-13T18:07:00+1100",4440,"2017-12-13T07:07:11Z","""16606ce-1158-560336a9a0406""",200,"2026-09-09T13:41:08Z"
"https://listdata.thelist.tas.gov.au/opendata/data/list_2d_building_polys_clarence.gdb/a00000001.gdbindexes","list_2d_building_polys_clarence.gdb/a00000001.gdbindexes","a00000001.gdbindexes",FALSE,110,"2015-12-06T10:05:00+1100",110,"2015-12-05T23:05:16Z","""16606cf-6e-5262ea83b423f""",200,"2026-09-09T13:41:08Z"
"https://listdata.thelist.tas.gov.au/opendata/data/list_2d_building_polys_clarence.gdb/a00000001.gdbtable","list_2d_building_polys_clarence.gdb/a00000001.gdbtable","a00000001.gdbtable",FALSE,342,"2017-12-13T18:07:00+1100",342,"2017-12-13T07:07:11Z","""16606d0-156-560336a99c716""",200,"2026-09-09T13:41:08Z"
"https://listdata.thelist.tas.gov.au/opendata/data/list_2d_building_polys_clarence.gdb/a00000001.gdbtablx","list_2d_building_polys_clarence.gdb/a00000001.gdbtablx","a00000001.gdbtablx",FALSE,5120,"2017-12-13T18:07:00+1100",5152,"2017-12-13T07:07:11Z","""16606d1-1420-560336a99c716""",200,"2026-09-09T13:41:08Z"
"https://listdata.thelist.tas.gov.au/opendata/data/list_2d_building_polys_clarence.gdb/a00000001.TablesByName.atx","list_2d_building_polys_clarence.gdb/a00000001.TablesByName.atx","a00000001.TablesByName.atx",FALSE,4096,"2017-12-13T18:07:00+1100",4118,"2017-12-13T07:07:11Z","""16606d2-1016-560336a9a0406""",200,"2026-09-09T13:41:08Z"
"https://listdata.thelist.tas.gov.au/opendata/data/list_2d_building_polys_clarence.gdb/a00000002.gdbtable","list_2d_building_polys_clarence.gdb/a00000002.gdbtable","a00000002.gdbtable",FALSE,2048,"2015-12-06T10:05:00+1100",2055,"2015-12-05T23:05:16Z","""16606d3-807-5262ea83b7f30""",200,"2026-09-09T13:41:08Z"
"https://listdata.thelist.tas.gov.au/opendata/data/list_2d_building_polys_clarence.gdb/a00000002.gdbtablx","list_2d_building_polys_clarence.gdb/a00000002.gdbtablx","a00000002.gdbtablx",FALSE,5120,"2015-12-06T10:05:00+1100",5152,"2015-12-05T23:05:16Z","""16606d4-1420-5262ea83b7f30""",200,"2026-09-09T13:41:08Z"
"https://listdata.thelist.tas.gov.au/opendata/data/list_2d_building_polys_clarence.gdb/a00000003.gdbindexes","list_2d_building_polys_clarence.gdb/a00000003.gdbindexes","a00000003.gdbindexes",FALSE,42,"2015-12-06T10:05:00+1100",42,"2015-12-05T23:05:16Z","""16606d5-2a-5262ea83bbc20""",200,"2026-09-09T13:41:08Z"
"https://listdata.thelist.tas.gov.au/opendata/data/list_2d_building_polys_clarence.gdb/a00000003.gdbtable","list_2d_building_polys_clarence.gdb/a00000003.gdbtable","a00000003.gdbtable",FALSE,1024,"2015-12-06T10:05:00+1100",1021,"2015-12-05T23:05:21Z","""16606d6-3fd-5262ea88bf431""",200,"2026-09-09T13:41:08Z"
"https://listdata.thelist.tas.gov.au/opendata/data/list_2d_building_polys_clarence.gdb/a00000003.gdbtablx","list_2d_building_polys_clarence.gdb/a00000003.gdbtablx","a00000003.gdbtablx",FALSE,5120,"2015-12-06T10:05:00+1100",5152,"2015-12-05T23:05:21Z","""16606d7-1420-5262ea88bf431""",200,"2026-09-09T13:41:08Z"
"https://listdata.thelist.tas.gov.au/opendata/data/list_2d_building_polys_clarence.gdb/a00000004.CatItemsByPhysicalName.atx","list_2d_building_polys_clarence.gdb/a00000004.CatItemsByPhysicalName.atx","a00000004.CatItemsByPhysicalName.atx",FALSE,4096,"2015-12-06T10:05:00+1100",4118,"2017-12-13T07:07:11Z","""16606d8-1016-560336a9abad7""",200,"2026-09-09T13:41:08Z"
"https://listdata.thelist.tas.gov.au/opendata/data/list_2d_building_polys_clarence.gdb/a00000004.CatItemsByType.atx","list_2d_building_polys_clarence.gdb/a00000004.CatItemsByType.atx","a00000004.CatItemsByType.atx",FALSE,4096,"2017-12-13T18:07:00+1100",4118,"2017-12-13T07:07:11Z","""16606d9-1016-560336a9abad7""",200,"2026-09-09T13:41:08Z"
"https://listdata.thelist.tas.gov.au/opendata/data/list_2d_building_polys_clarence.gdb/a00000004.FDO_UUID.atx","list_2d_building_polys_clarence.gdb/a00000004.FDO_UUID.atx","a00000004.FDO_UUID.atx",FALSE,4096,"2017-12-13T18:07:00+1100",4118,"2017-12-13T07:07:11Z","""16606da-1016-560336a9abad7""",200,"2026-09-09T13:41:08Z"
"https://listdata.thelist.tas.gov.au/opendata/data/list_2d_building_polys_clarence.gdb/a00000004.freelist","list_2d_building_polys_clarence.gdb/a00000004.freelist","a00000004.freelist",FALSE,32768,"2017-12-13T18:07:00+1100",33112,"2017-12-13T07:07:16Z","""16606db-8158-560336ae9c259""",200,"2026-09-09T13:41:08Z"
"https://listdata.thelist.tas.gov.au/opendata/data/list_2d_building_polys_clarence.gdb/a00000004.gdbindexes","list_2d_building_polys_clarence.gdb/a00000004.gdbindexes","a00000004.gdbindexes",FALSE,310,"2017-12-13T18:07:00+1100",310,"2015-12-05T23:05:17Z","""16606dc-136-5262ea8457e94""",200,"2026-09-09T13:41:08Z"
"https://listdata.thelist.tas.gov.au/opendata/data/list_2d_building_polys_clarence.gdb/a00000004.gdbtable","list_2d_building_polys_clarence.gdb/a00000004.gdbtable","a00000004.gdbtable",FALSE,76800,"2017-12-13T18:07:00+1100",76654,"2017-12-13T07:07:16Z","""16606dd-12b6e-560336ae9c259""",200,"2026-09-09T13:41:08Z"
"https://listdata.thelist.tas.gov.au/opendata/data/list_2d_building_polys_clarence.gdb/a00000004.gdbtablx","list_2d_building_polys_clarence.gdb/a00000004.gdbtablx","a00000004.gdbtablx",FALSE,5120,"2015-12-06T10:05:00+1100",5152,"2017-12-13T07:07:16Z","""16606de-1420-560336ae9c259""",200,"2026-09-09T13:41:08Z"
"https://listdata.thelist.tas.gov.au/opendata/data/list_2d_building_polys_clarence.gdb/a00000004.spx","list_2d_building_polys_clarence.gdb/a00000004.spx","a00000004.spx",FALSE,4096,"2017-12-13T18:07:00+1100",4118,"2017-12-13T07:07:11Z","""16606df-1016-560336a9abad7""",200,"2026-09-09T13:41:08Z"
"https://listdata.thelist.tas.gov.au/opendata/data/list_2d_building_polys_clarence.gdb/a00000005.CatItemTypesByName.atx","list_2d_building_polys_clarence.gdb/a00000005.CatItemTypesByName.atx","a00000005.CatItemTypesByName.atx",FALSE,12288,"2017-12-13T18:07:00+1100",12310,"2015-12-05T23:05:18Z","""16606e0-3016-5262ea8637cc0""",200,"2026-09-09T13:41:08Z"
"https://listdata.thelist.tas.gov.au/opendata/data/list_2d_building_polys_clarence.gdb/a00000005.CatItemTypesByParentTypeID.atx","list_2d_building_polys_clarence.gdb/a00000005.CatItemTypesByParentTypeID.atx","a00000005.CatItemTypesByParentTypeID.atx",FALSE,4096,"2015-12-06T10:05:00+1100",4118,"2015-12-05T23:05:18Z","""16606e1-1016-5262ea8624c10""",200,"2026-09-09T13:41:08Z"
"https://listdata.thelist.tas.gov.au/opendata/data/list_2d_building_polys_clarence.gdb/a00000005.CatItemTypesByUUID.atx","list_2d_building_polys_clarence.gdb/a00000005.CatItemTypesByUUID.atx","a00000005.CatItemTypesByUUID.atx",FALSE,4096,"2015-12-06T10:05:00+1100",4118,"2015-12-05T23:05:18Z","""16606e2-1016-5262ea861584f""",200,"2026-09-09T13:41:08Z"
"https://listdata.thelist.tas.gov.au/opendata/data/list_2d_building_polys_clarence.gdb/a00000005.gdbindexes","list_2d_building_polys_clarence.gdb/a00000005.gdbindexes","a00000005.gdbindexes",FALSE,296,"2015-12-06T10:05:00+1100",296,"2015-12-05T23:05:18Z","""16606e3-128-5262ea8637cc0""",200,"2026-09-09T13:41:08Z"
"https://listdata.thelist.tas.gov.au/opendata/data/list_2d_building_polys_clarence.gdb/a00000005.gdbtable","list_2d_building_polys_clarence.gdb/a00000005.gdbtable","a00000005.gdbtable",FALSE,1843.2,"2015-12-06T10:05:00+1100",1803,"2015-12-05T23:05:18Z","""16606e4-70b-5262ea8637cc0""",200,"2026-09-09T13:41:08Z"
"https://listdata.thelist.tas.gov.au/opendata/data/list_2d_building_polys_clarence.gdb/a00000005.gdbtablx","list_2d_building_polys_clarence.gdb/a00000005.gdbtablx","a00000005.gdbtablx",FALSE,5120,"2015-12-06T10:05:00+1100",5152,"2015-12-05T23:05:18Z","""16606e5-1420-5262ea8637cc0""",200,"2026-09-09T13:41:08Z"
"https://listdata.thelist.tas.gov.au/opendata/data/list_2d_building_polys_clarence.gdb/a00000006.CatRelsByDestinationID.atx","list_2d_building_polys_clarence.gdb/a00000006.CatRelsByDestinationID.atx","a00000006.CatRelsByDestinationID.atx",FALSE,4096,"2015-12-06T10:05:00+1100",4118,"2017-12-13T07:07:11Z","""16606e6-1016-560336a9b71a8""",200,"2026-09-09T13:41:08Z"
"https://listdata.thelist.tas.gov.au/opendata/data/list_2d_building_polys_clarence.gdb/a00000006.CatRelsByOriginID.atx","list_2d_building_polys_clarence.gdb/a00000006.CatRelsByOriginID.atx","a00000006.CatRelsByOriginID.atx",FALSE,4096,"2015-12-06T10:05:00+1100",4118,"2017-12-13T07:07:11Z","""16606e7-1016-560336a9b71a8""",200,"2026-09-09T13:41:08Z"
"https://listdata.thelist.tas.gov.au/opendata/data/list_2d_building_polys_clarence.gdb/a00000006.CatRelsByType.atx","list_2d_building_polys_clarence.gdb/a00000006.CatRelsByType.atx","a00000006.CatRelsByType.atx",FALSE,4096,"2015-12-06T10:05:00+1100",4118,"2017-12-13T07:07:11Z","""16606e8-1016-560336a9b71a8""",200,"2026-09-09T13:41:08Z"
"https://listdata.thelist.tas.gov.au/opendata/data/list_2d_building_polys_clarence.gdb/a00000006.FDO_UUID.atx","list_2d_building_polys_clarence.gdb/a00000006.FDO_UUID.atx","a00000006.FDO_UUID.atx",FALSE,4096,"2015-12-06T10:05:00+1100",4118,"2017-12-13T07:07:11Z","""16606e9-1016-560336a9b71a8""",200,"2026-09-09T13:41:08Z"
"https://listdata.thelist.tas.gov.au/opendata/data/list_2d_building_polys_clarence.gdb/a00000006.freelist","list_2d_building_polys_clarence.gdb/a00000006.freelist","a00000006.freelist",FALSE,4403.2,"2015-12-06T10:05:00+1100",4440,"2017-12-13T07:07:11Z","""16606ea-1158-560336a9b71a8""",200,"2026-09-09T13:41:08Z"
"https://listdata.thelist.tas.gov.au/opendata/data/list_2d_building_polys_clarence.gdb/a00000006.gdbindexes","list_2d_building_polys_clarence.gdb/a00000006.gdbindexes","a00000006.gdbindexes",FALSE,318,"2017-12-13T18:07:00+1100",318,"2015-12-05T23:05:17Z","""16606eb-13e-5262ea84f0418""",200,"2026-09-09T13:41:08Z"
"https://listdata.thelist.tas.gov.au/opendata/data/list_2d_building_polys_clarence.gdb/a00000006.gdbtable","list_2d_building_polys_clarence.gdb/a00000006.gdbtable","a00000006.gdbtable",FALSE,263,"2017-12-19T08:23:00+1100",263,"2017-12-13T07:07:11Z","""16606ec-107-560336a9b71a8""",200,"2026-09-09T13:41:08Z"
"https://listdata.thelist.tas.gov.au/opendata/data/list_2d_building_polys_clarence.gdb/a00000006.gdbtablx","list_2d_building_polys_clarence.gdb/a00000006.gdbtablx","a00000006.gdbtablx",FALSE,5120,"2017-12-19T08:23:00+1100",5152,"2017-12-13T07:07:11Z","""16606ed-1420-560336a9b71a8""",200,"2026-09-09T13:41:08Z"
"https://listdata.thelist.tas.gov.au/opendata/data/list_2d_building_polys_clarence.gdb/a00000007.CatRelTypesByBackwardLabel.atx","list_2d_building_polys_clarence.gdb/a00000007.CatRelTypesByBackwardLabel.atx","a00000007.CatRelTypesByBackwardLabel.atx",FALSE,4096,"2017-12-19T08:23:00+1100",4118,"2015-12-05T23:05:18Z","""16606ee-1016-5262ea860279f""",200,"2026-09-09T13:41:08Z"
"https://listdata.thelist.tas.gov.au/opendata/data/list_2d_building_polys_clarence.gdb/a00000007.CatRelTypesByDestItemTypeID.atx","list_2d_building_polys_clarence.gdb/a00000007.CatRelTypesByDestItemTypeID.atx","a00000007.CatRelTypesByDestItemTypeID.atx",FALSE,4096,"2017-12-19T08:23:00+1100",4118,"2015-12-05T23:05:18Z","""16606ef-1016-5262ea85c958d""",200,"2026-09-09T13:41:08Z"
"https://listdata.thelist.tas.gov.au/opendata/data/list_2d_building_polys_clarence.gdb/a00000007.CatRelTypesByForwardLabel.atx","list_2d_building_polys_clarence.gdb/a00000007.CatRelTypesByForwardLabel.atx","a00000007.CatRelTypesByForwardLabel.atx",FALSE,4096,"2017-12-19T08:23:00+1100",4118,"2015-12-05T23:05:18Z","""16606f0-1016-5262ea85ef6ee""",200,"2026-09-09T13:41:08Z"
"https://listdata.thelist.tas.gov.au/opendata/data/list_2d_building_polys_clarence.gdb/a00000007.CatRelTypesByName.atx","list_2d_building_polys_clarence.gdb/a00000007.CatRelTypesByName.atx","a00000007.CatRelTypesByName.atx",FALSE,4096,"2017-12-19T08:23:00+1100",4118,"2015-12-05T23:05:18Z","""16606f1-1016-5262ea85dc63e""",200,"2026-09-09T13:41:08Z"
"https://listdata.thelist.tas.gov.au/opendata/data/list_2d_building_polys_clarence.gdb/a00000007.CatRelTypesByOriginItemTypeID.atx","list_2d_building_polys_clarence.gdb/a00000007.CatRelTypesByOriginItemTypeID.atx","a00000007.CatRelTypesByOriginItemTypeID.atx",FALSE,4096,,4118,"2015-12-05T23:05:18Z","""16606f2-1016-5262ea85b64dd""",200,"2026-09-09T13:41:08Z"
"https://listdata.thelist.tas.gov.au/opendata/data/list_2d_building_polys_clarence.gdb/a00000007.CatRelTypesByUUID.atx","list_2d_building_polys_clarence.gdb/a00000007.CatRelTypesByUUID.atx","a00000007.CatRelTypesByUUID.atx",FALSE,4096,,4118,"2015-12-05T23:05:18Z","""16606f3-1016-5262ea85a342c""",200,"2026-09-09T13:41:08Z"
"https://listdata.thelist.tas.gov.au/opendata/data/list_2d_building_polys_clarence.gdb/a00000007.gdbindexes","list_2d_building_polys_clarence.gdb/a00000007.gdbindexes","a00000007.gdbindexes",FALSE,602,,602,"2015-12-05T23:05:18Z","""16606f4-25a-5262ea860279f""",200,"2026-09-09T13:41:08Z"
"https://listdata.thelist.tas.gov.au/opendata/data/list_2d_building_polys_clarence.gdb/a00000007.gdbtable","list_2d_building_polys_clarence.gdb/a00000007.gdbtable","a00000007.gdbtable",FALSE,2457.6,,2504,"2015-12-05T23:05:18Z","""16606f5-9c8-5262ea8637cc0""",200,"2026-09-09T13:41:08Z"
"https://listdata.thelist.tas.gov.au/opendata/data/list_2d_building_polys_clarence.gdb/a00000007.gdbtablx","list_2d_building_polys_clarence.gdb/a00000007.gdbtablx","a00000007.gdbtablx",FALSE,5120,,5152,"2015-12-05T23:05:18Z","""16606f6-1420-5262ea8637cc0""",200,"2026-09-09T13:41:08Z"
"https://listdata.thelist.tas.gov.au/opendata/data/list_2d_building_polys_clarence.gdb/a0000000e.gdbindexes","list_2d_building_polys_clarence.gdb/a0000000e.gdbindexes","a0000000e.gdbindexes",FALSE,116,"2015-12-06T10:05:00+1100",116,"2017-12-13T07:07:16Z","""16606f7-74-560336ae485b5""",200,"2026-09-09T13:41:08Z"
"https://listdata.thelist.tas.gov.au/opendata/data/list_2d_building_polys_clarence.gdb/a0000000e.gdbtable","list_2d_building_polys_clarence.gdb/a0000000e.gdbtable","a0000000e.gdbtable",FALSE,622592,"2017-12-13T18:07:00+1100",622688,"2017-12-13T07:07:16Z","""16606f8-98060-560336ae9c259""",200,"2026-09-09T13:41:08Z"
"https://listdata.thelist.tas.gov.au/opendata/data/list_2d_building_polys_clarence.gdb/a0000000e.gdbtablx","list_2d_building_polys_clarence.gdb/a0000000e.gdbtablx","a0000000e.gdbtablx",FALSE,15360,"2017-12-13T18:07:00+1100",15392,"2017-12-13T07:07:16Z","""16606f9-3c20-560336ae9c259""",200,"2026-09-09T13:41:08Z"
"https://listdata.thelist.tas.gov.au/opendata/data/list_2d_building_polys_clarence.gdb/a0000000e.spx","list_2d_building_polys_clarence.gdb/a0000000e.spx","a0000000e.spx",FALSE,90112,"2017-12-13T18:07:00+1100",90134,"2017-12-13T07:07:16Z","""16606fa-16016-560336ae9c259""",200,"2026-09-09T13:41:08Z"
"https://listdata.thelist.tas.gov.au/opendata/data/list_2d_building_polys_clarence.gdb/gdb","list_2d_building_polys_clarence.gdb/gdb","gdb",FALSE,4,,4,"2015-12-05T23:05:15Z","""16606fb-4-5262ea831f9ac""",200,"2026-09-09T13:41:08Z"
"https://listdata.thelist.tas.gov.au/opendata/data/list_2d_building_polys_clarence.gdb/timestamps","list_2d_building_polys_clarence.gdb/timestamps","timestamps",FALSE,400,,400,"2017-12-13T07:07:16Z","""16606fc-190-560336ae9c259""",200,"2026-09-09T13:41:08Z"
"https://listdata.thelist.tas.gov.au/opendata/data/LIST_2D_BUILDING_POLYS_CLARENCE.zip","LIST_2D_BUILDING_POLYS_CLARENCE.zip","LIST_2D_BUILDING_POLYS_CLARENCE.zip",FALSE,62914560,"2025-07-17T12:54:00+1000",63087109,"2025-07-17T03:10:03Z","""166066e-3c2a205-63a17587ca57b""",200,"2026-09-09T13:41:08Z"
"https://listdata.thelist.tas.gov.au/opendata/data/LIST_2D_BUILDING_POLYS_DERWENT_VALLEY.zip","LIST_2D_BUILDING_POLYS_DERWENT_VALLEY.zip","LIST_2D_BUILDING_POLYS_DERWENT_VALLEY.zip",FALSE,17825792,"2025-07-17T12:59:00+1000",18212325,"2025-07-17T03:07:25Z","""166066f-115e5e5-63a174f146c89""",200,"2026-09-09T13:41:08Z"
"https://listdata.thelist.tas.gov.au/opendata/data/LIST_2D_BUILDING_POLYS_DEVONPORT.zip","LIST_2D_BUILDING_POLYS_DEVONPORT.zip","LIST_2D_BUILDING_POLYS_DEVONPORT.zip",FALSE,30408704,"2025-07-17T12:55:00+1000",30440289,"2025-07-17T03:05:03Z","""1660670-1d07b61-63a174693978e""",200,"2026-09-09T13:41:08Z"
"https://listdata.thelist.tas.gov.au/opendata/data/LIST_2D_BUILDING_POLYS_DORSET.zip","LIST_2D_BUILDING_POLYS_DORSET.zip","LIST_2D_BUILDING_POLYS_DORSET.zip",FALSE,19922944,"2025-07-17T13:02:00+1000",19788639,"2025-07-17T02:50:49Z","""1660671-12df35f-63a1713b7c4a7""",200,"2026-09-09T13:41:08Z"
"https://listdata.thelist.tas.gov.au/opendata/data/LIST_2D_BUILDING_POLYS_FLINDERS.zip","LIST_2D_BUILDING_POLYS_FLINDERS.zip","LIST_2D_BUILDING_POLYS_FLINDERS.zip",FALSE,13631488,"2025-07-17T13:03:00+1000",13484683,"2025-07-17T03:00:19Z","""1660672-cdc28b-63a1735acb1fc""",200,"2026-09-09T13:41:08Z"
"https://listdata.thelist.tas.gov.au/opendata/data/LIST_2D_BUILDING_POLYS_GEORGE_TOWN.zip","LIST_2D_BUILDING_POLYS_GEORGE_TOWN.zip","LIST_2D_BUILDING_POLYS_GEORGE_TOWN.zip",FALSE,14680064,"2025-07-17T12:59:00+1000",14488160,"2025-07-17T03:02:10Z","""1660673-dd1260-63a173c4a096f""",200,"2026-09-09T13:41:08Z"
"https://listdata.thelist.tas.gov.au/opendata/data/LIST_2D_BUILDING_POLYS_GLAMORGAN_SPRING_BAY.zip","LIST_2D_BUILDING_POLYS_GLAMORGAN_SPRING_BAY.zip","LIST_2D_BUILDING_POLYS_GLAMORGAN_SPRING_BAY.zip",FALSE,20971520,"2025-07-17T12:53:00+1000",20810600,"2025-07-17T03:06:24Z","""1660674-13d8b68-63a174b6c4b40""",200,"2026-09-09T13:41:08Z"
"https://listdata.thelist.tas.gov.au/opendata/data/LIST_2D_BUILDING_POLYS_GLENORCHY.zip","LIST_2D_BUILDING_POLYS_GLENORCHY.zip","LIST_2D_BUILDING_POLYS_GLENORCHY.zip",FALSE,60817408,"2025-07-17T12:51:00+1000",60747872,"2025-07-17T02:53:14Z","""1660675-39ef060-63a171c578082""",200,"2026-09-09T13:41:08Z"
"https://listdata.thelist.tas.gov.au/opendata/data/LIST_2D_BUILDING_POLYS_HOBART.zip","LIST_2D_BUILDING_POLYS_HOBART.zip","LIST_2D_BUILDING_POLYS_HOBART.zip",FALSE,40894464,"2025-07-17T13:01:00+1000",41363138,"2025-07-17T02:56:21Z","""1660676-27726c2-63a1727830791""",200,"2026-09-09T13:41:08Z"
"https://listdata.thelist.tas.gov.au/opendata/data/LIST_2D_BUILDING_POLYS_HUON_VALLEY.zip","LIST_2D_BUILDING_POLYS_HUON_VALLEY.zip","LIST_2D_BUILDING_POLYS_HUON_VALLEY.zip",FALSE,34603008,"2025-07-17T13:05:00+1000",35016451,"2025-07-17T02:48:51Z","""1660677-2164f03-63a170ca571d0""",200,"2026-09-09T13:41:08Z"
"https://listdata.thelist.tas.gov.au/opendata/data/LIST_2D_BUILDING_POLYS_KENTISH.zip","LIST_2D_BUILDING_POLYS_KENTISH.zip","LIST_2D_BUILDING_POLYS_KENTISH.zip",FALSE,14680064,"2025-07-17T12:47:00+1000",14988638,"2025-07-17T02:51:53Z","""1660678-e4b55e-63a171781e043""",200,"2026-09-09T13:41:08Z"
"https://listdata.thelist.tas.gov.au/opendata/data/LIST_2D_BUILDING_POLYS_KING_ISLAND.zip","LIST_2D_BUILDING_POLYS_KING_ISLAND.zip","LIST_2D_BUILDING_POLYS_KING_ISLAND.zip",FALSE,8912896,"2025-07-17T12:40:00+1000",8904667,"2025-07-17T03:00:44Z","""1660679-87dfdb-63a1737251d25""",200,"2026-09-09T13:41:08Z"
"https://listdata.thelist.tas.gov.au/opendata/data/LIST_2D_BUILDING_POLYS_KINGBOROUGH.zip","LIST_2D_BUILDING_POLYS_KINGBOROUGH.zip","LIST_2D_BUILDING_POLYS_KINGBOROUGH.zip",FALSE,44040192,"2025-07-17T12:47:00+1000",43706177,"2025-07-17T02:57:20Z","""166067a-29ae741-63a172afe5113""",200,"2026-09-09T13:41:08Z"
"https://listdata.thelist.tas.gov.au/opendata/data/LIST_2D_BUILDING_POLYS_LATROBE.zip","LIST_2D_BUILDING_POLYS_LATROBE.zip","LIST_2D_BUILDING_POLYS_LATROBE.zip",FALSE,19922944,"2025-07-17T12:45:00+1000",19932599,"2025-07-17T02:54:17Z","""166067b-13025b7-63a1720172951""",200,"2026-09-09T13:41:08Z"
"https://listdata.thelist.tas.gov.au/opendata/data/LIST_2D_BUILDING_POLYS_LAUNCESTON.zip","LIST_2D_BUILDING_POLYS_LAUNCESTON.zip","LIST_2D_BUILDING_POLYS_LAUNCESTON.zip",FALSE,80740352,"2025-07-17T12:46:00+1000",80683361,"2025-07-17T02:59:05Z","""166067c-4cf2161-63a17314959b6""",200,"2026-09-09T13:41:08Z"
"https://listdata.thelist.tas.gov.au/opendata/data/LIST_2D_BUILDING_POLYS_MEANDER_VALLEY.zip","LIST_2D_BUILDING_POLYS_MEANDER_VALLEY.zip","LIST_2D_BUILDING_POLYS_MEANDER_VALLEY.zip",FALSE,39845888,"2025-07-17T12:40:00+1000",39996937,"2025-07-17T02:55:30Z","""166067d-2624e09-63a172479426a""",200,"2026-09-09T13:41:08Z"
"https://listdata.thelist.tas.gov.au/opendata/data/LIST_2D_BUILDING_POLYS_NORTHERN_MIDLANDS.zip","LIST_2D_BUILDING_POLYS_NORTHERN_MIDLANDS.zip","LIST_2D_BUILDING_POLYS_NORTHERN_MIDLANDS.zip",FALSE,30408704,"2025-07-17T12:47:00+1000",30395029,"2025-07-17T03:02:58Z","""166067e-1cfca95-63a173f279288""",200,"2026-09-09T13:41:08Z"
"https://listdata.thelist.tas.gov.au/opendata/data/LIST_2D_BUILDING_POLYS_SORELL.zip","LIST_2D_BUILDING_POLYS_SORELL.zip","LIST_2D_BUILDING_POLYS_SORELL.zip",FALSE,24117248,"2025-07-17T12:47:00+1000",24593711,"2025-07-17T03:03:33Z","""166067f-177452f-63a1741383eb5""",200,"2026-09-09T13:41:08Z"
"https://listdata.thelist.tas.gov.au/opendata/data/LIST_2D_BUILDING_POLYS_SOUTHERN_MIDLANDS.zip","LIST_2D_BUILDING_POLYS_SOUTHERN_MIDLANDS.zip","LIST_2D_BUILDING_POLYS_SOUTHERN_MIDLANDS.zip",FALSE,12582912,"2025-07-17T12:45:00+1000",12826946,"2025-07-17T02:59:32Z","""1660680-c3b942-63a1732deaea3""",200,"2026-09-09T13:41:08Z"
"https://listdata.thelist.tas.gov.au/opendata/data/LIST_2D_BUILDING_POLYS_TASMAN.zip","LIST_2D_BUILDING_POLYS_TASMAN.zip","LIST_2D_BUILDING_POLYS_TASMAN.zip",FALSE,12582912,"2025-07-17T12:41:00+1000",12311517,"2025-07-17T02:53:41Z","""1660681-bbdbdd-63a171df29ef2""",200,"2026-09-09T13:41:08Z"
"https://listdata.thelist.tas.gov.au/opendata/data/LIST_2D_BUILDING_POLYS_WARATAH_WYNYARD.zip","LIST_2D_BUILDING_POLYS_WARATAH_WYNYARD.zip","LIST_2D_BUILDING_POLYS_WARATAH_WYNYARD.zip",FALSE,30408704,"2025-07-17T12:44:00+1000",29946144,"2025-07-17T02:51:26Z","""1660682-1c8f120-63a1715e3624c""",200,"2026-09-09T13:41:08Z"
"https://listdata.thelist.tas.gov.au/opendata/data/LIST_2D_BUILDING_POLYS_WEST_COAST.zip","LIST_2D_BUILDING_POLYS_WEST_COAST.zip","LIST_2D_BUILDING_POLYS_WEST_COAST.zip",FALSE,18874368,"2025-07-17T12:44:00+1000",19159649,"2025-07-17T03:01:41Z","""1660683-1245a61-63a173a8fd1a5""",200,"2026-09-09T13:41:08Z"
"https://listdata.thelist.tas.gov.au/opendata/data/LIST_2D_BUILDING_POLYS_WEST_TAMAR.zip","LIST_2D_BUILDING_POLYS_WEST_TAMAR.zip","LIST_2D_BUILDING_POLYS_WEST_TAMAR.zip",FALSE,35651584,"2025-07-17T12:46:00+1000",36014899,"2025-07-17T03:05:55Z","""1660684-2258b33-63a1749ae44fb""",200,"2026-09-09T13:41:08Z"
"https://listdata.thelist.tas.gov.au/opendata/data/LIST_5M_CONTOURS_BREAK_O_DAY.zip","LIST_5M_CONTOURS_BREAK_O_DAY.zip","LIST_5M_CONTOURS_BREAK_O_DAY.zip",FALSE,7969177.6,"2025-07-17T12:41:00+1000",7950152,"2025-07-17T02:47:21Z","""1660642-794f48-63a170748ac55""",200,"2026-09-09T13:41:08Z"
"https://listdata.thelist.tas.gov.au/opendata/data/LIST_5M_CONTOURS_BRIGHTON.zip","LIST_5M_CONTOURS_BRIGHTON.zip","LIST_5M_CONTOURS_BRIGHTON.zip",FALSE,14680064,"2025-07-17T12:42:00+1000",14216501,"2025-07-17T02:47:38Z","""1660643-d8ed35-63a170858869f""",200,"2026-09-09T13:41:08Z"
"https://listdata.thelist.tas.gov.au/opendata/data/LIST_5M_CONTOURS_BURNIE.zip","LIST_5M_CONTOURS_BURNIE.zip","LIST_5M_CONTOURS_BURNIE.zip",FALSE,7444889.6,"2025-07-17T12:40:00+1000",7440013,"2025-07-17T02:40:43Z","""1660644-71868d-63a16ef9cb3af""",200,"2026-09-09T13:41:08Z"
"https://listdata.thelist.tas.gov.au/opendata/data/LIST_5M_CONTOURS_CENTRAL_COAST.zip","LIST_5M_CONTOURS_CENTRAL_COAST.zip","LIST_5M_CONTOURS_CENTRAL_COAST.zip",FALSE,12582912,"2025-07-17T12:41:00+1000",12996737,"2025-07-17T02:45:41Z","""1660645-c65081-63a17015c7c38""",200,"2026-09-09T13:41:08Z"
"https://listdata.thelist.tas.gov.au/opendata/data/LIST_5M_CONTOURS_CENTRAL_HIGHLANDS.zip","LIST_5M_CONTOURS_CENTRAL_HIGHLANDS.zip","LIST_5M_CONTOURS_CENTRAL_HIGHLANDS.zip",FALSE,6396313.6,"2025-07-17T12:43:00+1000",6368352,"2025-07-17T02:46:45Z","""1660646-612c60-63a1705224ad3""",200,"2026-09-09T13:41:08Z"
"https://listdata.thelist.tas.gov.au/opendata/data/LIST_5M_CONTOURS_CIRCULAR_HEAD.zip","LIST_5M_CONTOURS_CIRCULAR_HEAD.zip","LIST_5M_CONTOURS_CIRCULAR_HEAD.zip",FALSE,11534336,"2025-07-17T12:44:00+1000",11343774,"2025-07-17T02:40:58Z","""1660647-ad179e-63a16f074a4a5""",200,"2026-09-09T13:41:08Z"
"https://listdata.thelist.tas.gov.au/opendata/data/LIST_5M_CONTOURS_CLARENCE.zip","LIST_5M_CONTOURS_CLARENCE.zip","LIST_5M_CONTOURS_CLARENCE.zip",FALSE,30408704,"2025-07-17T12:42:00+1000",30806118,"2025-07-17T02:47:59Z","""1660648-1d61066-63a170997c18f""",200,"2026-09-09T13:41:08Z"
"https://listdata.thelist.tas.gov.au/opendata/data/LIST_5M_CONTOURS_DERWENT_VALLEY.zip","LIST_5M_CONTOURS_DERWENT_VALLEY.zip","LIST_5M_CONTOURS_DERWENT_VALLEY.zip",FALSE,23068672,"2025-07-17T12:43:00+1000",22618630,"2025-07-17T02:47:06Z","""1660649-1592206-63a1706651517""",200,"2026-09-09T13:41:08Z"
"https://listdata.thelist.tas.gov.au/opendata/data/LIST_5M_CONTOURS_DEVONPORT.zip","LIST_5M_CONTOURS_DEVONPORT.zip","LIST_5M_CONTOURS_DEVONPORT.zip",FALSE,12582912,"2025-07-17T12:42:00+1000",12728330,"2025-07-17T02:45:57Z","""166064a-c2380a-63a170249c8ef""",200,"2026-09-09T13:41:08Z"
"https://listdata.thelist.tas.gov.au/opendata/data/LIST_5M_CONTOURS_DORSET.zip","LIST_5M_CONTOURS_DORSET.zip","LIST_5M_CONTOURS_DORSET.zip",FALSE,8493465.6,"2025-07-17T12:45:00+1000",8483647,"2025-07-17T02:41:12Z","""166064b-81733f-63a16f1510f3d""",200,"2026-09-09T13:41:08Z"
"https://listdata.thelist.tas.gov.au/opendata/data/LIST_5M_CONTOURS_FLINDERS.zip","LIST_5M_CONTOURS_FLINDERS.zip","LIST_5M_CONTOURS_FLINDERS.zip",FALSE,10485760,"2025-07-17T12:45:00+1000",10708999,"2025-07-17T02:44:11Z","""166064c-a36807-63a16fbf7cb01""",200,"2026-09-09T13:41:08Z"
"https://listdata.thelist.tas.gov.au/opendata/data/LIST_5M_CONTOURS_GEORGE_TOWN.zip","LIST_5M_CONTOURS_GEORGE_TOWN.zip","LIST_5M_CONTOURS_GEORGE_TOWN.zip",FALSE,10485760,"2025-07-17T12:43:00+1000",10996175,"2025-07-17T02:44:56Z","""166064d-a7c9cf-63a16fea80cff""",200,"2026-09-09T13:41:08Z"
"https://listdata.thelist.tas.gov.au/opendata/data/LIST_5M_CONTOURS_GLAMORGAN_SPRING_BAY.zip","LIST_5M_CONTOURS_GLAMORGAN_SPRING_BAY.zip","LIST_5M_CONTOURS_GLAMORGAN_SPRING_BAY.zip",FALSE,17825792,"2025-07-17T12:42:00+1000",18308151,"2025-07-17T02:46:30Z","""166064e-1175c37-63a17043f2afb""",200,"2026-09-09T13:41:08Z"
"https://listdata.thelist.tas.gov.au/opendata/data/LIST_5M_CONTOURS_GLENORCHY.zip","LIST_5M_CONTOURS_GLENORCHY.zip","LIST_5M_CONTOURS_GLENORCHY.zip",FALSE,13631488,"2025-07-17T12:41:00+1000",13526483,"2025-07-17T02:41:57Z","""166064f-ce65d3-63a16f3fd6a12""",200,"2026-09-09T13:41:08Z"
"https://listdata.thelist.tas.gov.au/opendata/data/LIST_5M_CONTOURS_HOBART.zip","LIST_5M_CONTOURS_HOBART.zip","LIST_5M_CONTOURS_HOBART.zip",FALSE,12582912,"2025-07-17T12:44:00+1000",12468132,"2025-07-17T02:42:55Z","""1660650-be3fa4-63a16f77b0f32""",200,"2026-09-09T13:41:08Z"
"https://listdata.thelist.tas.gov.au/opendata/data/LIST_5M_CONTOURS_HUON_VALLEY.zip","LIST_5M_CONTOURS_HUON_VALLEY.zip","LIST_5M_CONTOURS_HUON_VALLEY.zip",FALSE,36700160,"2025-07-17T12:46:00+1000",36550113,"2025-07-17T02:40:29Z","""1660651-22db5e1-63a16eebad900""",200,"2026-09-09T13:41:08Z"
"https://listdata.thelist.tas.gov.au/opendata/data/LIST_5M_CONTOURS_KENTISH.zip","LIST_5M_CONTOURS_KENTISH.zip","LIST_5M_CONTOURS_KENTISH.zip",FALSE,7025459.2,"2025-07-10T08:48:00+1000",7020168,"2025-07-17T02:41:41Z","""1660652-6b1e88-63a16f3038002""",200,"2026-09-09T13:41:08Z"
"https://listdata.thelist.tas.gov.au/opendata/data/LIST_5M_CONTOURS_KING_ISLAND.zip","LIST_5M_CONTOURS_KING_ISLAND.zip","LIST_5M_CONTOURS_KING_ISLAND.zip",FALSE,5452595.2,"2025-07-10T08:33:00+1000",5488127,"2025-07-17T02:44:25Z","""1660653-53bdff-63a16fccbba29""",200,"2026-09-09T13:41:08Z"
"https://listdata.thelist.tas.gov.au/opendata/data/LIST_5M_CONTOURS_KINGBOROUGH.zip","LIST_5M_CONTOURS_KINGBOROUGH.zip","LIST_5M_CONTOURS_KINGBOROUGH.zip",FALSE,44040192,"2025-07-10T08:48:00+1000",44400636,"2025-07-17T02:43:18Z","""1660654-2a57ffc-63a16f8d8f039""",200,"2026-09-09T13:41:08Z"
"https://listdata.thelist.tas.gov.au/opendata/data/LIST_5M_CONTOURS_LATROBE.zip","LIST_5M_CONTOURS_LATROBE.zip","LIST_5M_CONTOURS_LATROBE.zip",FALSE,7340032,"2025-07-10T08:44:00+1000",7344977,"2025-07-17T02:42:25Z","""1660655-701351-63a16f5ac6889""",200,"2026-09-09T13:41:08Z"
"https://listdata.thelist.tas.gov.au/opendata/data/LIST_5M_CONTOURS_LAUNCESTON.zip","LIST_5M_CONTOURS_LAUNCESTON.zip","LIST_5M_CONTOURS_LAUNCESTON.zip",FALSE,17825792,"2025-07-10T08:46:00+1000",17882035,"2025-07-17T02:43:35Z","""1660656-110dbb3-63a16f9d7162d""",200,"2026-09-09T13:41:08Z"
"https://listdata.thelist.tas.gov.au/opendata/data/LIST_5M_CONTOURS_MEANDER_VALLEY.zip","LIST_5M_CONTOURS_MEANDER_VALLEY.zip","LIST_5M_CONTOURS_MEANDER_VALLEY.zip",FALSE,6606028.8,"2025-07-10T08:34:00+1000",6616352,"2025-07-17T02:42:40Z","""1660657-64f520-63a16f68e212b""",200,"2026-09-09T13:41:08Z"
"https://listdata.thelist.tas.gov.au/opendata/data/LIST_5M_CONTOURS_NORTHERN_MIDLANDS.zip","LIST_5M_CONTOURS_NORTHERN_MIDLANDS.zip","LIST_5M_CONTOURS_NORTHERN_MIDLANDS.zip",FALSE,5662310.4,"2025-07-10T08:49:00+1000",5628804,"2025-07-17T02:45:10Z","""1660658-55e384-63a16ff7d3e30""",200,"2026-09-09T13:41:08Z"
"https://listdata.thelist.tas.gov.au/opendata/data/LIST_5M_CONTOURS_SORELL.zip","LIST_5M_CONTOURS_SORELL.zip","LIST_5M_CONTOURS_SORELL.zip",FALSE,13631488,"2025-07-10T08:47:00+1000",13959174,"2025-07-17T02:45:26Z","""1660659-d50006-63a17006c2d57""",200,"2026-09-09T13:41:08Z"
"https://listdata.thelist.tas.gov.au/opendata/data/LIST_5M_CONTOURS_SOUTHERN_MIDLANDS.zip","LIST_5M_CONTOURS_SOUTHERN_MIDLANDS.zip","LIST_5M_CONTOURS_SOUTHERN_MIDLANDS.zip",FALSE,46137344,"2025-07-10T08:44:00+1000",46250737,"2025-07-17T02:43:57Z","""166065a-2c1baf1-63a16fb1e0025""",200,"2026-09-09T13:41:08Z"
"https://listdata.thelist.tas.gov.au/opendata/data/LIST_5M_CONTOURS_TASMAN.zip","LIST_5M_CONTOURS_TASMAN.zip","LIST_5M_CONTOURS_TASMAN.zip",FALSE,7654604.8,"2025-07-10T08:35:00+1000",7654658,"2025-07-17T02:42:11Z","""166065b-74cd02-63a16f4d3037b""",200,"2026-09-09T13:41:08Z"
"https://listdata.thelist.tas.gov.au/opendata/data/LIST_5M_CONTOURS_WARATAH_WYNYARD.zip","LIST_5M_CONTOURS_WARATAH_WYNYARD.zip","LIST_5M_CONTOURS_WARATAH_WYNYARD.zip",FALSE,10171187.2,"2025-07-10T08:40:00+1000",10136472,"2025-07-17T02:41:27Z","""166065c-9aab98-63a16f2321028""",200,"2026-09-09T13:41:08Z"
"https://listdata.thelist.tas.gov.au/opendata/data/LIST_5M_CONTOURS_WEST_COAST.zip","LIST_5M_CONTOURS_WEST_COAST.zip","LIST_5M_CONTOURS_WEST_COAST.zip",FALSE,20971520,"2025-07-10T08:43:00+1000",21088995,"2025-07-17T02:44:41Z","""166065d-141cae3-63a16fdc00e87""",200,"2026-09-09T13:41:08Z"
"https://listdata.thelist.tas.gov.au/opendata/data/LIST_5M_CONTOURS_WEST_TAMAR.zip","LIST_5M_CONTOURS_WEST_TAMAR.zip","LIST_5M_CONTOURS_WEST_TAMAR.zip",FALSE,14680064,"2025-07-10T08:45:00+1000",14805424,"2025-07-17T02:46:13Z","""166065e-e1e9b0-63a17033d944e""",200,"2026-09-09T13:41:08Z"
"https://listdata.thelist.tas.gov.au/opendata/data/LIST_ACID_SULFATE_SOIL_SITES_STATEWIDE.zip","LIST_ACID_SULFATE_SOIL_SITES_STATEWIDE.zip","LIST_ACID_SULFATE_SOIL_SITES_STATEWIDE.zip",FALSE,65536,"2025-07-11T08:41:00+1000",65173,"2019-07-04T00:07:35Z","""16606fe-fe95-58ccfc3ddbcec""",200,"2026-09-09T13:41:08Z"
"https://listdata.thelist.tas.gov.au/opendata/data/LIST_ADDRESS_POINTS_STATEWIDE.zip","LIST_ADDRESS_POINTS_STATEWIDE.zip","LIST_ADDRESS_POINTS_STATEWIDE.zip",FALSE,93323264,"2025-07-11T08:45:00+1000",92870568,"2025-07-10T22:39:26Z","""16606ae-58917a8-6399adda2b0e5""",200,"2026-09-09T13:41:08Z"
"https://listdata.thelist.tas.gov.au/opendata/data/LIST_AERIAL_PHOTO_CENTRES_STATEWIDE.zip","LIST_AERIAL_PHOTO_CENTRES_STATEWIDE.zip","LIST_AERIAL_PHOTO_CENTRES_STATEWIDE.zip",FALSE,76546048,"2025-07-11T08:47:00+1000",76966872,"2025-07-10T22:52:38Z","""16606ab-4966bd8-6399b0cd4afff""",200,"2026-09-09T13:41:08Z"
"https://listdata.thelist.tas.gov.au/opendata/data/LIST_AERIAL_PHOTO_COVERAGES_STATEWIDE.zip","LIST_AERIAL_PHOTO_COVERAGES_STATEWIDE.zip","LIST_AERIAL_PHOTO_COVERAGES_STATEWIDE.zip",FALSE,116391936,"2025-07-11T08:49:00+1000",116739011,"2025-07-10T22:54:28Z","""16606ac-6f54bc3-6399b136b06d4""",200,"2026-09-09T13:41:08Z"
"https://listdata.thelist.tas.gov.au/opendata/data/LIST_AUTHORITY_LAND_BREAK_O_DAY.zip","LIST_AUTHORITY_LAND_BREAK_O_DAY.zip","LIST_AUTHORITY_LAND_BREAK_O_DAY.zip",FALSE,16777216,"2025-07-11T08:42:00+1000",17075609,"2025-07-10T22:50:08Z","""16605a0-1048d99-6399b03edfe3b""",200,"2026-09-09T13:41:08Z"
"https://listdata.thelist.tas.gov.au/opendata/data/LIST_AUTHORITY_LAND_BRIGHTON.zip","LIST_AUTHORITY_LAND_BRIGHTON.zip","LIST_AUTHORITY_LAND_BRIGHTON.zip",FALSE,3250585.6,"2025-07-11T08:43:00+1000",3230495,"2025-07-10T22:50:23Z","""16605a1-314b1f-6399b04c868ea""",200,"2026-09-09T13:41:08Z"
"https://listdata.thelist.tas.gov.au/opendata/data/LIST_AUTHORITY_LAND_BURNIE.zip","LIST_AUTHORITY_LAND_BURNIE.zip","LIST_AUTHORITY_LAND_BURNIE.zip",FALSE,5138022.4,"2025-07-11T08:40:00+1000",5115893,"2025-07-10T22:40:32Z","""16605a2-4e0ff5-6399ae192afd4""",200,"2026-09-09T13:41:08Z"
"https://listdata.thelist.tas.gov.au/opendata/data/LIST_AUTHORITY_LAND_CENTRAL_COAST.zip","LIST_AUTHORITY_LAND_CENTRAL_COAST.zip","LIST_AUTHORITY_LAND_CENTRAL_COAST.zip",FALSE,6815744,"2025-07-11T08:42:00+1000",6790032,"2025-07-10T22:48:04Z","""16605a3-679b90-6399afc86e31e""",200,"2026-09-09T13:41:08Z"
"https://listdata.thelist.tas.gov.au/opendata/data/LIST_AUTHORITY_LAND_CENTRAL_HIGHLANDS.zip","LIST_AUTHORITY_LAND_CENTRAL_HIGHLANDS.zip","LIST_AUTHORITY_LAND_CENTRAL_HIGHLANDS.zip",FALSE,10171187.2,"2025-07-11T08:44:00+1000",10186355,"2025-07-10T22:49:23Z","""16605a4-9b6e73-6399b013e628f""",200,"2026-09-09T13:41:08Z"
"https://listdata.thelist.tas.gov.au/opendata/data/LIST_AUTHORITY_LAND_CIRCULAR_HEAD.zip","LIST_AUTHORITY_LAND_CIRCULAR_HEAD.zip","LIST_AUTHORITY_LAND_CIRCULAR_HEAD.zip",FALSE,40894464,"2025-07-11T08:45:00+1000",40978367,"2025-07-10T22:41:24Z","""16605a5-27147bf-6399ae4a7571a""",200,"2026-09-09T13:41:08Z"
"https://listdata.thelist.tas.gov.au/opendata/data/LIST_AUTHORITY_LAND_CLARENCE.zip","LIST_AUTHORITY_LAND_CLARENCE.zip","LIST_AUTHORITY_LAND_CLARENCE.zip",FALSE,10485760,"2025-07-11T08:43:00+1000",10642330,"2025-07-10T22:50:41Z","""16605a6-a2639a-6399b05e4fae8""",200,"2026-09-09T13:41:08Z"
"https://listdata.thelist.tas.gov.au/opendata/data/LIST_AUTHORITY_LAND_DERWENT_VALLEY.zip","LIST_AUTHORITY_LAND_DERWENT_VALLEY.zip","LIST_AUTHORITY_LAND_DERWENT_VALLEY.zip",FALSE,8178892.8,"2025-07-11T08:44:00+1000",8222535,"2025-07-10T22:49:46Z","""16605a7-7d7747-6399b0291fd13""",200,"2026-09-09T13:41:08Z"
"https://listdata.thelist.tas.gov.au/opendata/data/LIST_AUTHORITY_LAND_DEVONPORT.zip","LIST_AUTHORITY_LAND_DEVONPORT.zip","LIST_AUTHORITY_LAND_DEVONPORT.zip",FALSE,4928307.2,"2025-07-11T08:43:00+1000",4934616,"2025-07-10T22:48:20Z","""16605a8-4b4bd8-6399afd76ab1f""",200,"2026-09-09T13:41:08Z"
"https://listdata.thelist.tas.gov.au/opendata/data/LIST_AUTHORITY_LAND_DORSET.zip","LIST_AUTHORITY_LAND_DORSET.zip","LIST_AUTHORITY_LAND_DORSET.zip",FALSE,15728640,"2025-07-11T08:47:00+1000",15421282,"2025-07-10T22:41:46Z","""16605a9-eb4f62-6399ae602c708""",200,"2026-09-09T13:41:08Z"
"https://listdata.thelist.tas.gov.au/opendata/data/LIST_AUTHORITY_LAND_FLINDERS.zip","LIST_AUTHORITY_LAND_FLINDERS.zip","LIST_AUTHORITY_LAND_FLINDERS.zip",FALSE,36700160,"2025-07-11T08:47:00+1000",36499474,"2025-07-10T22:45:06Z","""16605aa-22cf012-6399af1e690d5""",200,"2026-09-09T13:41:08Z"
"https://listdata.thelist.tas.gov.au/opendata/data/LIST_AUTHORITY_LAND_GEORGE_TOWN.zip","LIST_AUTHORITY_LAND_GEORGE_TOWN.zip","LIST_AUTHORITY_LAND_GEORGE_TOWN.zip",FALSE,5976883.2,"2025-07-11T08:44:00+1000",5985046,"2025-07-10T22:47:18Z","""16605ab-5b5316-6399af9becc19""",200,"2026-09-09T13:41:08Z"
"https://listdata.thelist.tas.gov.au/opendata/data/LIST_AUTHORITY_LAND_GLAMORGAN_SPRING_BAY.zip","LIST_AUTHORITY_LAND_GLAMORGAN_SPRING_BAY.zip","LIST_AUTHORITY_LAND_GLAMORGAN_SPRING_BAY.zip",FALSE,28311552,"2025-07-11T08:43:00+1000",28080380,"2025-07-10T22:49:05Z","""16605ac-1ac78fc-6399b00293d06""",200,"2026-09-09T13:41:08Z"
"https://listdata.thelist.tas.gov.au/opendata/data/LIST_AUTHORITY_LAND_GLENORCHY.zip","LIST_AUTHORITY_LAND_GLENORCHY.zip","LIST_AUTHORITY_LAND_GLENORCHY.zip",FALSE,6186598.4,"2025-07-11T08:42:00+1000",6135943,"2025-07-10T22:42:40Z","""16605ad-5da087-6399ae93b4cd7""",200,"2026-09-09T13:41:08Z"
"https://listdata.thelist.tas.gov.au/opendata/data/LIST_AUTHORITY_LAND_HOBART.zip","LIST_AUTHORITY_LAND_HOBART.zip","LIST_AUTHORITY_LAND_HOBART.zip",FALSE,4613734.4,"2025-07-11T08:47:00+1000",4566496,"2025-07-10T22:43:48Z","""16605ae-45ade0-6399aed485c48""",200,"2026-09-09T13:41:08Z"
"https://listdata.thelist.tas.gov.au/opendata/data/LIST_AUTHORITY_LAND_HUON_VALLEY.zip","LIST_AUTHORITY_LAND_HUON_VALLEY.zip","LIST_AUTHORITY_LAND_HUON_VALLEY.zip",FALSE,46137344,"2025-07-11T08:48:00+1000",46623419,"2025-07-10T22:40:15Z","""16605af-2c76abb-6399ae094357c""",200,"2026-09-09T13:41:08Z"
"https://listdata.thelist.tas.gov.au/opendata/data/LIST_AUTHORITY_LAND_KENTISH.zip","LIST_AUTHORITY_LAND_KENTISH.zip","LIST_AUTHORITY_LAND_KENTISH.zip",FALSE,3774873.6,"2025-07-17T12:00:00+1000",3800143,"2025-07-10T22:42:24Z","""16605b0-39fc4f-6399ae83b64c5""",200,"2026-09-09T13:41:08Z"
"https://listdata.thelist.tas.gov.au/opendata/data/LIST_AUTHORITY_LAND_KING_ISLAND.zip","LIST_AUTHORITY_LAND_KING_ISLAND.zip","LIST_AUTHORITY_LAND_KING_ISLAND.zip",FALSE,14680064,"2025-07-17T11:35:00+1000",14874538,"2025-07-10T22:45:23Z","""16605b1-e2f7aa-6399af2eb4ac2""",200,"2026-09-09T13:41:08Z"
"https://listdata.thelist.tas.gov.au/opendata/data/LIST_AUTHORITY_LAND_KINGBOROUGH.zip","LIST_AUTHORITY_LAND_KINGBOROUGH.zip","LIST_AUTHORITY_LAND_KINGBOROUGH.zip",FALSE,14680064,"2025-07-17T12:00:00+1000",14289960,"2025-07-10T22:44:07Z","""16605b2-da0c28-6399aee5ec7e4""",200,"2026-09-09T13:41:08Z"
"https://listdata.thelist.tas.gov.au/opendata/data/LIST_AUTHORITY_LAND_LATROBE.zip","LIST_AUTHORITY_LAND_LATROBE.zip","LIST_AUTHORITY_LAND_LATROBE.zip",FALSE,5452595.2,"2025-07-17T11:54:00+1000",5455087,"2025-07-10T22:43:16Z","""16605b3-533cef-6399aeb5f1367""",200,"2026-09-09T13:41:08Z"
"https://listdata.thelist.tas.gov.au/opendata/data/LIST_AUTHORITY_LAND_LAUNCESTON.zip","LIST_AUTHORITY_LAND_LAUNCESTON.zip","LIST_AUTHORITY_LAND_LAUNCESTON.zip",FALSE,9227468.8,"2025-07-17T11:58:00+1000",9247285,"2025-07-10T22:44:24Z","""16605b4-8d1a35-6399aef67e355""",200,"2026-09-09T13:41:08Z"
"https://listdata.thelist.tas.gov.au/opendata/data/LIST_AUTHORITY_LAND_MEANDER_VALLEY.zip","LIST_AUTHORITY_LAND_MEANDER_VALLEY.zip","LIST_AUTHORITY_LAND_MEANDER_VALLEY.zip",FALSE,6291456,"2025-07-17T11:36:00+1000",6336289,"2025-07-10T22:43:34Z","""16605b5-60af21-6399aec65698a""",200,"2026-09-09T13:41:08Z"
"https://listdata.thelist.tas.gov.au/opendata/data/LIST_AUTHORITY_LAND_NORTHERN_MIDLANDS.zip","LIST_AUTHORITY_LAND_NORTHERN_MIDLANDS.zip","LIST_AUTHORITY_LAND_NORTHERN_MIDLANDS.zip",FALSE,5242880,"2025-07-17T12:02:00+1000",5251918,"2025-07-10T22:47:34Z","""16605b6-50234e-6399afabbf542""",200,"2026-09-09T13:41:08Z"
"https://listdata.thelist.tas.gov.au/opendata/data/LIST_AUTHORITY_LAND_SORELL.zip","LIST_AUTHORITY_LAND_SORELL.zip","LIST_AUTHORITY_LAND_SORELL.zip",FALSE,3984588.8,"2025-07-17T11:59:00+1000",4018399,"2025-07-10T22:47:48Z","""16605b7-3d50df-6399afb92500c""",200,"2026-09-09T13:41:08Z"
"https://listdata.thelist.tas.gov.au/opendata/data/LIST_AUTHORITY_LAND_SOUTHERN_MIDLANDS.zip","LIST_AUTHORITY_LAND_SOUTHERN_MIDLANDS.zip","LIST_AUTHORITY_LAND_SOUTHERN_MIDLANDS.zip",FALSE,2621440,"2025-07-17T11:55:00+1000",2606893,"2025-07-10T22:44:38Z","""16605b8-27c72d-6399af03f0717""",200,"2026-09-09T13:41:08Z"
"https://listdata.thelist.tas.gov.au/opendata/data/LIST_AUTHORITY_LAND_TASMAN.zip","LIST_AUTHORITY_LAND_TASMAN.zip","LIST_AUTHORITY_LAND_TASMAN.zip",FALSE,19922944,"2025-07-17T11:37:00+1000",19487691,"2025-07-10T22:43:01Z","""16605b9-1295bcb-6399aea71071d""",200,"2026-09-09T13:41:08Z"
"https://listdata.thelist.tas.gov.au/opendata/data/LIST_AUTHORITY_LAND_WARATAH_WYNYARD.zip","LIST_AUTHORITY_LAND_WARATAH_WYNYARD.zip","LIST_AUTHORITY_LAND_WARATAH_WYNYARD.zip",FALSE,9542041.6,"2025-07-17T11:50:00+1000",9503302,"2025-07-10T22:42:09Z","""16605ba-910246-6399ae75f7740""",200,"2026-09-09T13:41:08Z"
"https://listdata.thelist.tas.gov.au/opendata/data/LIST_AUTHORITY_LAND_WEST_COAST.zip","LIST_AUTHORITY_LAND_WEST_COAST.zip","LIST_AUTHORITY_LAND_WEST_COAST.zip",FALSE,60817408,"2025-07-17T11:51:00+1000",60580459,"2025-07-10T22:47:01Z","""16605bb-39c626b-6399af8c92fa2""",200,"2026-09-09T13:41:08Z"
"https://listdata.thelist.tas.gov.au/opendata/data/LIST_AUTHORITY_LAND_WEST_TAMAR.zip","LIST_AUTHORITY_LAND_WEST_TAMAR.zip","LIST_AUTHORITY_LAND_WEST_TAMAR.zip",FALSE,5767168,"2025-07-17T11:57:00+1000",5723230,"2025-07-10T22:48:36Z","""16605bc-57545e-6399afe67ec8a""",200,"2026-09-09T13:41:08Z"
"https://listdata.thelist.tas.gov.au/opendata/data/LIST_BOUNDARY_SEGS_BREAK_O_DAY.zip","LIST_BOUNDARY_SEGS_BREAK_O_DAY.zip","LIST_BOUNDARY_SEGS_BREAK_O_DAY.zip",FALSE,128974848,"2025-07-17T11:40:00+1000",128525981,"2025-07-17T02:00:03Z","""16605e0-7a9269d-63a165e204eaa""",200,"2026-09-09T13:41:08Z"
"https://listdata.thelist.tas.gov.au/opendata/data/LIST_BOUNDARY_SEGS_BRIGHTON.zip","LIST_BOUNDARY_SEGS_BRIGHTON.zip","LIST_BOUNDARY_SEGS_BRIGHTON.zip",FALSE,83886080,"2025-07-17T11:45:00+1000",83517771,"2025-07-17T02:00:44Z","""16605e1-4fa614b-63a1660966341""",200,"2026-09-09T13:41:08Z"
"https://listdata.thelist.tas.gov.au/opendata/data/LIST_BOUNDARY_SEGS_BURNIE.zip","LIST_BOUNDARY_SEGS_BURNIE.zip","LIST_BOUNDARY_SEGS_BURNIE.zip",FALSE,119537664,"2025-07-17T11:34:00+1000",119601861,"2025-07-17T01:35:36Z","""16605e2-720fac5-63a1606af8302""",200,"2026-09-09T13:41:08Z"
"https://listdata.thelist.tas.gov.au/opendata/data/LIST_BOUNDARY_SEGS_CENTRAL_COAST.zip","LIST_BOUNDARY_SEGS_CENTRAL_COAST.zip","LIST_BOUNDARY_SEGS_CENTRAL_COAST.zip",FALSE,128974848,"2025-07-17T11:38:00+1000",128800631,"2025-07-17T01:54:46Z","""16605e3-7ad5777-63a164b44f620""",200,"2026-09-09T13:41:08Z"
"https://listdata.thelist.tas.gov.au/opendata/data/LIST_BOUNDARY_SEGS_CENTRAL_HIGHLANDS.zip","LIST_BOUNDARY_SEGS_CENTRAL_HIGHLANDS.zip","LIST_BOUNDARY_SEGS_CENTRAL_HIGHLANDS.zip",FALSE,104857600,"2025-07-17T11:46:00+1000",105220386,"2025-07-17T01:58:19Z","""16605e4-6458922-63a1657f8845d""",200,"2026-09-09T13:41:08Z"
"https://listdata.thelist.tas.gov.au/opendata/data/LIST_BOUNDARY_SEGS_CIRCULAR_HEAD.zip","LIST_BOUNDARY_SEGS_CIRCULAR_HEAD.zip","LIST_BOUNDARY_SEGS_CIRCULAR_HEAD.zip",FALSE,119537664,"2025-07-17T11:50:00+1000",119755241,"2025-07-17T01:36:28Z","""16605e5-72351e9-63a1609cde774""",200,"2026-09-09T13:41:08Z"
"https://listdata.thelist.tas.gov.au/opendata/data/LIST_BOUNDARY_SEGS_CLARENCE.zip","LIST_BOUNDARY_SEGS_CLARENCE.zip","LIST_BOUNDARY_SEGS_CLARENCE.zip",FALSE,220200960,"2025-07-17T11:41:00+1000",220687413,"2025-07-17T02:02:37Z","""16605e6-d276c35-63a166754e3b9""",200,"2026-09-09T13:41:08Z"
"https://listdata.thelist.tas.gov.au/opendata/data/LIST_BOUNDARY_SEGS_DERWENT_VALLEY.zip","LIST_BOUNDARY_SEGS_DERWENT_VALLEY.zip","LIST_BOUNDARY_SEGS_DERWENT_VALLEY.zip",FALSE,91226112,"2025-07-17T11:48:00+1000",91686196,"2025-07-17T01:59:06Z","""16605e7-5770534-63a165abf1ff7""",200,"2026-09-09T13:41:08Z"
"https://listdata.thelist.tas.gov.au/opendata/data/LIST_BOUNDARY_SEGS_DEVONPORT.zip","LIST_BOUNDARY_SEGS_DEVONPORT.zip","LIST_BOUNDARY_SEGS_DEVONPORT.zip",FALSE,106954752,"2025-07-17T11:42:00+1000",106545562,"2025-07-17T01:55:34Z","""16605e8-659c19a-63a164e2448c1""",200,"2026-09-09T13:41:08Z"
"https://listdata.thelist.tas.gov.au/opendata/data/LIST_BOUNDARY_SEGS_DORSET.zip","LIST_BOUNDARY_SEGS_DORSET.zip","LIST_BOUNDARY_SEGS_DORSET.zip",FALSE,114294784,"2025-07-17T11:53:00+1000",114070215,"2025-07-17T01:37:22Z","""16605e9-6cc92c7-63a160d00129b""",200,"2026-09-09T13:41:08Z"
"https://listdata.thelist.tas.gov.au/opendata/data/LIST_BOUNDARY_SEGS_FLINDERS.zip","LIST_BOUNDARY_SEGS_FLINDERS.zip","LIST_BOUNDARY_SEGS_FLINDERS.zip",FALSE,51380224,"2025-07-17T11:53:00+1000",51031274,"2025-07-17T01:50:01Z","""16605ea-30aacea-63a163a49d9e7""",200,"2026-09-09T13:41:08Z"
"https://listdata.thelist.tas.gov.au/opendata/data/LIST_BOUNDARY_SEGS_GEORGE_TOWN.zip","LIST_BOUNDARY_SEGS_GEORGE_TOWN.zip","LIST_BOUNDARY_SEGS_GEORGE_TOWN.zip",FALSE,59768832,"2025-07-17T11:49:00+1000",60103566,"2025-07-17T01:51:54Z","""16605eb-3951b8e-63a1640fb4ad5""",200,"2026-09-09T13:41:08Z"
"https://listdata.thelist.tas.gov.au/opendata/data/LIST_BOUNDARY_SEGS_GLAMORGAN_SPRING_BAY.zip","LIST_BOUNDARY_SEGS_GLAMORGAN_SPRING_BAY.zip","LIST_BOUNDARY_SEGS_GLAMORGAN_SPRING_BAY.zip",FALSE,119537664,"2025-07-17T11:40:00+1000",119041910,"2025-07-17T01:57:31Z","""16605ec-7186f76-63a16551195b0""",200,"2026-09-09T13:41:08Z"
"https://listdata.thelist.tas.gov.au/opendata/data/LIST_BOUNDARY_SEGS_GLENORCHY.zip","LIST_BOUNDARY_SEGS_GLENORCHY.zip","LIST_BOUNDARY_SEGS_GLENORCHY.zip",FALSE,184549376,"2025-07-17T11:38:00+1000",184734774,"2025-07-17T01:40:11Z","""16605ed-b02d436-63a16171c7797""",200,"2026-09-09T13:41:08Z"
"https://listdata.thelist.tas.gov.au/opendata/data/LIST_BOUNDARY_SEGS_HOBART.zip","LIST_BOUNDARY_SEGS_HOBART.zip","LIST_BOUNDARY_SEGS_HOBART.zip",FALSE,336592896,"2025-07-17T11:51:00+1000",336963106,"2025-07-17T01:45:01Z","""16605ee-1415a622-63a162867f6d6""",200,"2026-09-09T13:41:08Z"
"https://listdata.thelist.tas.gov.au/opendata/data/LIST_BOUNDARY_SEGS_HUON_VALLEY.zip","LIST_BOUNDARY_SEGS_HUON_VALLEY.zip","LIST_BOUNDARY_SEGS_HUON_VALLEY.zip",FALSE,214958080,"2025-07-17T11:56:00+1000",215149651,"2025-07-17T01:34:25Z","""16605ef-cd2ec53-63a160275168a""",200,"2026-09-09T13:41:08Z"
"https://listdata.thelist.tas.gov.au/opendata/data/LIST_BOUNDARY_SEGS_KENTISH.zip","LIST_BOUNDARY_SEGS_KENTISH.zip","LIST_BOUNDARY_SEGS_KENTISH.zip",FALSE,61865984,"2023-06-09T01:12:00+1000",61601391,"2025-07-17T01:38:44Z","""16605f0-3abf66f-63a1611eb7287""",200,"2026-09-09T13:41:08Z"
"https://listdata.thelist.tas.gov.au/opendata/data/LIST_BOUNDARY_SEGS_KING_ISLAND.zip","LIST_BOUNDARY_SEGS_KING_ISLAND.zip","LIST_BOUNDARY_SEGS_KING_ISLAND.zip",FALSE,40894464,"2023-06-09T01:08:00+1000",41257058,"2025-07-17T01:50:27Z","""16605f1-2758862-63a163bd15dab""",200,"2026-09-09T13:41:08Z"
"https://listdata.thelist.tas.gov.au/opendata/data/LIST_BOUNDARY_SEGS_KINGBOROUGH.zip","LIST_BOUNDARY_SEGS_KINGBOROUGH.zip","LIST_BOUNDARY_SEGS_KINGBOROUGH.zip",FALSE,227540992,"2023-06-09T01:08:00+1000",227584015,"2025-07-17T01:46:39Z","""16605f2-d90a80f-63a162e4057d7""",200,"2026-09-09T13:41:08Z"
"https://listdata.thelist.tas.gov.au/opendata/data/LIST_BOUNDARY_SEGS_LATROBE.zip","LIST_BOUNDARY_SEGS_LATROBE.zip","LIST_BOUNDARY_SEGS_LATROBE.zip",FALSE,75497472,"2023-06-09T01:05:00+1000",75431045,"2025-07-17T01:41:25Z","""16605f3-47efc85-63a161b86b0ae""",200,"2026-09-09T13:41:08Z"
"https://listdata.thelist.tas.gov.au/opendata/data/LIST_BOUNDARY_SEGS_LAUNCESTON.zip","LIST_BOUNDARY_SEGS_LAUNCESTON.zip","LIST_BOUNDARY_SEGS_LAUNCESTON.zip",FALSE,295698432,"2023-06-09T01:12:00+1000",295576159,"2025-07-17T01:48:45Z","""16605f4-119e225f-63a1635c3007b""",200,"2026-09-09T13:41:08Z"
"https://listdata.thelist.tas.gov.au/opendata/data/LIST_BOUNDARY_SEGS_MEANDER_VALLEY.zip","LIST_BOUNDARY_SEGS_MEANDER_VALLEY.zip","LIST_BOUNDARY_SEGS_MEANDER_VALLEY.zip",FALSE,152043520,"2023-06-09T01:05:00+1000",152217494,"2025-07-17T01:42:41Z","""16605f5-912a796-63a1620100222""",200,"2026-09-09T13:41:08Z"
"https://listdata.thelist.tas.gov.au/opendata/data/LIST_BOUNDARY_SEGS_NORTHERN_MIDLANDS.zip","LIST_BOUNDARY_SEGS_NORTHERN_MIDLANDS.zip","LIST_BOUNDARY_SEGS_NORTHERN_MIDLANDS.zip",FALSE,126877696,"2023-06-09T01:08:00+1000",126365187,"2025-07-17T01:53:01Z","""16605f6-7882e03-63a1644fb44ee""",200,"2026-09-09T13:41:08Z"
"https://listdata.thelist.tas.gov.au/opendata/data/LIST_BOUNDARY_SEGS_SORELL.zip","LIST_BOUNDARY_SEGS_SORELL.zip","LIST_BOUNDARY_SEGS_SORELL.zip",FALSE,105906176,"2023-06-09T01:12:00+1000",105433954,"2025-07-17T01:53:48Z","""16605f7-648cb62-63a1647d00bff""",200,"2026-09-09T13:41:08Z"
"https://listdata.thelist.tas.gov.au/opendata/data/LIST_BOUNDARY_SEGS_SOUTHERN_MIDLANDS.zip","LIST_BOUNDARY_SEGS_SOUTHERN_MIDLANDS.zip","LIST_BOUNDARY_SEGS_SOUTHERN_MIDLANDS.zip",FALSE,98566144,"2023-06-09T01:09:00+1000",98486119,"2025-07-17T01:49:33Z","""16605f8-5dec767-63a16389231c6""",200,"2026-09-09T13:41:08Z"
"https://listdata.thelist.tas.gov.au/opendata/data/LIST_BOUNDARY_SEGS_TASMAN.zip","LIST_BOUNDARY_SEGS_TASMAN.zip","LIST_BOUNDARY_SEGS_TASMAN.zip",FALSE,63963136,"2023-06-09T01:11:00+1000",64448602,"2025-07-17T01:40:46Z","""16605f9-3d7685a-63a161928d106""",200,"2026-09-09T13:41:08Z"
"https://listdata.thelist.tas.gov.au/opendata/data/LIST_BOUNDARY_SEGS_WARATAH_WYNYARD.zip","LIST_BOUNDARY_SEGS_WARATAH_WYNYARD.zip","LIST_BOUNDARY_SEGS_WARATAH_WYNYARD.zip",FALSE,111149056,"2023-06-09T01:06:00+1000",111493794,"2025-07-17T01:38:11Z","""16605fa-6a542a2-63a160ff17386""",200,"2026-09-09T13:41:08Z"
"https://listdata.thelist.tas.gov.au/opendata/data/LIST_BOUNDARY_SEGS_WEST_COAST.zip","LIST_BOUNDARY_SEGS_WEST_COAST.zip","LIST_BOUNDARY_SEGS_WEST_COAST.zip",FALSE,119537664,"2023-06-09T01:08:00+1000",119792267,"2025-07-17T01:51:20Z","""16605fb-723e28b-63a163ef3758e""",200,"2026-09-09T13:41:08Z"
"https://listdata.thelist.tas.gov.au/opendata/data/LIST_BOUNDARY_SEGS_WEST_TAMAR.zip","LIST_BOUNDARY_SEGS_WEST_TAMAR.zip","LIST_BOUNDARY_SEGS_WEST_TAMAR.zip",FALSE,134217728,"2023-06-09T01:07:00+1000",134282634,"2025-07-17T01:56:36Z","""16605fc-800fd8a-63a1651cc6fde""",200,"2026-09-09T13:41:08Z"
"https://listdata.thelist.tas.gov.au/opendata/data/LIST_BUILDING_PTS_BREAK_O_DAY.zip","LIST_BUILDING_PTS_BREAK_O_DAY.zip","LIST_BUILDING_PTS_BREAK_O_DAY.zip",FALSE,8178892.8,"2023-06-09T01:06:00+1000",8136581,"2023-06-08T15:12:10Z","""1660c50-7c2785-5fd9fad305dcf""",200,"2026-09-09T13:41:08Z"
"https://listdata.thelist.tas.gov.au/opendata/data/LIST_BUILDING_PTS_BRIGHTON.zip","LIST_BUILDING_PTS_BRIGHTON.zip","LIST_BUILDING_PTS_BRIGHTON.zip",FALSE,5976883.2,"2023-06-09T01:06:00+1000",5956597,"2023-06-08T15:08:16Z","""1660c42-5ae3f5-5fd9f9f3a0ed9""",200,"2026-09-09T13:41:08Z"
"https://listdata.thelist.tas.gov.au/opendata/data/LIST_BUILDING_PTS_BURNIE.zip","LIST_BUILDING_PTS_BURNIE.zip","LIST_BUILDING_PTS_BURNIE.zip",FALSE,7759462.4,"2023-06-09T01:10:00+1000",7780563,"2023-06-08T15:08:00Z","""1660c41-76b8d3-5fd9f9e447f73""",200,"2026-09-09T13:41:08Z"
"https://listdata.thelist.tas.gov.au/opendata/data/LIST_BUILDING_PTS_CENTRAL_COAST.zip","LIST_BUILDING_PTS_CENTRAL_COAST.zip","LIST_BUILDING_PTS_CENTRAL_COAST.zip",FALSE,12582912,"2023-06-09T01:10:00+1000",12731312,"2023-06-08T15:05:49Z","""1660c39-c243b0-5fd9f9676bc9a""",200,"2026-09-09T13:41:08Z"
"https://listdata.thelist.tas.gov.au/opendata/data/LIST_BUILDING_PTS_CENTRAL_HIGHLANDS.zip","LIST_BUILDING_PTS_CENTRAL_HIGHLANDS.zip","LIST_BUILDING_PTS_CENTRAL_HIGHLANDS.zip",FALSE,5767168,"2023-06-09T01:11:00+1000",5759795,"2023-06-08T15:12:59Z","""1660c53-57e333-5fd9fb01cac96""",200,"2026-09-09T13:41:08Z"
"https://listdata.thelist.tas.gov.au/opendata/data/LIST_BUILDING_PTS_CIRCULAR_HEAD.zip","LIST_BUILDING_PTS_CIRCULAR_HEAD.zip","LIST_BUILDING_PTS_CIRCULAR_HEAD.zip",FALSE,13631488,"2023-06-09T01:06:00+1000",14051887,"2023-06-08T15:05:16Z","""1660b72-d66a2f-5fd9f9478ebe3""",200,"2026-09-09T13:41:08Z"
"https://listdata.thelist.tas.gov.au/opendata/data/LIST_BUILDING_PTS_CLARENCE.zip","LIST_BUILDING_PTS_CLARENCE.zip","LIST_BUILDING_PTS_CLARENCE.zip",FALSE,10485760,"2023-06-09T01:11:00+1000",11007156,"2023-06-08T15:08:32Z","""1660c43-a7f4b4-5fd9fa0333f33""",200,"2026-09-09T13:41:08Z"
"https://listdata.thelist.tas.gov.au/opendata/data/LIST_BUILDING_PTS_DERWENT_VALLEY.zip","LIST_BUILDING_PTS_DERWENT_VALLEY.zip","LIST_BUILDING_PTS_DERWENT_VALLEY.zip",FALSE,6920601.6,"2023-06-09T01:10:00+1000",6957137,"2023-06-08T15:12:26Z","""1660c51-6a2851-5fd9fae20f5a6""",200,"2026-09-09T13:41:08Z"
"https://listdata.thelist.tas.gov.au/opendata/data/LIST_BUILDING_PTS_DEVONPORT.zip","LIST_BUILDING_PTS_DEVONPORT.zip","LIST_BUILDING_PTS_DEVONPORT.zip",FALSE,8703180.8,"2023-06-09T01:11:00+1000",8755690,"2023-06-08T15:09:56Z","""1660c48-8599ea-5fd9fa52b65a7""",200,"2026-09-09T13:41:08Z"
"https://listdata.thelist.tas.gov.au/opendata/data/LIST_BUILDING_PTS_DORSET.zip","LIST_BUILDING_PTS_DORSET.zip","LIST_BUILDING_PTS_DORSET.zip",FALSE,10276044.8,"2023-06-09T01:09:00+1000",10279488,"2023-06-08T15:11:19Z","""1660c4d-9cda40-5fd9faa1ca2f8""",200,"2026-09-09T13:41:08Z"
"https://listdata.thelist.tas.gov.au/opendata/data/LIST_BUILDING_PTS_FLINDERS.zip","LIST_BUILDING_PTS_FLINDERS.zip","LIST_BUILDING_PTS_FLINDERS.zip",FALSE,11534336,"2023-06-09T01:09:00+1000",11636724,"2023-06-08T15:06:38Z","""1660c3c-b18ff4-5fd9f996033cf""",200,"2026-09-09T13:41:08Z"
"https://listdata.thelist.tas.gov.au/opendata/data/LIST_BUILDING_PTS_GEORGE_TOWN.zip","LIST_BUILDING_PTS_GEORGE_TOWN.zip","LIST_BUILDING_PTS_GEORGE_TOWN.zip",FALSE,6291456,"2023-06-09T01:12:00+1000",6282172,"2023-06-08T15:08:49Z","""1660c44-5fdbbc-5fd9fa12bd74e""",200,"2026-09-09T13:41:08Z"
"https://listdata.thelist.tas.gov.au/opendata/data/LIST_BUILDING_PTS_GLAMORGAN_SPRING_BAY.zip","LIST_BUILDING_PTS_GLAMORGAN_SPRING_BAY.zip","LIST_BUILDING_PTS_GLAMORGAN_SPRING_BAY.zip",FALSE,10485760,"2023-06-09T01:05:00+1000",10577816,"2023-06-08T15:07:27Z","""1660c3f-a16798-5fd9f9c4be07d""",200,"2026-09-09T13:41:08Z"
"https://listdata.thelist.tas.gov.au/opendata/data/LIST_BUILDING_PTS_GLENORCHY.zip","LIST_BUILDING_PTS_GLENORCHY.zip","LIST_BUILDING_PTS_GLENORCHY.zip",FALSE,1992294.4,"2023-06-09T01:09:00+1000",1946017,"2023-06-08T15:06:06Z","""1660c3a-1db1a1-5fd9f97732ac8""",200,"2026-09-09T13:41:08Z"
"https://listdata.thelist.tas.gov.au/opendata/data/LIST_BUILDING_PTS_HOBART.zip","LIST_BUILDING_PTS_HOBART.zip","LIST_BUILDING_PTS_HOBART.zip",FALSE,4404019.2,"2023-06-09T01:07:00+1000",4421068,"2023-06-08T15:06:21Z","""1660c3b-4375cc-5fd9f9864aa70""",200,"2026-09-09T13:41:08Z"
"https://listdata.thelist.tas.gov.au/opendata/data/LIST_BUILDING_PTS_HUON_VALLEY.zip","LIST_BUILDING_PTS_HUON_VALLEY.zip","LIST_BUILDING_PTS_HUON_VALLEY.zip",FALSE,16777216,"2023-06-09T01:07:00+1000",16316651,"2023-06-08T15:10:45Z","""1660c4b-f8f8eb-5fd9fa81b5909""",200,"2026-09-09T13:41:08Z"
"https://listdata.thelist.tas.gov.au/opendata/data/LIST_BUILDING_PTS_KENTISH.zip","LIST_BUILDING_PTS_KENTISH.zip","LIST_BUILDING_PTS_KENTISH.zip",FALSE,7654604.8,"2025-07-18T09:40:00+1000",7645459,"2023-06-08T15:10:12Z","""1660c49-74a913-5fd9fa6250c2f""",200,"2026-09-09T13:41:08Z"
"https://listdata.thelist.tas.gov.au/opendata/data/LIST_BUILDING_PTS_KING_ISLAND.zip","LIST_BUILDING_PTS_KING_ISLAND.zip","LIST_BUILDING_PTS_KING_ISLAND.zip",FALSE,6396313.6,"2025-07-18T09:41:00+1000",6404699,"2023-06-08T15:06:55Z","""1660c3d-61ba5b-5fd9f9a60b841""",200,"2026-09-09T13:41:08Z"
"https://listdata.thelist.tas.gov.au/opendata/data/LIST_BUILDING_PTS_KINGBOROUGH.zip","LIST_BUILDING_PTS_KINGBOROUGH.zip","LIST_BUILDING_PTS_KINGBOROUGH.zip",FALSE,12582912,"2025-07-18T09:41:00+1000",12228199,"2023-06-08T15:11:02Z","""1660c4c-ba9667-5fd9fa91c3275""",200,"2026-09-09T13:41:08Z"
"https://listdata.thelist.tas.gov.au/opendata/data/LIST_BUILDING_PTS_LATROBE.zip","LIST_BUILDING_PTS_LATROBE.zip","LIST_BUILDING_PTS_LATROBE.zip",FALSE,8178892.8,"2025-07-18T09:41:00+1000",8196366,"2023-06-08T15:11:36Z","""1660c4e-7d110e-5fd9fab2545f2""",200,"2026-09-09T13:41:08Z"
"https://listdata.thelist.tas.gov.au/opendata/data/LIST_BUILDING_PTS_LAUNCESTON.zip","LIST_BUILDING_PTS_LAUNCESTON.zip","LIST_BUILDING_PTS_LAUNCESTON.zip",FALSE,19922944,"2025-07-17T14:58:00+1000",19671752,"2023-06-08T15:10:28Z","""1660c4a-12c2ac8-5fd9fa718e80e""",200,"2026-09-09T13:41:08Z"
"https://listdata.thelist.tas.gov.au/opendata/data/LIST_BUILDING_PTS_MEANDER_VALLEY.zip","LIST_BUILDING_PTS_MEANDER_VALLEY.zip","LIST_BUILDING_PTS_MEANDER_VALLEY.zip",FALSE,14680064,"2025-07-17T14:59:00+1000",14651890,"2023-06-08T15:11:53Z","""1660c4f-df91f2-5fd9fac251f1d""",200,"2026-09-09T13:41:08Z"
"https://listdata.thelist.tas.gov.au/opendata/data/LIST_BUILDING_PTS_NORTHERN_MIDLANDS.zip","LIST_BUILDING_PTS_NORTHERN_MIDLANDS.zip","LIST_BUILDING_PTS_NORTHERN_MIDLANDS.zip",FALSE,10485760,"2025-07-17T14:49:00+1000",10873024,"2023-06-08T15:09:38Z","""1660c47-a5e8c0-5fd9fa421883e""",200,"2026-09-09T13:41:08Z"
"https://listdata.thelist.tas.gov.au/opendata/data/LIST_BUILDING_PTS_SORELL.zip","LIST_BUILDING_PTS_SORELL.zip","LIST_BUILDING_PTS_SORELL.zip",FALSE,8598323.2,"2025-07-17T14:56:00+1000",8640537,"2023-06-08T15:09:21Z","""1660c46-83d819-5fd9fa3183b7b""",200,"2026-09-09T13:41:08Z"
"https://listdata.thelist.tas.gov.au/opendata/data/LIST_BUILDING_PTS_SOUTHERN_MIDLANDS.zip","LIST_BUILDING_PTS_SOUTHERN_MIDLANDS.zip","LIST_BUILDING_PTS_SOUTHERN_MIDLANDS.zip",FALSE,6081740.8,"2025-07-17T14:58:00+1000",6086799,"2023-06-08T15:12:43Z","""1660c52-5ce08f-5fd9faf1cbf48""",200,"2026-09-09T13:41:08Z"
"https://listdata.thelist.tas.gov.au/opendata/data/LIST_BUILDING_PTS_TASMAN.zip","LIST_BUILDING_PTS_TASMAN.zip","LIST_BUILDING_PTS_TASMAN.zip",FALSE,7759462.4,"2025-07-17T14:50:00+1000",7729564,"2023-06-08T15:05:33Z","""1660c22-75f19c-5fd9f95809674""",200,"2026-09-09T13:41:08Z"
"https://listdata.thelist.tas.gov.au/opendata/data/LIST_BUILDING_PTS_WARATAH_WYNYARD.zip","LIST_BUILDING_PTS_WARATAH_WYNYARD.zip","LIST_BUILDING_PTS_WARATAH_WYNYARD.zip",FALSE,3774873.6,"2025-07-17T14:59:00+1000",3811974,"2023-06-08T15:09:05Z","""1660c45-3a2a86-5fd9fa22048c2""",200,"2026-09-09T13:41:08Z"
"https://listdata.thelist.tas.gov.au/opendata/data/LIST_BUILDING_PTS_WEST_COAST.zip","LIST_BUILDING_PTS_WEST_COAST.zip","LIST_BUILDING_PTS_WEST_COAST.zip",FALSE,10485760,"2025-07-17T14:58:00+1000",10888134,"2023-06-08T15:07:10Z","""1660c3e-a623c6-5fd9f9b507cc8""",200,"2026-09-09T13:41:08Z"
"https://listdata.thelist.tas.gov.au/opendata/data/LIST_BUILDING_PTS_WEST_TAMAR.zip","LIST_BUILDING_PTS_WEST_TAMAR.zip","LIST_BUILDING_PTS_WEST_TAMAR.zip",FALSE,12582912,"2025-07-17T14:56:00+1000",13020292,"2023-06-08T15:07:43Z","""1660c40-c6ac84-5fd9f9d4533d8""",200,"2026-09-09T13:41:08Z"
"https://listdata.thelist.tas.gov.au/opendata/data/LIST_CFEV_CATCHMENTS_STATEWIDE.zip","LIST_CFEV_CATCHMENTS_STATEWIDE.zip","LIST_CFEV_CATCHMENTS_STATEWIDE.zip",FALSE,17825792,"2025-07-17T14:50:00+1000",18277334,"2025-07-17T23:40:54Z","""1660a67-116e3d6-63a288a5b611e""",200,"2026-09-09T13:41:08Z"
"https://listdata.thelist.tas.gov.au/opendata/data/LIST_CFEV_ESTUARIES_STATEWIDE.zip","LIST_CFEV_ESTUARIES_STATEWIDE.zip","LIST_CFEV_ESTUARIES_STATEWIDE.zip",FALSE,4089446.4,"2025-07-17T14:54:00+1000",4075820,"2025-07-17T23:41:05Z","""1660a68-3e312c-63a288afcd45b""",200,"2026-09-09T13:41:08Z"
"https://listdata.thelist.tas.gov.au/opendata/data/LIST_CFEV_GROUNDWATER_STATEWIDE.zip","LIST_CFEV_GROUNDWATER_STATEWIDE.zip","LIST_CFEV_GROUNDWATER_STATEWIDE.zip",FALSE,45056,"2025-07-17T14:55:00+1000",45030,"2025-07-17T23:41:13Z","""1660a69-afe6-63a288b8299ee""",200,"2026-09-09T13:41:08Z"
"https://listdata.thelist.tas.gov.au/opendata/data/LIST_CFEV_KARST_STATEWIDE.zip","LIST_CFEV_KARST_STATEWIDE.zip","LIST_CFEV_KARST_STATEWIDE.zip",FALSE,2202009.6,"2025-07-17T14:57:00+1000",2177776,"2025-07-17T23:41:22Z","""1660a6a-213af0-63a288c03b64c""",200,"2026-09-09T13:41:08Z"
"https://listdata.thelist.tas.gov.au/opendata/data/LIST_CFEV_RIVER_SEC_CATCH_BREAK_O_DAY.zip","LIST_CFEV_RIVER_SEC_CATCH_BREAK_O_DAY.zip","LIST_CFEV_RIVER_SEC_CATCH_BREAK_O_DAY.zip",FALSE,71303168,"2024-09-17T12:10:00+1000",71717470,"2024-09-17T22:48:09Z","""1660a7a-446525e-622587bc6a5fd""",200,"2026-09-09T13:41:08Z"
"https://listdata.thelist.tas.gov.au/opendata/data/LIST_CFEV_RIVER_SEC_CATCH_BRIGHTON.zip","LIST_CFEV_RIVER_SEC_CATCH_BRIGHTON.zip","LIST_CFEV_RIVER_SEC_CATCH_BRIGHTON.zip",FALSE,3565158.4,"2024-09-17T17:20:00+1000",3540341,"2024-09-17T09:00:29Z","""1660a6b-360575-6224cebcd24bb""",200,"2026-09-09T13:41:08Z"
"https://listdata.thelist.tas.gov.au/opendata/data/LIST_CFEV_RIVER_SEC_CATCH_BURNIE.zip","LIST_CFEV_RIVER_SEC_CATCH_BURNIE.zip","LIST_CFEV_RIVER_SEC_CATCH_BURNIE.zip",FALSE,16777216,"2024-09-17T17:19:00+1000",16925016,"2024-09-17T08:59:46Z","""1660a73-1024158-6224ce9432f34""",200,"2026-09-09T13:41:08Z"
"https://listdata.thelist.tas.gov.au/opendata/data/LIST_CFEV_RIVER_SEC_CATCH_CENTRAL_COAST.zip","LIST_CFEV_RIVER_SEC_CATCH_CENTRAL_COAST.zip","LIST_CFEV_RIVER_SEC_CATCH_CENTRAL_COAST.zip",FALSE,27262976,"2024-09-17T17:27:00+1000",27210185,"2024-09-17T02:09:36Z","""1660a74-19f31c9-622472e617491""",200,"2026-09-09T13:41:08Z"
"https://listdata.thelist.tas.gov.au/opendata/data/LIST_CFEV_RIVER_SEC_CATCH_CENTRAL_HIGHLANDS.zip","LIST_CFEV_RIVER_SEC_CATCH_CENTRAL_HIGHLANDS.zip","LIST_CFEV_RIVER_SEC_CATCH_CENTRAL_HIGHLANDS.zip",FALSE,58720256,"2024-09-17T15:42:00+1000",58431992,"2024-09-17T08:02:35Z","""1660a80-37b99f8-6224c1cc61f21""",200,"2026-09-09T13:41:08Z"
"https://listdata.thelist.tas.gov.au/opendata/data/LIST_CFEV_RIVER_SEC_CATCH_CIRCULAR_HEAD.zip","LIST_CFEV_RIVER_SEC_CATCH_CIRCULAR_HEAD.zip","LIST_CFEV_RIVER_SEC_CATCH_CIRCULAR_HEAD.zip",FALSE,118489088,"2024-09-17T13:35:00+1000",118248309,"2024-09-17T01:17:25Z","""1660a76-70c5375-6224673c6039f""",200,"2026-09-09T13:41:08Z"
"https://listdata.thelist.tas.gov.au/opendata/data/LIST_CFEV_RIVER_SEC_CATCH_CLARENCE.zip","LIST_CFEV_RIVER_SEC_CATCH_CLARENCE.zip","LIST_CFEV_RIVER_SEC_CATCH_CLARENCE.zip",FALSE,160768,"2024-09-17T12:02:00+1000",160336,"2024-09-17T09:10:28Z","""1660a6f-27250-6224d0f7e485f""",200,"2026-09-09T13:41:08Z"
"https://listdata.thelist.tas.gov.au/opendata/data/LIST_CFEV_RIVER_SEC_CATCH_DERWENT_VALLEY.zip","LIST_CFEV_RIVER_SEC_CATCH_DERWENT_VALLEY.zip","LIST_CFEV_RIVER_SEC_CATCH_DERWENT_VALLEY.zip",FALSE,160768,"2024-09-17T15:37:00+1000",160996,"2024-09-17T09:10:25Z","""1660a6c-274e4-6224d0f5ad700""",200,"2026-09-09T13:41:08Z"
"https://listdata.thelist.tas.gov.au/opendata/data/LIST_CFEV_RIVER_SEC_CATCH_DEVONPORT.zip","LIST_CFEV_RIVER_SEC_CATCH_DEVONPORT.zip","LIST_CFEV_RIVER_SEC_CATCH_DEVONPORT.zip",FALSE,3460300.8,"2024-09-17T19:10:00+1000",3497369,"2024-09-17T01:50:44Z","""1660a75-355d99-62246eaed1cef""",200,"2026-09-09T13:41:08Z"
"https://listdata.thelist.tas.gov.au/opendata/data/LIST_CFEV_RIVER_SEC_CATCH_DORSET.zip","LIST_CFEV_RIVER_SEC_CATCH_DORSET.zip","LIST_CFEV_RIVER_SEC_CATCH_DORSET.zip",FALSE,58720256,"2024-09-17T12:57:00+1000",58393405,"2024-09-17T01:50:05Z","""1660a7b-37b033d-62246e89099f8""",200,"2026-09-09T13:41:08Z"
"https://listdata.thelist.tas.gov.au/opendata/data/LIST_CFEV_RIVER_SEC_CATCH_FLINDERS.zip","LIST_CFEV_RIVER_SEC_CATCH_FLINDERS.zip","LIST_CFEV_RIVER_SEC_CATCH_FLINDERS.zip",FALSE,35651584,"2024-09-17T15:45:00+1000",35283003,"2024-09-17T03:34:11Z","""1660a77-21a603b-622485ce20d4c""",200,"2026-09-09T13:41:08Z"
"https://listdata.thelist.tas.gov.au/opendata/data/LIST_CFEV_RIVER_SEC_CATCH_GEORGE_TOWN.zip","LIST_CFEV_RIVER_SEC_CATCH_GEORGE_TOWN.zip","LIST_CFEV_RIVER_SEC_CATCH_GEORGE_TOWN.zip",FALSE,11534336,"2024-09-17T13:13:00+1000",11043325,"2024-09-17T05:39:26Z","""1660a82-a881fd-6224a1cc74809""",200,"2026-09-09T13:41:08Z"
"https://listdata.thelist.tas.gov.au/opendata/data/LIST_CFEV_RIVER_SEC_CATCH_GLAMORGAN_SPRING_BAY.zip","LIST_CFEV_RIVER_SEC_CATCH_GLAMORGAN_SPRING_BAY.zip","LIST_CFEV_RIVER_SEC_CATCH_GLAMORGAN_SPRING_BAY.zip",FALSE,61865984,"2025-07-17T14:47:00+1000",61865541,"2024-09-17T22:23:07Z","""1660a72-3affe45-62258223e5b57""",200,"2026-09-09T13:41:08Z"
"https://listdata.thelist.tas.gov.au/opendata/data/LIST_CFEV_RIVER_SEC_CATCH_GLENORCHY.zip","LIST_CFEV_RIVER_SEC_CATCH_GLENORCHY.zip","LIST_CFEV_RIVER_SEC_CATCH_GLENORCHY.zip",FALSE,2516582.4,"2024-09-17T11:57:00+1000",2538815,"2024-09-17T02:10:03Z","""1660a7f-26bd3f-62247300419a7""",200,"2026-09-09T13:41:08Z"
"https://listdata.thelist.tas.gov.au/opendata/data/LIST_CFEV_RIVER_SEC_CATCH_HOBART.zip","LIST_CFEV_RIVER_SEC_CATCH_HOBART.zip","LIST_CFEV_RIVER_SEC_CATCH_HOBART.zip",FALSE,2097152,"2024-09-17T18:55:00+1000",2149552,"2024-09-17T07:20:09Z","""1660a84-20ccb0-6224b84fa4483""",200,"2026-09-09T13:41:08Z"
"https://listdata.thelist.tas.gov.au/opendata/data/LIST_CFEV_RIVER_SEC_CATCH_HUON_VALLEY.zip","LIST_CFEV_RIVER_SEC_CATCH_HUON_VALLEY.zip","LIST_CFEV_RIVER_SEC_CATCH_HUON_VALLEY.zip",FALSE,165675008,"2024-09-17T15:31:00+1000",165437031,"2024-09-17T07:19:38Z","""1660a86-9dc5e67-6224b8324e1af""",200,"2026-09-09T13:41:08Z"
"https://listdata.thelist.tas.gov.au/opendata/data/LIST_CFEV_RIVER_SEC_CATCH_KENTISH.zip","LIST_CFEV_RIVER_SEC_CATCH_KENTISH.zip","LIST_CFEV_RIVER_SEC_CATCH_KENTISH.zip",FALSE,20971520,"2024-09-17T15:33:00+1000",21293664,"2024-09-17T07:27:33Z","""1660a7d-144ea60-6224b9f7d2d0e""",200,"2026-09-09T13:41:08Z"
"https://listdata.thelist.tas.gov.au/opendata/data/LIST_CFEV_RIVER_SEC_CATCH_KING_ISLAND.zip","LIST_CFEV_RIVER_SEC_CATCH_KING_ISLAND.zip","LIST_CFEV_RIVER_SEC_CATCH_KING_ISLAND.zip",FALSE,23068672,"2025-07-18T09:41:00+1000",22707329,"2024-09-17T03:35:18Z","""1660a78-15a7c81-6224860e2f236""",200,"2026-09-09T13:41:08Z"
"https://listdata.thelist.tas.gov.au/opendata/data/LIST_CFEV_RIVER_SEC_CATCH_KINGBOROUGH.zip","LIST_CFEV_RIVER_SEC_CATCH_KINGBOROUGH.zip","LIST_CFEV_RIVER_SEC_CATCH_KINGBOROUGH.zip",FALSE,20971520,"2025-07-18T09:41:00+1000",21460689,"2024-09-17T05:42:07Z","""1660a83-14776d1-6224a266daf27""",200,"2026-09-09T13:41:08Z"
"https://listdata.thelist.tas.gov.au/opendata/data/LIST_CFEV_RIVER_SEC_CATCH_LATROBE.zip","LIST_CFEV_RIVER_SEC_CATCH_LATROBE.zip","LIST_CFEV_RIVER_SEC_CATCH_LATROBE.zip",FALSE,15728640,"2025-07-18T09:42:00+1000",16008888,"2024-09-17T02:02:20Z","""1660a71-f446b8-622471468b4ad""",200,"2026-09-09T13:41:08Z"
"https://listdata.thelist.tas.gov.au/opendata/data/LIST_CFEV_RIVER_SEC_CATCH_LAUNCESTON.zip","LIST_CFEV_RIVER_SEC_CATCH_LAUNCESTON.zip","LIST_CFEV_RIVER_SEC_CATCH_LAUNCESTON.zip",FALSE,8598323.2,"2025-07-18T09:13:00+1000",8579415,"2024-09-17T05:37:04Z","""1660a85-82e957-6224a14558ba0""",200,"2026-09-09T13:41:08Z"
"https://listdata.thelist.tas.gov.au/opendata/data/LIST_CFEV_RIVER_SEC_CATCH_MEANDER_VALLEY.zip","LIST_CFEV_RIVER_SEC_CATCH_MEANDER_VALLEY.zip","LIST_CFEV_RIVER_SEC_CATCH_MEANDER_VALLEY.zip",FALSE,493568,"2025-07-18T09:14:00+1000",494020,"2024-09-17T09:10:23Z","""1660a87-789c4-6224d0f338dec""",200,"2026-09-09T13:41:08Z"
"https://listdata.thelist.tas.gov.au/opendata/data/LIST_CFEV_RIVER_SEC_CATCH_NORTHERN_MIDLANDS.zip","LIST_CFEV_RIVER_SEC_CATCH_NORTHERN_MIDLANDS.zip","LIST_CFEV_RIVER_SEC_CATCH_NORTHERN_MIDLANDS.zip",FALSE,60817408,"2025-07-18T09:03:00+1000",60349219,"2024-09-17T02:57:18Z","""1660a7c-398db23-62247d9008ec8""",200,"2026-09-09T13:41:08Z"
"https://listdata.thelist.tas.gov.au/opendata/data/LIST_CFEV_RIVER_SEC_CATCH_SORELL.zip","LIST_CFEV_RIVER_SEC_CATCH_SORELL.zip","LIST_CFEV_RIVER_SEC_CATCH_SORELL.zip",FALSE,15728640,"2025-07-18T09:11:00+1000",15300671,"2024-09-17T05:45:53Z","""1660a6e-e9783f-6224a33df67d8""",200,"2026-09-09T13:41:08Z"
"https://listdata.thelist.tas.gov.au/opendata/data/LIST_CFEV_RIVER_SEC_CATCH_SOUTHERN_MIDLANDS.zip","LIST_CFEV_RIVER_SEC_CATCH_SOUTHERN_MIDLANDS.zip","LIST_CFEV_RIVER_SEC_CATCH_SOUTHERN_MIDLANDS.zip",FALSE,42991616,"2025-07-18T09:13:00+1000",42770794,"2024-09-17T03:13:19Z","""1660a7e-28ca16a-62248123ece2d""",200,"2026-09-09T13:41:08Z"
"https://listdata.thelist.tas.gov.au/opendata/data/LIST_CFEV_RIVER_SEC_CATCH_STATEWIDE.zip","LIST_CFEV_RIVER_SEC_CATCH_STATEWIDE.zip","LIST_CFEV_RIVER_SEC_CATCH_STATEWIDE.zip",FALSE,858783744,"2025-07-18T09:04:00+1000",858443954,"2025-07-17T04:47:59Z","""1660c83-332ad0b2-63a18b6b89a14""",200,"2026-09-09T13:41:08Z"
"https://listdata.thelist.tas.gov.au/opendata/data/LIST_CFEV_RIVER_SEC_CATCH_TASMAN.zip","LIST_CFEV_RIVER_SEC_CATCH_TASMAN.zip","LIST_CFEV_RIVER_SEC_CATCH_TASMAN.zip",FALSE,32505856,"2025-07-18T09:14:00+1000",32474634,"2024-09-17T01:57:59Z","""1660a70-1ef860a-6224704de36c3""",200,"2026-09-09T13:41:08Z"
"https://listdata.thelist.tas.gov.au/opendata/data/LIST_CFEV_RIVER_SEC_CATCH_WARATAH_WYNYARD.zip","LIST_CFEV_RIVER_SEC_CATCH_WARATAH_WYNYARD.zip","LIST_CFEV_RIVER_SEC_CATCH_WARATAH_WYNYARD.zip",FALSE,99614720,"2025-07-18T09:13:00+1000",99720150,"2024-09-17T08:55:21Z","""1660a6d-5f19bd6-6224cd97b0d17""",200,"2026-09-09T13:41:08Z"
"https://listdata.thelist.tas.gov.au/opendata/data/LIST_CFEV_RIVER_SEC_CATCH_WEST_COAST.zip","LIST_CFEV_RIVER_SEC_CATCH_WEST_COAST.zip","LIST_CFEV_RIVER_SEC_CATCH_WEST_COAST.zip",FALSE,191889408,"2025-07-18T09:11:00+1000",191837073,"2024-09-17T05:31:22Z","""1660a79-b6f3391-62249fff3afea""",200,"2026-09-09T13:41:08Z"
"https://listdata.thelist.tas.gov.au/opendata/data/LIST_CFEV_RIVER_SEC_CATCH_WEST_TAMAR.zip","LIST_CFEV_RIVER_SEC_CATCH_WEST_TAMAR.zip","LIST_CFEV_RIVER_SEC_CATCH_WEST_TAMAR.zip",FALSE,8178892.8,"2025-07-18T09:04:00+1000",8171542,"2024-09-17T05:33:18Z","""1660a81-7cb016-6224a06dff5e3""",200,"2026-09-09T13:41:08Z"
"https://listdata.thelist.tas.gov.au/opendata/data/LIST_CFEV_RIVERS_BREAK_O_DAY.zip","LIST_CFEV_RIVERS_BREAK_O_DAY.zip","LIST_CFEV_RIVERS_BREAK_O_DAY.zip",FALSE,39845888,"2025-07-17T14:51:00+1000",40058225,"2025-07-17T04:58:56Z","""1660a97-2633d71-63a18dddb6f99""",200,"2026-09-09T13:41:08Z"
"https://listdata.thelist.tas.gov.au/opendata/data/LIST_CFEV_RIVERS_BRIGHTON.zip","LIST_CFEV_RIVERS_BRIGHTON.zip","LIST_CFEV_RIVERS_BRIGHTON.zip",FALSE,2202009.6,"2025-07-17T14:52:00+1000",2246128,"2025-07-17T04:59:15Z","""1660a88-2245f0-63a18defef6bf""",200,"2026-09-09T13:41:08Z"
"https://listdata.thelist.tas.gov.au/opendata/data/LIST_CFEV_RIVERS_BURNIE.zip","LIST_CFEV_RIVERS_BURNIE.zip","LIST_CFEV_RIVERS_BURNIE.zip",FALSE,10066329.6,"2025-07-17T14:49:00+1000",10088666,"2025-07-17T04:49:38Z","""1660a90-99f0da-63a18bc9f83d2""",200,"2026-09-09T13:41:08Z"
"https://listdata.thelist.tas.gov.au/opendata/data/LIST_CFEV_RIVERS_CENTRAL_COAST.zip","LIST_CFEV_RIVERS_CENTRAL_COAST.zip","LIST_CFEV_RIVERS_CENTRAL_COAST.zip",FALSE,13631488,"2025-07-17T14:51:00+1000",13839326,"2025-07-17T04:56:43Z","""1660a91-d32bde-63a18d5f99670""",200,"2026-09-09T13:41:08Z"
"https://listdata.thelist.tas.gov.au/opendata/data/LIST_CFEV_RIVERS_CENTRAL_HIGHLANDS.zip","LIST_CFEV_RIVERS_CENTRAL_HIGHLANDS.zip","LIST_CFEV_RIVERS_CENTRAL_HIGHLANDS.zip",FALSE,60817408,"2025-07-17T14:53:00+1000",61022742,"2025-07-17T04:58:04Z","""1660a9d-3a32216-63a18dac2d700""",200,"2026-09-09T13:41:08Z"
"https://listdata.thelist.tas.gov.au/opendata/data/LIST_CFEV_RIVERS_CIRCULAR_HEAD.zip","LIST_CFEV_RIVERS_CIRCULAR_HEAD.zip","LIST_CFEV_RIVERS_CIRCULAR_HEAD.zip",FALSE,71303168,"2025-07-17T14:54:00+1000",71824529,"2025-07-17T04:50:07Z","""1660a93-447f491-63a18be5b399e""",200,"2026-09-09T13:41:08Z"
"https://listdata.thelist.tas.gov.au/opendata/data/LIST_CFEV_RIVERS_CLARENCE.zip","LIST_CFEV_RIVERS_CLARENCE.zip","LIST_CFEV_RIVERS_CLARENCE.zip",FALSE,4404019.2,"2025-07-17T14:52:00+1000",4384215,"2025-07-17T04:59:31Z","""1660a8c-42e5d7-63a18dff138df""",200,"2026-09-09T13:41:08Z"
"https://listdata.thelist.tas.gov.au/opendata/data/LIST_CFEV_RIVERS_DERWENT_VALLEY.zip","LIST_CFEV_RIVERS_DERWENT_VALLEY.zip","LIST_CFEV_RIVERS_DERWENT_VALLEY.zip",FALSE,41943040,"2025-07-17T14:53:00+1000",42300209,"2025-07-17T04:58:31Z","""1660a89-2857331-63a18dc5ee2c5""",200,"2026-09-09T13:41:08Z"
"https://listdata.thelist.tas.gov.au/opendata/data/LIST_CFEV_RIVERS_DEVONPORT.zip","LIST_CFEV_RIVERS_DEVONPORT.zip","LIST_CFEV_RIVERS_DEVONPORT.zip",FALSE,1782579.2,"2025-07-17T14:52:00+1000",1821275,"2025-07-17T04:56:59Z","""1660a92-1bca5b-63a18d6e58076""",200,"2026-09-09T13:41:08Z"
"https://listdata.thelist.tas.gov.au/opendata/data/LIST_CFEV_RIVERS_DORSET.zip","LIST_CFEV_RIVERS_DORSET.zip","LIST_CFEV_RIVERS_DORSET.zip",FALSE,35651584,"2025-07-17T14:56:00+1000",35700291,"2025-07-17T04:50:33Z","""1660a98-220be43-63a18bfe481b7""",200,"2026-09-09T13:41:08Z"
"https://listdata.thelist.tas.gov.au/opendata/data/LIST_CFEV_RIVERS_FLINDERS.zip","LIST_CFEV_RIVERS_FLINDERS.zip","LIST_CFEV_RIVERS_FLINDERS.zip",FALSE,18874368,"2025-07-17T14:56:00+1000",19136746,"2025-07-17T04:54:03Z","""1660a94-12400ea-63a18cc645e0f""",200,"2026-09-09T13:41:08Z"
"https://listdata.thelist.tas.gov.au/opendata/data/LIST_CFEV_RIVERS_GEORGE_TOWN.zip","LIST_CFEV_RIVERS_GEORGE_TOWN.zip","LIST_CFEV_RIVERS_GEORGE_TOWN.zip",FALSE,6606028.8,"2025-07-17T14:53:00+1000",6568343,"2025-07-17T04:55:42Z","""1660a9f-643997-63a18d2587e3d""",200,"2026-09-09T13:41:08Z"
"https://listdata.thelist.tas.gov.au/opendata/data/LIST_CFEV_RIVERS_GLAMORGAN_SPRING_BAY.zip","LIST_CFEV_RIVERS_GLAMORGAN_SPRING_BAY.zip","LIST_CFEV_RIVERS_GLAMORGAN_SPRING_BAY.zip",FALSE,28311552,"2025-07-17T14:51:00+1000",28707205,"2025-07-17T04:57:34Z","""1660a8f-1b60985-63a18d8ff77f4""",200,"2026-09-09T13:41:08Z"
"https://listdata.thelist.tas.gov.au/opendata/data/LIST_CFEV_RIVERS_GLENORCHY.zip","LIST_CFEV_RIVERS_GLENORCHY.zip","LIST_CFEV_RIVERS_GLENORCHY.zip",FALSE,1258291.2,"2025-07-17T14:51:00+1000",1237673,"2025-07-17T04:51:37Z","""1660a9c-12e2a9-63a18c3bd12f1""",200,"2026-09-09T13:41:08Z"
"https://listdata.thelist.tas.gov.au/opendata/data/LIST_CFEV_RIVERS_HOBART.zip","LIST_CFEV_RIVERS_HOBART.zip","LIST_CFEV_RIVERS_HOBART.zip",FALSE,1258291.2,"2025-07-17T14:55:00+1000",1210327,"2025-07-17T04:52:47Z","""1660aa1-1277d7-63a18c7e16c46""",200,"2026-09-09T13:41:08Z"
"https://listdata.thelist.tas.gov.au/opendata/data/LIST_CFEV_RIVERS_HUON_VALLEY.zip","LIST_CFEV_RIVERS_HUON_VALLEY.zip","LIST_CFEV_RIVERS_HUON_VALLEY.zip",FALSE,68157440,"2025-07-17T14:57:00+1000",68501839,"2025-07-17T04:49:17Z","""1660aa3-415414f-63a18bb6729aa""",200,"2026-09-09T13:41:08Z"
"https://listdata.thelist.tas.gov.au/opendata/data/LIST_CFEV_RIVERS_KENTISH.zip","LIST_CFEV_RIVERS_KENTISH.zip","LIST_CFEV_RIVERS_KENTISH.zip",FALSE,13631488,"2024-09-18T08:48:00+1000",13846868,"2025-07-17T04:51:21Z","""1660a9a-d34954-63a18c2c890b7""",200,"2026-09-09T13:41:08Z"
"https://listdata.thelist.tas.gov.au/opendata/data/LIST_CFEV_RIVERS_KING_ISLAND.zip","LIST_CFEV_RIVERS_KING_ISLAND.zip","LIST_CFEV_RIVERS_KING_ISLAND.zip",FALSE,12582912,"2024-09-17T18:59:00+1000",12765729,"2025-07-17T04:54:20Z","""1660a95-c2ca21-63a18cd769b07""",200,"2026-09-09T13:41:08Z"
"https://listdata.thelist.tas.gov.au/opendata/data/LIST_CFEV_RIVERS_KINGBOROUGH.zip","LIST_CFEV_RIVERS_KINGBOROUGH.zip","LIST_CFEV_RIVERS_KINGBOROUGH.zip",FALSE,8493465.6,"2024-09-17T19:00:00+1000",8487795,"2025-07-17T04:53:03Z","""1660aa0-818373-63a18c8d9b87e""",200,"2026-09-09T13:41:08Z"
"https://listdata.thelist.tas.gov.au/opendata/data/LIST_CFEV_RIVERS_LATROBE.zip","LIST_CFEV_RIVERS_LATROBE.zip","LIST_CFEV_RIVERS_LATROBE.zip",FALSE,7549747.2,"2024-09-17T12:09:00+1000",7581635,"2025-07-17T04:52:10Z","""1660a8e-73afc3-63a18c5a85995""",200,"2026-09-09T13:41:08Z"
"https://listdata.thelist.tas.gov.au/opendata/data/LIST_CFEV_RIVERS_LAUNCESTON.zip","LIST_CFEV_RIVERS_LAUNCESTON.zip","LIST_CFEV_RIVERS_LAUNCESTON.zip",FALSE,10380902.4,"2024-09-17T18:02:00+1000",10360125,"2025-07-17T04:53:21Z","""1660aa2-9e153d-63a18c9edb1bb""",200,"2026-09-09T13:41:08Z"
"https://listdata.thelist.tas.gov.au/opendata/data/LIST_CFEV_RIVERS_MEANDER_VALLEY.zip","LIST_CFEV_RIVERS_MEANDER_VALLEY.zip","LIST_CFEV_RIVERS_MEANDER_VALLEY.zip",FALSE,30408704,"2024-09-17T11:17:00+1000",30087303,"2025-07-17T04:52:30Z","""1660aa4-1cb1887-63a18c6e7839e""",200,"2026-09-09T13:41:08Z"
"https://listdata.thelist.tas.gov.au/opendata/data/LIST_CFEV_RIVERS_NORTHERN_MIDLANDS.zip","LIST_CFEV_RIVERS_NORTHERN_MIDLANDS.zip","LIST_CFEV_RIVERS_NORTHERN_MIDLANDS.zip",FALSE,37748736,"2024-09-17T19:10:00+1000",37906666,"2025-07-17T04:56:05Z","""1660a99-24268ea-63a18d3aa8eb9""",200,"2026-09-09T13:41:08Z"
"https://listdata.thelist.tas.gov.au/opendata/data/LIST_CFEV_RIVERS_SORELL.zip","LIST_CFEV_RIVERS_SORELL.zip","LIST_CFEV_RIVERS_SORELL.zip",FALSE,5872025.6,"2024-09-17T19:10:00+1000",5912638,"2025-07-17T04:56:25Z","""1660a8b-5a383e-63a18d4db62c6""",200,"2026-09-09T13:41:08Z"
"https://listdata.thelist.tas.gov.au/opendata/data/LIST_CFEV_RIVERS_SOUTHERN_MIDLANDS.zip","LIST_CFEV_RIVERS_SOUTHERN_MIDLANDS.zip","LIST_CFEV_RIVERS_SOUTHERN_MIDLANDS.zip",FALSE,26214400,"2024-09-17T11:50:00+1000",26013240,"2025-07-17T04:53:43Z","""1660a9b-18cee38-63a18cb4188c6""",200,"2026-09-09T13:41:08Z"
"https://listdata.thelist.tas.gov.au/opendata/data/LIST_CFEV_RIVERS_TASMAN.zip","LIST_CFEV_RIVERS_TASMAN.zip","LIST_CFEV_RIVERS_TASMAN.zip",FALSE,9332326.4,"2024-09-17T11:50:00+1000",9281826,"2025-07-17T04:51:53Z","""1660a8d-8da122-63a18c4b0c48f""",200,"2026-09-09T13:41:08Z"
"https://listdata.thelist.tas.gov.au/opendata/data/LIST_CFEV_RIVERS_WARATAH_WYNYARD.zip","LIST_CFEV_RIVERS_WARATAH_WYNYARD.zip","LIST_CFEV_RIVERS_WARATAH_WYNYARD.zip",FALSE,57671680,"2024-09-17T13:34:00+1000",57844050,"2025-07-17T04:51:00Z","""1660a8a-372a152-63a18c18847db""",200,"2026-09-09T13:41:08Z"
"https://listdata.thelist.tas.gov.au/opendata/data/LIST_CFEV_RIVERS_WEST_COAST.zip","LIST_CFEV_RIVERS_WEST_COAST.zip","LIST_CFEV_RIVERS_WEST_COAST.zip",FALSE,186646528,"2024-09-17T15:39:00+1000",186354397,"2025-07-17T04:55:14Z","""1660a96-b1b8add-63a18d0a8c436""",200,"2026-09-09T13:41:08Z"
"https://listdata.thelist.tas.gov.au/opendata/data/LIST_CFEV_RIVERS_WEST_TAMAR.zip","LIST_CFEV_RIVERS_WEST_TAMAR.zip","LIST_CFEV_RIVERS_WEST_TAMAR.zip",FALSE,8388608,"2024-09-18T08:23:00+1000",8359532,"2025-07-17T04:57:15Z","""1660a9e-7f8e6c-63a18d7df3d40""",200,"2026-09-09T13:41:08Z"
"https://listdata.thelist.tas.gov.au/opendata/data/LIST_CFEV_SALTMARSHES_STATEWIDE.zip","LIST_CFEV_SALTMARSHES_STATEWIDE.zip","LIST_CFEV_SALTMARSHES_STATEWIDE.zip",FALSE,1153433.6,"2025-07-18T09:08:00+1000",1133137,"2025-07-17T23:41:30Z","""1660aa5-114a51-63a288c834150""",200,"2026-09-09T13:41:08Z"
"https://listdata.thelist.tas.gov.au/opendata/data/LIST_CFEV_SUBCATCHMENTS_STATEWIDE.zip","LIST_CFEV_SUBCATCHMENTS_STATEWIDE.zip","LIST_CFEV_SUBCATCHMENTS_STATEWIDE.zip",FALSE,57671680,"2025-07-18T09:10:00+1000",57943747,"2025-07-17T23:41:46Z","""1660aa6-37426c3-63a288d75682f""",200,"2026-09-09T13:41:08Z"
"https://listdata.thelist.tas.gov.au/opendata/data/LIST_CFEV_WATERBODIES_STATEWIDE.zip","LIST_CFEV_WATERBODIES_STATEWIDE.zip","LIST_CFEV_WATERBODIES_STATEWIDE.zip",FALSE,12582912,"2025-07-18T09:12:00+1000",12697613,"2025-07-17T23:42:01Z","""1660aa7-c1c00d-63a288e53c8d0""",200,"2026-09-09T13:41:08Z"
"https://listdata.thelist.tas.gov.au/opendata/data/LIST_CFEV_WETLANDS_BREAK_O_DAY.zip","LIST_CFEV_WETLANDS_BREAK_O_DAY.zip","LIST_CFEV_WETLANDS_BREAK_O_DAY.zip",FALSE,3984588.8,"2025-07-18T09:05:00+1000",4019754,"2025-07-17T23:13:57Z","""1660ab7-3d562a-63a2829f19e82""",200,"2026-09-09T13:41:08Z"
"https://listdata.thelist.tas.gov.au/opendata/data/LIST_CFEV_WETLANDS_BRIGHTON.zip","LIST_CFEV_WETLANDS_BRIGHTON.zip","LIST_CFEV_WETLANDS_BRIGHTON.zip",FALSE,976896,"2025-07-18T09:06:00+1000",977399,"2025-07-17T23:14:17Z","""1660aa8-ee9f7-63a282b2be543""",200,"2026-09-09T13:41:08Z"
"https://listdata.thelist.tas.gov.au/opendata/data/LIST_CFEV_WETLANDS_BURNIE.zip","LIST_CFEV_WETLANDS_BURNIE.zip","LIST_CFEV_WETLANDS_BURNIE.zip",FALSE,1782579.2,"2025-07-18T09:03:00+1000",1778664,"2025-07-17T23:03:20Z","""1660ab0-1b23e8-63a2804054b9f""",200,"2026-09-09T13:41:08Z"
"https://listdata.thelist.tas.gov.au/opendata/data/LIST_CFEV_WETLANDS_CENTRAL_COAST.zip","LIST_CFEV_WETLANDS_CENTRAL_COAST.zip","LIST_CFEV_WETLANDS_CENTRAL_COAST.zip",FALSE,2202009.6,"2025-07-18T09:05:00+1000",2245579,"2025-07-17T23:11:29Z","""1660ab1-2243cb-63a28212d4c2e""",200,"2026-09-09T13:41:08Z"
"https://listdata.thelist.tas.gov.au/opendata/data/LIST_CFEV_WETLANDS_CENTRAL_HIGHLANDS.zip","LIST_CFEV_WETLANDS_CENTRAL_HIGHLANDS.zip","LIST_CFEV_WETLANDS_CENTRAL_HIGHLANDS.zip",FALSE,18874368,"2025-07-18T09:07:00+1000",18417148,"2025-07-17T23:13:10Z","""1660abd-11905fc-63a2827265ebc""",200,"2026-09-09T13:41:08Z"
"https://listdata.thelist.tas.gov.au/opendata/data/LIST_CFEV_WETLANDS_CIRCULAR_HEAD.zip","LIST_CFEV_WETLANDS_CIRCULAR_HEAD.zip","LIST_CFEV_WETLANDS_CIRCULAR_HEAD.zip",FALSE,18874368,"2025-07-18T09:09:00+1000",18942128,"2025-07-17T23:04:01Z","""1660ab3-12108b0-63a2806784f26""",200,"2026-09-09T13:41:08Z"
"https://listdata.thelist.tas.gov.au/opendata/data/LIST_CFEV_WETLANDS_CLARENCE.zip","LIST_CFEV_WETLANDS_CLARENCE.zip","LIST_CFEV_WETLANDS_CLARENCE.zip",FALSE,2202009.6,"2025-07-18T09:06:00+1000",2185266,"2025-07-17T23:14:37Z","""1660aac-215832-63a282c60f20a""",200,"2026-09-09T13:41:08Z"
"https://listdata.thelist.tas.gov.au/opendata/data/LIST_CFEV_WETLANDS_DERWENT_VALLEY.zip","LIST_CFEV_WETLANDS_DERWENT_VALLEY.zip","LIST_CFEV_WETLANDS_DERWENT_VALLEY.zip",FALSE,2726297.6,"2025-07-18T09:07:00+1000",2705663,"2025-07-17T23:13:33Z","""1660aa9-2948ff-63a282890f81c""",200,"2026-09-09T13:41:08Z"
"https://listdata.thelist.tas.gov.au/opendata/data/LIST_CFEV_WETLANDS_DEVONPORT.zip","LIST_CFEV_WETLANDS_DEVONPORT.zip","LIST_CFEV_WETLANDS_DEVONPORT.zip",FALSE,979968,"2025-07-18T09:06:00+1000",980475,"2025-07-17T23:11:48Z","""1660ab2-ef5fb-63a28224add59""",200,"2026-09-09T13:41:08Z"
"https://listdata.thelist.tas.gov.au/opendata/data/LIST_CFEV_WETLANDS_DORSET.zip","LIST_CFEV_WETLANDS_DORSET.zip","LIST_CFEV_WETLANDS_DORSET.zip",FALSE,7444889.6,"2025-07-18T09:10:00+1000",7448322,"2025-07-17T23:04:26Z","""1660ab8-71a702-63a2807f5b3e5""",200,"2026-09-09T13:41:08Z"
"https://listdata.thelist.tas.gov.au/opendata/data/LIST_CFEV_WETLANDS_FLINDERS.zip","LIST_CFEV_WETLANDS_FLINDERS.zip","LIST_CFEV_WETLANDS_FLINDERS.zip",FALSE,16777216,"2025-07-18T09:11:00+1000",16265325,"2025-07-17T23:08:44Z","""1660ab4-f8306d-63a281755c729""",200,"2026-09-09T13:41:08Z"
"https://listdata.thelist.tas.gov.au/opendata/data/LIST_CFEV_WETLANDS_GEORGE_TOWN.zip","LIST_CFEV_WETLANDS_GEORGE_TOWN.zip","LIST_CFEV_WETLANDS_GEORGE_TOWN.zip",FALSE,1992294.4,"2025-07-18T09:07:00+1000",2026818,"2025-07-17T23:10:27Z","""1660abf-1eed42-63a281d760025""",200,"2026-09-09T13:41:08Z"
"https://listdata.thelist.tas.gov.au/opendata/data/LIST_CFEV_WETLANDS_GLAMORGAN_SPRING_BAY.zip","LIST_CFEV_WETLANDS_GLAMORGAN_SPRING_BAY.zip","LIST_CFEV_WETLANDS_GLAMORGAN_SPRING_BAY.zip",FALSE,6396313.6,"2025-07-18T09:05:00+1000",6410193,"2025-07-17T23:12:31Z","""1660aaf-61cfd1-63a2824ddf0bc""",200,"2026-09-09T13:41:08Z"
"https://listdata.thelist.tas.gov.au/opendata/data/LIST_CFEV_WETLANDS_GLENORCHY.zip","LIST_CFEV_WETLANDS_GLENORCHY.zip","LIST_CFEV_WETLANDS_GLENORCHY.zip",FALSE,825344,"2025-07-18T09:04:00+1000",825553,"2025-07-17T23:05:28Z","""1660abc-c98d1-63a280b9f40cf""",200,"2026-09-09T13:41:08Z"
"https://listdata.thelist.tas.gov.au/opendata/data/LIST_CFEV_WETLANDS_HOBART.zip","LIST_CFEV_WETLANDS_HOBART.zip","LIST_CFEV_WETLANDS_HOBART.zip",FALSE,757760,"2025-07-18T09:10:00+1000",757617,"2025-07-17T23:06:57Z","""1660ac1-b8f71-63a2810f2049d""",200,"2026-09-09T13:41:08Z"
"https://listdata.thelist.tas.gov.au/opendata/data/LIST_CFEV_WETLANDS_HUON_VALLEY.zip","LIST_CFEV_WETLANDS_HUON_VALLEY.zip","LIST_CFEV_WETLANDS_HUON_VALLEY.zip",FALSE,10066329.6,"2025-07-18T09:12:00+1000",10076834,"2025-07-17T23:03:00Z","""1660ac3-99c2a2-63a2802ce9a57""",200,"2026-09-09T13:41:08Z"
"https://listdata.thelist.tas.gov.au/opendata/data/LIST_CFEV_WETLANDS_KENTISH.zip","LIST_CFEV_WETLANDS_KENTISH.zip","LIST_CFEV_WETLANDS_KENTISH.zip",FALSE,3565158.4,"2019-01-18T13:56:00+1100",3609678,"2025-07-17T23:05:09Z","""1660aba-37144e-63a280a7da58b""",200,"2026-09-09T13:41:08Z"
"https://listdata.thelist.tas.gov.au/opendata/data/LIST_CFEV_WETLANDS_KING_ISLAND.zip","LIST_CFEV_WETLANDS_KING_ISLAND.zip","LIST_CFEV_WETLANDS_KING_ISLAND.zip",FALSE,9856614.4,"2019-09-24T05:27:00+1000",9897890,"2025-07-17T23:09:08Z","""1660ab5-9707a2-63a2818bde5f9""",200,"2026-09-09T13:41:08Z"
"https://listdata.thelist.tas.gov.au/opendata/data/LIST_CFEV_WETLANDS_KINGBOROUGH.zip","LIST_CFEV_WETLANDS_KINGBOROUGH.zip","LIST_CFEV_WETLANDS_KINGBOROUGH.zip",FALSE,2831155.2,"2019-09-24T05:31:00+1000",2859879,"2025-07-17T23:07:17Z","""1660ac0-2ba367-63a2812239d3a""",200,"2026-09-09T13:41:08Z"
"https://listdata.thelist.tas.gov.au/opendata/data/LIST_CFEV_WETLANDS_LATROBE.zip","LIST_CFEV_WETLANDS_LATROBE.zip","LIST_CFEV_WETLANDS_LATROBE.zip",FALSE,1468006.4,"2019-09-24T05:36:00+1000",1444547,"2025-07-17T23:06:08Z","""1660aae-160ac3-63a280e06b97f""",200,"2026-09-09T13:41:08Z"
"https://listdata.thelist.tas.gov.au/opendata/data/LIST_CFEV_WETLANDS_LAUNCESTON.zip","LIST_CFEV_WETLANDS_LAUNCESTON.zip","LIST_CFEV_WETLANDS_LAUNCESTON.zip",FALSE,1258291.2,"2019-09-24T05:37:00+1000",1250930,"2025-07-17T23:07:36Z","""1660ac2-131672-63a28134987ef""",200,"2026-09-09T13:41:08Z"
"https://listdata.thelist.tas.gov.au/opendata/data/LIST_CFEV_WETLANDS_MEANDER_VALLEY.zip","LIST_CFEV_WETLANDS_MEANDER_VALLEY.zip","LIST_CFEV_WETLANDS_MEANDER_VALLEY.zip",FALSE,7444889.6,"2019-09-24T05:48:00+1000",7421759,"2025-07-17T23:06:39Z","""1660ac4-713f3f-63a280fd87762""",200,"2026-09-09T13:41:08Z"
"https://listdata.thelist.tas.gov.au/opendata/data/LIST_CFEV_WETLANDS_NORTHERN_MIDLANDS.zip","LIST_CFEV_WETLANDS_NORTHERN_MIDLANDS.zip","LIST_CFEV_WETLANDS_NORTHERN_MIDLANDS.zip",FALSE,4089446.4,"2019-09-24T05:39:00+1000",4099105,"2025-07-17T23:10:51Z","""1660ab9-3e8c21-63a281ee745b3""",200,"2026-09-09T13:41:08Z"
"https://listdata.thelist.tas.gov.au/opendata/data/LIST_CFEV_WETLANDS_SORELL.zip","LIST_CFEV_WETLANDS_SORELL.zip","LIST_CFEV_WETLANDS_SORELL.zip",FALSE,1153433.6,"2019-09-24T05:32:00+1000",1176903,"2025-07-17T23:11:10Z","""1660aab-11f547-63a282007e780""",200,"2026-09-09T13:41:08Z"
"https://listdata.thelist.tas.gov.au/opendata/data/LIST_CFEV_WETLANDS_SOUTHERN_MIDLANDS.zip","LIST_CFEV_WETLANDS_SOUTHERN_MIDLANDS.zip","LIST_CFEV_WETLANDS_SOUTHERN_MIDLANDS.zip",FALSE,2202009.6,"2019-09-24T05:28:00+1000",2204977,"2025-07-17T23:07:57Z","""1660abb-21a531-63a28147e0af4""",200,"2026-09-09T13:41:08Z"
"https://listdata.thelist.tas.gov.au/opendata/data/LIST_CFEV_WETLANDS_TASMAN.zip","LIST_CFEV_WETLANDS_TASMAN.zip","LIST_CFEV_WETLANDS_TASMAN.zip",FALSE,3879731.2,"2019-09-24T05:38:00+1000",3878255,"2025-07-17T23:05:49Z","""1660aad-3b2d6f-63a280ce55464""",200,"2026-09-09T13:41:08Z"
"https://listdata.thelist.tas.gov.au/opendata/data/LIST_CFEV_WETLANDS_WARATAH_WYNYARD.zip","LIST_CFEV_WETLANDS_WARATAH_WYNYARD.zip","LIST_CFEV_WETLANDS_WARATAH_WYNYARD.zip",FALSE,3565158.4,"2019-09-24T05:40:00+1000",3562298,"2025-07-17T23:04:47Z","""1660aaa-365b3a-63a28093552fa""",200,"2026-09-09T13:41:08Z"
"https://listdata.thelist.tas.gov.au/opendata/data/LIST_CFEV_WETLANDS_WEST_COAST.zip","LIST_CFEV_WETLANDS_WEST_COAST.zip","LIST_CFEV_WETLANDS_WEST_COAST.zip",FALSE,17825792,"2019-09-24T05:40:00+1000",18127261,"2025-07-17T23:10:06Z","""1660ab6-114999d-63a281c386a08""",200,"2026-09-09T13:41:08Z"
"https://listdata.thelist.tas.gov.au/opendata/data/LIST_CFEV_WETLANDS_WEST_TAMAR.zip","LIST_CFEV_WETLANDS_WEST_TAMAR.zip","LIST_CFEV_WETLANDS_WEST_TAMAR.zip",FALSE,1677721.6,"2019-09-24T05:50:00+1000",1670763,"2025-07-17T23:12:08Z","""1660abe-197e6b-63a28237a42f7""",200,"2026-09-09T13:41:08Z"
"https://listdata.thelist.tas.gov.au/opendata/data/LIST_COASTAL_ACID_SULFATE_SOILS_STATEWIDE.zip","LIST_COASTAL_ACID_SULFATE_SOILS_STATEWIDE.zip","LIST_COASTAL_ACID_SULFATE_SOILS_STATEWIDE.zip",FALSE,50331648,"2019-09-24T05:35:00+1000",50401984,"2019-01-18T02:56:17Z","""16607e2-30112c0-57fb2a7abd427""",200,"2026-09-09T13:41:08Z"
"https://listdata.thelist.tas.gov.au/opendata/data/LIST_COASTAL_EROSION_COMPONENT_20161201_BREAK_O_DAY.zip","LIST_COASTAL_EROSION_COMPONENT_20161201_BREAK_O_DAY.zip","LIST_COASTAL_EROSION_COMPONENT_20161201_BREAK_O_DAY.zip",FALSE,4089446.4,"2019-09-24T05:45:00+1000",4088519,"2019-09-23T19:31:33Z","""16608f3-3e62c7-5933d77b12d79""",200,"2026-09-09T13:41:08Z"
"https://listdata.thelist.tas.gov.au/opendata/data/LIST_COASTAL_EROSION_COMPONENT_20161201_BRIGHTON.zip","LIST_COASTAL_EROSION_COMPONENT_20161201_BRIGHTON.zip","LIST_COASTAL_EROSION_COMPONENT_20161201_BRIGHTON.zip",FALSE,1363148.8,"2019-09-24T05:53:00+1000",1400781,"2019-09-23T19:27:28Z","""16608ec-155fcd-5933d69173851""",200,"2026-09-09T13:41:08Z"
"https://listdata.thelist.tas.gov.au/opendata/data/LIST_COASTAL_EROSION_COMPONENT_20161201_BURNIE.zip","LIST_COASTAL_EROSION_COMPONENT_20161201_BURNIE.zip","LIST_COASTAL_EROSION_COMPONENT_20161201_BURNIE.zip",FALSE,1153433.6,"2019-09-24T05:56:00+1000",1189611,"2019-09-23T19:36:19Z","""16608fb-1226eb-5933d88b2948c""",200,"2026-09-09T13:41:08Z"
"https://listdata.thelist.tas.gov.au/opendata/data/LIST_COASTAL_EROSION_COMPONENT_20161201_CENTRAL_COAST.zip","LIST_COASTAL_EROSION_COMPONENT_20161201_CENTRAL_COAST.zip","LIST_COASTAL_EROSION_COMPONENT_20161201_CENTRAL_COAST.zip",FALSE,2411724.8,"2019-09-24T05:43:00+1000",2459076,"2019-09-23T19:37:13Z","""16608fc-2585c4-5933d8beb1110""",200,"2026-09-09T13:41:08Z"
"https://listdata.thelist.tas.gov.au/opendata/data/LIST_COASTAL_EROSION_COMPONENT_20161201_CENTRAL_HIGHLANDS.zip","LIST_COASTAL_EROSION_COMPONENT_20161201_CENTRAL_HIGHLANDS.zip","LIST_COASTAL_EROSION_COMPONENT_20161201_CENTRAL_HIGHLANDS.zip",FALSE,821248,"2019-09-24T05:52:00+1000",821302,"2019-09-23T19:48:13Z","""16608fe-c8836-5933db34b1202""",200,"2026-09-09T13:41:08Z"
"https://listdata.thelist.tas.gov.au/opendata/data/LIST_COASTAL_EROSION_COMPONENT_20161201_CIRCULAR_HEAD.zip","LIST_COASTAL_EROSION_COMPONENT_20161201_CIRCULAR_HEAD.zip","LIST_COASTAL_EROSION_COMPONENT_20161201_CIRCULAR_HEAD.zip",FALSE,18874368,"2019-09-24T05:41:00+1000",18508627,"2019-09-23T19:39:00Z","""1660901-11a6b53-5933d9251506c""",200,"2026-09-09T13:41:08Z"
"https://listdata.thelist.tas.gov.au/opendata/data/LIST_COASTAL_EROSION_COMPONENT_20161201_CLARENCE.zip","LIST_COASTAL_EROSION_COMPONENT_20161201_CLARENCE.zip","LIST_COASTAL_EROSION_COMPONENT_20161201_CLARENCE.zip",FALSE,5872025.6,"2019-09-24T05:34:00+1000",5836324,"2019-09-23T19:32:36Z","""16608f5-590e24-5933d7b65d979""",200,"2026-09-09T13:41:08Z"
"https://listdata.thelist.tas.gov.au/opendata/data/LIST_COASTAL_EROSION_COMPONENT_20161201_DERWENT_VALLEY.zip","LIST_COASTAL_EROSION_COMPONENT_20161201_DERWENT_VALLEY.zip","LIST_COASTAL_EROSION_COMPONENT_20161201_DERWENT_VALLEY.zip",FALSE,1782579.2,"2019-09-24T05:54:00+1000",1820953,"2019-09-23T19:28:31Z","""16608ed-1bc919-5933d6cd4f313""",200,"2026-09-09T13:41:08Z"
"https://listdata.thelist.tas.gov.au/opendata/data/LIST_COASTAL_EROSION_COMPONENT_20161201_DEVONPORT.zip","LIST_COASTAL_EROSION_COMPONENT_20161201_DEVONPORT.zip","LIST_COASTAL_EROSION_COMPONENT_20161201_DEVONPORT.zip",FALSE,1363148.8,"2019-09-24T05:57:00+1000",1402186,"2019-09-23T19:38:07Z","""16608fd-15654a-5933d8f2af14b""",200,"2026-09-09T13:41:08Z"
"https://listdata.thelist.tas.gov.au/opendata/data/LIST_COASTAL_EROSION_COMPONENT_20161201_DORSET.zip","LIST_COASTAL_EROSION_COMPONENT_20161201_DORSET.zip","LIST_COASTAL_EROSION_COMPONENT_20161201_DORSET.zip",FALSE,3460300.8,"2019-09-24T05:47:00+1000",3460246,"2019-09-23T19:40:01Z","""1660902-34cc96-5933d95eedd9c""",200,"2026-09-09T13:41:08Z"
"https://listdata.thelist.tas.gov.au/opendata/data/LIST_COASTAL_EROSION_COMPONENT_20161201_FLINDERS.zip","LIST_COASTAL_EROSION_COMPONENT_20161201_FLINDERS.zip","LIST_COASTAL_EROSION_COMPONENT_20161201_FLINDERS.zip",FALSE,16777216,"2019-09-24T05:30:00+1000",16765249,"2019-09-23T19:40:54Z","""1660904-ffd141-5933d991d947e""",200,"2026-09-09T13:41:08Z"
"https://listdata.thelist.tas.gov.au/opendata/data/LIST_COASTAL_EROSION_COMPONENT_20161201_GEORGE_TOWN.zip","LIST_COASTAL_EROSION_COMPONENT_20161201_GEORGE_TOWN.zip","LIST_COASTAL_EROSION_COMPONENT_20161201_GEORGE_TOWN.zip",FALSE,3145728,"2019-09-24T05:44:00+1000",3144597,"2019-09-23T19:50:51Z","""1660907-2ffb95-5933dbcae7469""",200,"2026-09-09T13:41:08Z"
"https://listdata.thelist.tas.gov.au/opendata/data/LIST_COASTAL_EROSION_COMPONENT_20161201_GLAMORGAN_SPRING_BAY.zip","LIST_COASTAL_EROSION_COMPONENT_20161201_GLAMORGAN_SPRING_BAY.zip","LIST_COASTAL_EROSION_COMPONENT_20161201_GLAMORGAN_SPRING_BAY.zip",FALSE,12582912,"2019-10-17T10:08:00+1100",12178613,"2019-09-23T19:35:23Z","""16608fa-b9d4b5-5933d8565984a""",200,"2026-09-09T13:41:08Z"
"https://listdata.thelist.tas.gov.au/opendata/data/LIST_COASTAL_EROSION_COMPONENT_20161201_GLENORCHY.zip","LIST_COASTAL_EROSION_COMPONENT_20161201_GLENORCHY.zip","LIST_COASTAL_EROSION_COMPONENT_20161201_GLENORCHY.zip",FALSE,1258291.2,"2019-09-24T05:33:00+1000",1276042,"2019-09-23T19:45:51Z","""16608ef-13788a-5933daac8efc7""",200,"2026-09-09T13:41:08Z"
"https://listdata.thelist.tas.gov.au/opendata/data/LIST_COASTAL_EROSION_COMPONENT_20161201_HOBART.zip","LIST_COASTAL_EROSION_COMPONENT_20161201_HOBART.zip","LIST_COASTAL_EROSION_COMPONENT_20161201_HOBART.zip",FALSE,850944,"2019-09-24T05:29:00+1000",850875,"2019-09-23T19:53:34Z","""16608ee-cfbbb-5933dc65fc87e""",200,"2026-09-09T13:41:08Z"
"https://listdata.thelist.tas.gov.au/opendata/data/LIST_COASTAL_EROSION_COMPONENT_20161201_HUON_VALLEY.zip","LIST_COASTAL_EROSION_COMPONENT_20161201_HUON_VALLEY.zip","LIST_COASTAL_EROSION_COMPONENT_20161201_HUON_VALLEY.zip",FALSE,15728640,"2019-09-24T05:42:00+1000",15660428,"2019-09-23T19:56:08Z","""1660900-eef58c-5933dcf993788""",200,"2026-09-09T13:41:08Z"
"https://listdata.thelist.tas.gov.au/opendata/data/LIST_COASTAL_EROSION_COMPONENT_20161201_KENTISH.zip","LIST_COASTAL_EROSION_COMPONENT_20161201_KENTISH.zip","LIST_COASTAL_EROSION_COMPONENT_20161201_KENTISH.zip",FALSE,559104,"2019-09-24T05:49:00+1000",559612,"2019-09-23T19:43:43Z","""16608f8-889fc-5933da32b63f1""",200,"2026-09-09T13:41:08Z"
"https://listdata.thelist.tas.gov.au/opendata/data/LIST_COASTAL_EROSION_COMPONENT_20161201_KING_ISLAND.zip","LIST_COASTAL_EROSION_COMPONENT_20161201_KING_ISLAND.zip","LIST_COASTAL_EROSION_COMPONENT_20161201_KING_ISLAND.zip",FALSE,6501171.2,"2025-07-18T10:26:00+1000",6524562,"2019-09-23T19:41:48Z","""1660905-638e92-5933d9c4c4b41""",200,"2026-09-09T13:41:08Z"
"https://listdata.thelist.tas.gov.au/opendata/data/LIST_COASTAL_EROSION_COMPONENT_20161201_KINGBOROUGH.zip","LIST_COASTAL_EROSION_COMPONENT_20161201_KINGBOROUGH.zip","LIST_COASTAL_EROSION_COMPONENT_20161201_KINGBOROUGH.zip",FALSE,5138022.4,"2025-07-18T10:26:00+1000",5165427,"2019-09-23T19:52:15Z","""16608eb-4ed173-5933dc1b42b39""",200,"2026-09-09T13:41:08Z"
"https://listdata.thelist.tas.gov.au/opendata/data/LIST_COASTAL_EROSION_COMPONENT_20161201_LATROBE.zip","LIST_COASTAL_EROSION_COMPONENT_20161201_LATROBE.zip","LIST_COASTAL_EROSION_COMPONENT_20161201_LATROBE.zip",FALSE,3145728,"2025-07-18T10:13:00+1000",3177013,"2019-09-23T19:34:31Z","""16608f7-307a35-5933d824383ac""",200,"2026-09-09T13:41:08Z"
"https://listdata.thelist.tas.gov.au/opendata/data/LIST_COASTAL_EROSION_COMPONENT_20161201_LAUNCESTON.zip","LIST_COASTAL_EROSION_COMPONENT_20161201_LAUNCESTON.zip","LIST_COASTAL_EROSION_COMPONENT_20161201_LAUNCESTON.zip",FALSE,1887436.8,"2025-07-18T10:23:00+1000",1904084,"2019-09-23T19:54:52Z","""16608f4-1d0dd4-5933dcb0a34ac""",200,"2026-09-09T13:41:08Z"
"https://listdata.thelist.tas.gov.au/opendata/data/LIST_COASTAL_EROSION_COMPONENT_20161201_MEANDER_VALLEY.zip","LIST_COASTAL_EROSION_COMPONENT_20161201_MEANDER_VALLEY.zip","LIST_COASTAL_EROSION_COMPONENT_20161201_MEANDER_VALLEY.zip",FALSE,677888,"2025-07-18T10:25:00+1000",677993,"2019-09-23T19:57:24Z","""16608ff-a5869-5933dd41eb195""",200,"2026-09-09T13:41:08Z"
"https://listdata.thelist.tas.gov.au/opendata/data/LIST_COASTAL_EROSION_COMPONENT_20161201_NORTHERN_MIDLANDS.zip","LIST_COASTAL_EROSION_COMPONENT_20161201_NORTHERN_MIDLANDS.zip","LIST_COASTAL_EROSION_COMPONENT_20161201_NORTHERN_MIDLANDS.zip",FALSE,662528,"2025-07-18T10:14:00+1000",662466,"2019-09-23T19:47:06Z","""1660903-a1bc2-5933daf4429c6""",200,"2026-09-09T13:41:08Z"
"https://listdata.thelist.tas.gov.au/opendata/data/LIST_COASTAL_EROSION_COMPONENT_20161201_SORELL.zip","LIST_COASTAL_EROSION_COMPONENT_20161201_SORELL.zip","LIST_COASTAL_EROSION_COMPONENT_20161201_SORELL.zip",FALSE,3355443.2,"2025-07-18T10:27:00+1000",3354660,"2019-09-23T19:30:30Z","""16608f1-333024-5933d73e9acea""",200,"2026-09-09T13:41:08Z"
"https://listdata.thelist.tas.gov.au/opendata/data/LIST_COASTAL_EROSION_COMPONENT_20161201_SOUTHERN_MIDLANDS.zip","LIST_COASTAL_EROSION_COMPONENT_20161201_SOUTHERN_MIDLANDS.zip","LIST_COASTAL_EROSION_COMPONENT_20161201_SOUTHERN_MIDLANDS.zip",FALSE,632832,"2025-07-18T10:25:00+1000",632734,"2019-09-23T19:44:36Z","""16608f9-9a79e-5933da65963c1""",200,"2026-09-09T13:41:08Z"
"https://listdata.thelist.tas.gov.au/opendata/data/LIST_COASTAL_EROSION_COMPONENT_20161201_STATEWIDE.zip","LIST_COASTAL_EROSION_COMPONENT_20161201_STATEWIDE.zip","LIST_COASTAL_EROSION_COMPONENT_20161201_STATEWIDE.zip",FALSE,87031808,"2025-07-18T10:23:00+1000",86999709,"2019-10-16T23:08:58Z","""1660912-52f829d-5950f2f967f64""",200,"2026-09-09T13:41:08Z"
"https://listdata.thelist.tas.gov.au/opendata/data/LIST_COASTAL_EROSION_COMPONENT_20161201_TASMAN.zip","LIST_COASTAL_EROSION_COMPONENT_20161201_TASMAN.zip","LIST_COASTAL_EROSION_COMPONENT_20161201_TASMAN.zip",FALSE,5557452.8,"2025-07-18T10:15:00+1000",5595107,"2019-09-23T19:33:36Z","""16608f6-555fe3-5933d7efc7cef""",200,"2026-09-09T13:41:08Z"
"https://listdata.thelist.tas.gov.au/opendata/data/LIST_COASTAL_EROSION_COMPONENT_20161201_WARATAH_WYNYARD.zip","LIST_COASTAL_EROSION_COMPONENT_20161201_WARATAH_WYNYARD.zip","LIST_COASTAL_EROSION_COMPONENT_20161201_WARATAH_WYNYARD.zip",FALSE,2306867.2,"2025-07-18T10:20:00+1000",2266282,"2019-09-23T19:29:34Z","""16608f0-2294aa-5933d708c7b4c""",200,"2026-09-09T13:41:08Z"
"https://listdata.thelist.tas.gov.au/opendata/data/LIST_COASTAL_EROSION_COMPONENT_20161201_WEST_COAST.zip","LIST_COASTAL_EROSION_COMPONENT_20161201_WEST_COAST.zip","LIST_COASTAL_EROSION_COMPONENT_20161201_WEST_COAST.zip",FALSE,16777216,"2025-07-18T10:22:00+1000",16779806,"2019-09-23T19:42:42Z","""1660906-1000a1e-5933d9f8afabd""",200,"2026-09-09T13:41:08Z"
"https://listdata.thelist.tas.gov.au/opendata/data/LIST_COASTAL_EROSION_COMPONENT_20161201_WEST_TAMAR.zip","LIST_COASTAL_EROSION_COMPONENT_20161201_WEST_TAMAR.zip","LIST_COASTAL_EROSION_COMPONENT_20161201_WEST_TAMAR.zip",FALSE,4508876.8,"2025-07-18T10:24:00+1000",4487011,"2019-09-23T19:49:31Z","""16608f2-447763-5933db7f264d4""",200,"2026-09-09T13:41:08Z"
"https://listdata.thelist.tas.gov.au/opendata/data/LIST_COASTAL_EROSION_HAZARD_BANDS_20161201_BREAK_O_DAY.zip","LIST_COASTAL_EROSION_HAZARD_BANDS_20161201_BREAK_O_DAY.zip","LIST_COASTAL_EROSION_HAZARD_BANDS_20161201_BREAK_O_DAY.zip",FALSE,10485760,"2025-07-18T10:16:00+1000",10482462,"2025-07-18T00:26:09Z","""16608d6-9ff31e-63a292c30081c""",200,"2026-09-09T13:41:08Z"
"https://listdata.thelist.tas.gov.au/opendata/data/LIST_COASTAL_EROSION_HAZARD_BANDS_20161201_BRIGHTON.zip","LIST_COASTAL_EROSION_HAZARD_BANDS_20161201_BRIGHTON.zip","LIST_COASTAL_EROSION_HAZARD_BANDS_20161201_BRIGHTON.zip",FALSE,2306867.2,"2025-07-18T10:17:00+1000",2345896,"2025-07-18T00:26:37Z","""16608cf-23cba8-63a292ddcc16d""",200,"2026-09-09T13:41:08Z"
"https://listdata.thelist.tas.gov.au/opendata/data/LIST_COASTAL_EROSION_HAZARD_BANDS_20161201_BURNIE.zip","LIST_COASTAL_EROSION_HAZARD_BANDS_20161201_BURNIE.zip","LIST_COASTAL_EROSION_HAZARD_BANDS_20161201_BURNIE.zip",FALSE,1887436.8,"2025-07-18T10:13:00+1000",1878831,"2025-07-18T00:13:32Z","""16608de-1cab2f-63a28ff1201d7""",200,"2026-09-09T13:41:08Z"
"https://listdata.thelist.tas.gov.au/opendata/data/LIST_COASTAL_EROSION_HAZARD_BANDS_20161201_CENTRAL_COAST.zip","LIST_COASTAL_EROSION_HAZARD_BANDS_20161201_CENTRAL_COAST.zip","LIST_COASTAL_EROSION_HAZARD_BANDS_20161201_CENTRAL_COAST.zip",FALSE,3984588.8,"2025-07-18T10:15:00+1000",3968207,"2025-07-18T00:23:24Z","""16608df-3c8ccf-63a292253aedc""",200,"2026-09-09T13:41:08Z"
"https://listdata.thelist.tas.gov.au/opendata/data/LIST_COASTAL_EROSION_HAZARD_BANDS_20161201_CENTRAL_HIGHLANDS.zip","LIST_COASTAL_EROSION_HAZARD_BANDS_20161201_CENTRAL_HIGHLANDS.zip","LIST_COASTAL_EROSION_HAZARD_BANDS_20161201_CENTRAL_HIGHLANDS.zip",FALSE,1048576,"2025-07-18T10:18:00+1000",1067383,"2025-07-18T00:25:17Z","""16608e1-104977-63a2929168e40""",200,"2026-09-09T13:41:08Z"
"https://listdata.thelist.tas.gov.au/opendata/data/LIST_COASTAL_EROSION_HAZARD_BANDS_20161201_CIRCULAR_HEAD.zip","LIST_COASTAL_EROSION_HAZARD_BANDS_20161201_CIRCULAR_HEAD.zip","LIST_COASTAL_EROSION_HAZARD_BANDS_20161201_CIRCULAR_HEAD.zip",FALSE,29360128,"2025-07-18T10:20:00+1000",29225424,"2025-07-18T00:14:29Z","""16608e4-1bdf1d0-63a29027bc0b6""",200,"2026-09-09T13:41:08Z"
"https://listdata.thelist.tas.gov.au/opendata/data/LIST_COASTAL_EROSION_HAZARD_BANDS_20161201_CLARENCE.zip","LIST_COASTAL_EROSION_HAZARD_BANDS_20161201_CLARENCE.zip","LIST_COASTAL_EROSION_HAZARD_BANDS_20161201_CLARENCE.zip",FALSE,11534336,"2025-07-18T10:17:00+1000",11454033,"2025-07-18T00:27:22Z","""16608d8-aec651-63a2930883f49""",200,"2026-09-09T13:41:08Z"
"https://listdata.thelist.tas.gov.au/opendata/data/LIST_COASTAL_EROSION_HAZARD_BANDS_20161201_DERWENT_VALLEY.zip","LIST_COASTAL_EROSION_HAZARD_BANDS_20161201_DERWENT_VALLEY.zip","LIST_COASTAL_EROSION_HAZARD_BANDS_20161201_DERWENT_VALLEY.zip",FALSE,2936012.8,"2025-07-18T10:18:00+1000",2910414,"2025-07-18T00:25:42Z","""16608d0-2c68ce-63a292a8fe935""",200,"2026-09-09T13:41:08Z"
"https://listdata.thelist.tas.gov.au/opendata/data/LIST_COASTAL_EROSION_HAZARD_BANDS_20161201_DEVONPORT.zip","LIST_COASTAL_EROSION_HAZARD_BANDS_20161201_DEVONPORT.zip","LIST_COASTAL_EROSION_HAZARD_BANDS_20161201_DEVONPORT.zip",FALSE,2306867.2,"2025-07-18T10:17:00+1000",2275702,"2025-07-18T00:23:49Z","""16608e0-22b976-63a2923da37cd""",200,"2026-09-09T13:41:08Z"
"https://listdata.thelist.tas.gov.au/opendata/data/LIST_COASTAL_EROSION_HAZARD_BANDS_20161201_DORSET.zip","LIST_COASTAL_EROSION_HAZARD_BANDS_20161201_DORSET.zip","LIST_COASTAL_EROSION_HAZARD_BANDS_20161201_DORSET.zip",FALSE,8178892.8,"2025-07-18T10:22:00+1000",8171853,"2025-07-18T00:15:02Z","""16608e5-7cb14d-63a29046740dd""",200,"2026-09-09T13:41:08Z"
"https://listdata.thelist.tas.gov.au/opendata/data/LIST_COASTAL_EROSION_HAZARD_BANDS_20161201_FLINDERS.zip","LIST_COASTAL_EROSION_HAZARD_BANDS_20161201_FLINDERS.zip","LIST_COASTAL_EROSION_HAZARD_BANDS_20161201_FLINDERS.zip",FALSE,24117248,"2025-07-18T10:22:00+1000",23796665,"2025-07-18T00:20:03Z","""16608e7-16b1bb9-63a29165a056e""",200,"2026-09-09T13:41:08Z"
"https://listdata.thelist.tas.gov.au/opendata/data/LIST_COASTAL_EROSION_HAZARD_BANDS_20161201_GEORGE_TOWN.zip","LIST_COASTAL_EROSION_HAZARD_BANDS_20161201_GEORGE_TOWN.zip","LIST_COASTAL_EROSION_HAZARD_BANDS_20161201_GEORGE_TOWN.zip",FALSE,5242880,"2025-07-18T10:19:00+1000",5212378,"2025-07-18T00:22:09Z","""16608ea-4f88da-63a291ddaa0c5""",200,"2026-09-09T13:41:08Z"
"https://listdata.thelist.tas.gov.au/opendata/data/LIST_COASTAL_EROSION_HAZARD_BANDS_20161201_GLAMORGAN_SPRING_BAY.zip","LIST_COASTAL_EROSION_HAZARD_BANDS_20161201_GLAMORGAN_SPRING_BAY.zip","LIST_COASTAL_EROSION_HAZARD_BANDS_20161201_GLAMORGAN_SPRING_BAY.zip",FALSE,18874368,"2019-10-17T10:06:00+1100",19291763,"2025-07-18T00:24:55Z","""16608dd-1265e73-63a2927c04448""",200,"2026-09-09T13:41:08Z"
"https://listdata.thelist.tas.gov.au/opendata/data/LIST_COASTAL_EROSION_HAZARD_BANDS_20161201_GLENORCHY.zip","LIST_COASTAL_EROSION_HAZARD_BANDS_20161201_GLENORCHY.zip","LIST_COASTAL_EROSION_HAZARD_BANDS_20161201_GLENORCHY.zip",FALSE,2097152,"2025-07-18T10:16:00+1000",2090249,"2025-07-18T00:16:13Z","""16608d2-1fe509-63a2908a3920e""",200,"2026-09-09T13:41:08Z"
"https://listdata.thelist.tas.gov.au/opendata/data/LIST_COASTAL_EROSION_HAZARD_BANDS_20161201_HOBART.zip","LIST_COASTAL_EROSION_HAZARD_BANDS_20161201_HOBART.zip","LIST_COASTAL_EROSION_HAZARD_BANDS_20161201_HOBART.zip",FALSE,1363148.8,"2025-07-18T10:15:00+1000",1379790,"2025-07-18T00:17:55Z","""16608d1-150dce-63a290eb50717""",200,"2026-09-09T13:41:08Z"
"https://listdata.thelist.tas.gov.au/opendata/data/LIST_COASTAL_EROSION_HAZARD_BANDS_20161201_HUON_VALLEY.zip","LIST_COASTAL_EROSION_HAZARD_BANDS_20161201_HUON_VALLEY.zip","LIST_COASTAL_EROSION_HAZARD_BANDS_20161201_HUON_VALLEY.zip",FALSE,26214400,"2025-07-18T10:21:00+1000",25801882,"2025-07-18T00:13:07Z","""16608e3-189b49a-63a28fd89e38d""",200,"2026-09-09T13:41:08Z"
"https://listdata.thelist.tas.gov.au/opendata/data/LIST_COASTAL_EROSION_HAZARD_BANDS_20161201_KENTISH.zip","LIST_COASTAL_EROSION_HAZARD_BANDS_20161201_KENTISH.zip","LIST_COASTAL_EROSION_HAZARD_BANDS_20161201_KENTISH.zip",FALSE,753664,"2025-07-18T10:24:00+1000",753563,"2025-07-18T00:15:49Z","""16608db-b7f9b-63a29073165ac""",200,"2026-09-09T13:41:08Z"
"https://listdata.thelist.tas.gov.au/opendata/data/LIST_COASTAL_EROSION_HAZARD_BANDS_20161201_KING_ISLAND.zip","LIST_COASTAL_EROSION_HAZARD_BANDS_20161201_KING_ISLAND.zip","LIST_COASTAL_EROSION_HAZARD_BANDS_20161201_KING_ISLAND.zip",FALSE,8912896,"2023-05-30T10:36:00+1000",8957781,"2025-07-18T00:20:34Z","""16608e8-88af55-63a29183be38e""",200,"2026-09-09T13:41:08Z"
"https://listdata.thelist.tas.gov.au/opendata/data/LIST_COASTAL_EROSION_HAZARD_BANDS_20161201_KINGBOROUGH.zip","LIST_COASTAL_EROSION_HAZARD_BANDS_20161201_KINGBOROUGH.zip","LIST_COASTAL_EROSION_HAZARD_BANDS_20161201_KINGBOROUGH.zip",FALSE,13631488,"2023-05-30T11:18:00+1000",13236316,"2025-07-18T00:18:26Z","""16608ce-c9f85c-63a2910917081""",200,"2026-09-09T13:41:08Z"
"https://listdata.thelist.tas.gov.au/opendata/data/LIST_COASTAL_EROSION_HAZARD_BANDS_20161201_LATROBE.zip","LIST_COASTAL_EROSION_HAZARD_BANDS_20161201_LATROBE.zip","LIST_COASTAL_EROSION_HAZARD_BANDS_20161201_LATROBE.zip",FALSE,5767168,"2023-06-05T12:30:00+1000",5795177,"2025-07-18T00:17:08Z","""16608da-586d69-63a290be85e95""",200,"2026-09-09T13:41:08Z"
"https://listdata.thelist.tas.gov.au/opendata/data/LIST_COASTAL_EROSION_HAZARD_BANDS_20161201_LAUNCESTON.zip","LIST_COASTAL_EROSION_HAZARD_BANDS_20161201_LAUNCESTON.zip","LIST_COASTAL_EROSION_HAZARD_BANDS_20161201_LAUNCESTON.zip",FALSE,3460300.8,"2023-06-05T12:16:00+1000",3486067,"2025-07-18T00:18:53Z","""16608d7-353173-63a29122b0dc6""",200,"2026-09-09T13:41:08Z"
"https://listdata.thelist.tas.gov.au/opendata/data/LIST_COASTAL_EROSION_HAZARD_BANDS_20161201_MEANDER_VALLEY.zip","LIST_COASTAL_EROSION_HAZARD_BANDS_20161201_MEANDER_VALLEY.zip","LIST_COASTAL_EROSION_HAZARD_BANDS_20161201_MEANDER_VALLEY.zip",FALSE,945152,"2023-05-30T11:25:00+1000",945357,"2025-07-18T00:17:32Z","""16608e2-e6ccd-63a290d5684b7""",200,"2026-09-09T13:41:08Z"
"https://listdata.thelist.tas.gov.au/opendata/data/LIST_COASTAL_EROSION_HAZARD_BANDS_20161201_NORTHERN_MIDLANDS.zip","LIST_COASTAL_EROSION_HAZARD_BANDS_20161201_NORTHERN_MIDLANDS.zip","LIST_COASTAL_EROSION_HAZARD_BANDS_20161201_NORTHERN_MIDLANDS.zip",FALSE,875520,"2023-06-07T10:37:00+1000",875758,"2025-07-18T00:22:32Z","""16608e6-d5cee-63a291f369e7c""",200,"2026-09-09T13:41:08Z"
"https://listdata.thelist.tas.gov.au/opendata/data/LIST_COASTAL_EROSION_HAZARD_BANDS_20161201_SORELL.zip","LIST_COASTAL_EROSION_HAZARD_BANDS_20161201_SORELL.zip","LIST_COASTAL_EROSION_HAZARD_BANDS_20161201_SORELL.zip",FALSE,6501171.2,"2023-05-30T10:39:00+1000",6484696,"2025-07-18T00:22:59Z","""16608d4-62f2d8-63a2920d33254""",200,"2026-09-09T13:41:08Z"
"https://listdata.thelist.tas.gov.au/opendata/data/LIST_COASTAL_EROSION_HAZARD_BANDS_20161201_SOUTHERN_MIDLANDS.zip","LIST_COASTAL_EROSION_HAZARD_BANDS_20161201_SOUTHERN_MIDLANDS.zip","LIST_COASTAL_EROSION_HAZARD_BANDS_20161201_SOUTHERN_MIDLANDS.zip",FALSE,914432,"2023-05-30T11:21:00+1000",914756,"2025-07-18T00:19:17Z","""16608dc-df544-63a291398a1df""",200,"2026-09-09T13:41:08Z"
"https://listdata.thelist.tas.gov.au/opendata/data/LIST_COASTAL_EROSION_HAZARD_BANDS_20161201_STATEWIDE.zip","LIST_COASTAL_EROSION_HAZARD_BANDS_20161201_STATEWIDE.zip","LIST_COASTAL_EROSION_HAZARD_BANDS_20161201_STATEWIDE.zip",FALSE,87031808,"2023-05-30T10:53:00+1000",87000075,"2019-10-16T23:06:07Z","""1660911-52f840b-5950f25606373""",200,"2026-09-09T13:41:08Z"
"https://listdata.thelist.tas.gov.au/opendata/data/LIST_COASTAL_EROSION_HAZARD_BANDS_20161201_TASMAN.zip","LIST_COASTAL_EROSION_HAZARD_BANDS_20161201_TASMAN.zip","LIST_COASTAL_EROSION_HAZARD_BANDS_20161201_TASMAN.zip",FALSE,11534336,"2023-05-30T11:08:00+1000",11187539,"2025-07-18T00:16:42Z","""16608d9-aab553-63a290a61fc4f""",200,"2026-09-09T13:41:08Z"
"https://listdata.thelist.tas.gov.au/opendata/data/LIST_COASTAL_EROSION_HAZARD_BANDS_20161201_WARATAH_WYNYARD.zip","LIST_COASTAL_EROSION_HAZARD_BANDS_20161201_WARATAH_WYNYARD.zip","LIST_COASTAL_EROSION_HAZARD_BANDS_20161201_WARATAH_WYNYARD.zip",FALSE,3460300.8,"2023-06-05T12:21:00+1000",3491697,"2025-07-18T00:15:27Z","""16608d3-354771-63a2905e80e71""",200,"2026-09-09T13:41:08Z"
"https://listdata.thelist.tas.gov.au/opendata/data/LIST_COASTAL_EROSION_HAZARD_BANDS_20161201_WEST_COAST.zip","LIST_COASTAL_EROSION_HAZARD_BANDS_20161201_WEST_COAST.zip","LIST_COASTAL_EROSION_HAZARD_BANDS_20161201_WEST_COAST.zip",FALSE,26214400,"2023-05-30T10:42:00+1000",26441799,"2025-07-18T00:21:41Z","""16608e9-1937847-63a291c3668d6""",200,"2026-09-09T13:41:08Z"
"https://listdata.thelist.tas.gov.au/opendata/data/LIST_COASTAL_EROSION_HAZARD_BANDS_20161201_WEST_TAMAR.zip","LIST_COASTAL_EROSION_HAZARD_BANDS_20161201_WEST_TAMAR.zip","LIST_COASTAL_EROSION_HAZARD_BANDS_20161201_WEST_TAMAR.zip",FALSE,8598323.2,"2023-06-05T12:27:00+1000",8570451,"2025-07-18T00:24:20Z","""16608d5-82c653-63a2925a7280d""",200,"2026-09-09T13:41:08Z"
"https://listdata.thelist.tas.gov.au/opendata/data/LIST_COASTAL_INUNDATION_HAZARD_BANDS_20161201_BREAK_O_DAY.zip","LIST_COASTAL_INUNDATION_HAZARD_BANDS_20161201_BREAK_O_DAY.zip","LIST_COASTAL_INUNDATION_HAZARD_BANDS_20161201_BREAK_O_DAY.zip",FALSE,75497472,"2023-06-05T12:17:00+1000",75075046,"2023-05-30T01:18:39Z","""1660845-4798de6-5fcdefbae7322""",200,"2026-09-09T13:41:08Z"
"https://listdata.thelist.tas.gov.au/opendata/data/LIST_COASTAL_INUNDATION_HAZARD_BANDS_20161201_BRIGHTON.zip","LIST_COASTAL_INUNDATION_HAZARD_BANDS_20161201_BRIGHTON.zip","LIST_COASTAL_INUNDATION_HAZARD_BANDS_20161201_BRIGHTON.zip",FALSE,18874368,"2023-06-05T12:18:00+1000",19262425,"2023-05-30T00:36:07Z","""166083e-125ebd9-5fcde639f6062""",200,"2026-09-09T13:41:08Z"
"https://listdata.thelist.tas.gov.au/opendata/data/LIST_COASTAL_INUNDATION_HAZARD_BANDS_20161201_BURNIE.zip","LIST_COASTAL_INUNDATION_HAZARD_BANDS_20161201_BURNIE.zip","LIST_COASTAL_INUNDATION_HAZARD_BANDS_20161201_BURNIE.zip",FALSE,12582912,"2023-05-30T11:02:00+1000",12286103,"2023-06-05T02:30:20Z","""166084d-bb7897-5fd58af239db8""",200,"2026-09-09T13:41:08Z"
"https://listdata.thelist.tas.gov.au/opendata/data/LIST_COASTAL_INUNDATION_HAZARD_BANDS_20161201_CENTRAL_COAST.zip","LIST_COASTAL_INUNDATION_HAZARD_BANDS_20161201_CENTRAL_COAST.zip","LIST_COASTAL_INUNDATION_HAZARD_BANDS_20161201_CENTRAL_COAST.zip",FALSE,35651584,"2023-05-30T10:55:00+1000",35405200,"2023-06-05T02:16:02Z","""166084e-21c3d90-5fd587bff24f6""",200,"2026-09-09T13:41:08Z"
"https://listdata.thelist.tas.gov.au/opendata/data/LIST_COASTAL_INUNDATION_HAZARD_BANDS_20161201_CENTRAL_HIGHLANDS.zip","LIST_COASTAL_INUNDATION_HAZARD_BANDS_20161201_CENTRAL_HIGHLANDS.zip","LIST_COASTAL_INUNDATION_HAZARD_BANDS_20161201_CENTRAL_HIGHLANDS.zip",FALSE,913408,"2023-05-30T11:05:00+1000",913111,"2023-05-30T01:25:57Z","""1660850-deed7-5fcdf15ca6afe""",200,"2026-09-09T13:41:08Z"
"https://listdata.thelist.tas.gov.au/opendata/data/LIST_COASTAL_INUNDATION_HAZARD_BANDS_20161201_CIRCULAR_HEAD.zip","LIST_COASTAL_INUNDATION_HAZARD_BANDS_20161201_CIRCULAR_HEAD.zip","LIST_COASTAL_INUNDATION_HAZARD_BANDS_20161201_CIRCULAR_HEAD.zip",FALSE,198180864,"2023-06-05T12:23:00+1000",197667211,"2023-06-07T00:37:53Z","""1660853-bc8298b-5fd7f58a8f168""",200,"2026-09-09T13:41:08Z"
"https://listdata.thelist.tas.gov.au/opendata/data/LIST_COASTAL_INUNDATION_HAZARD_BANDS_20161201_CLARENCE.zip","LIST_COASTAL_INUNDATION_HAZARD_BANDS_20161201_CLARENCE.zip","LIST_COASTAL_INUNDATION_HAZARD_BANDS_20161201_CLARENCE.zip",FALSE,100663296,"2023-05-30T11:11:00+1000",100414800,"2023-05-30T00:39:09Z","""1660847-5fc3550-5fcde6e7859af""",200,"2026-09-09T13:41:08Z"
"https://listdata.thelist.tas.gov.au/opendata/data/LIST_COASTAL_INUNDATION_HAZARD_BANDS_20161201_DERWENT_VALLEY.zip","LIST_COASTAL_INUNDATION_HAZARD_BANDS_20161201_DERWENT_VALLEY.zip","LIST_COASTAL_INUNDATION_HAZARD_BANDS_20161201_DERWENT_VALLEY.zip",FALSE,30408704,"2023-05-30T10:58:00+1000",30441214,"2023-05-30T01:21:59Z","""166083f-1d07efe-5fcdf079c33ef""",200,"2026-09-09T13:41:08Z"
"https://listdata.thelist.tas.gov.au/opendata/data/LIST_COASTAL_INUNDATION_HAZARD_BANDS_20161201_DEVONPORT.zip","LIST_COASTAL_INUNDATION_HAZARD_BANDS_20161201_DEVONPORT.zip","LIST_COASTAL_INUNDATION_HAZARD_BANDS_20161201_DEVONPORT.zip",FALSE,19922944,"2023-05-30T11:14:00+1000",19937521,"2023-05-30T00:53:02Z","""166084f-13038f1-5fcdea01c0b87""",200,"2026-09-09T13:41:08Z"
"https://listdata.thelist.tas.gov.au/opendata/data/LIST_COASTAL_INUNDATION_HAZARD_BANDS_20161201_DORSET.zip","LIST_COASTAL_INUNDATION_HAZARD_BANDS_20161201_DORSET.zip","LIST_COASTAL_INUNDATION_HAZARD_BANDS_20161201_DORSET.zip",FALSE,30408704,"2023-05-30T10:50:00+1000",30690731,"2023-05-30T01:08:33Z","""1660854-1d44dab-5fcded793126c""",200,"2026-09-09T13:41:08Z"
"https://listdata.thelist.tas.gov.au/opendata/data/LIST_COASTAL_INUNDATION_HAZARD_BANDS_20161201_FLINDERS.zip","LIST_COASTAL_INUNDATION_HAZARD_BANDS_20161201_FLINDERS.zip","LIST_COASTAL_INUNDATION_HAZARD_BANDS_20161201_FLINDERS.zip",FALSE,63963136,"2023-05-30T10:47:00+1000",63911672,"2023-06-05T02:21:23Z","""1660856-3cf36f8-5fd588f1a8f96""",200,"2026-09-09T13:41:08Z"
"https://listdata.thelist.tas.gov.au/opendata/data/LIST_COASTAL_INUNDATION_HAZARD_BANDS_20161201_GEORGE_TOWN.zip","LIST_COASTAL_INUNDATION_HAZARD_BANDS_20161201_GEORGE_TOWN.zip","LIST_COASTAL_INUNDATION_HAZARD_BANDS_20161201_GEORGE_TOWN.zip",FALSE,35651584,"2023-05-30T11:23:00+1000",36041251,"2023-05-30T00:42:01Z","""1660859-225f223-5fcde78b33cd4""",200,"2026-09-09T13:41:08Z"
"https://listdata.thelist.tas.gov.au/opendata/data/LIST_COASTAL_INUNDATION_HAZARD_BANDS_20161201_GLAMORGAN_SPRING_BAY.zip","LIST_COASTAL_INUNDATION_HAZARD_BANDS_20161201_GLAMORGAN_SPRING_BAY.zip","LIST_COASTAL_INUNDATION_HAZARD_BANDS_20161201_GLAMORGAN_SPRING_BAY.zip",FALSE,133169152,"2019-10-17T09:37:00+1100",132839452,"2023-06-05T02:27:19Z","""166084c-7eaf81c-5fd58a451c2ca""",200,"2026-09-09T13:41:08Z"
"https://listdata.thelist.tas.gov.au/opendata/data/LIST_COASTAL_INUNDATION_HAZARD_BANDS_20161201_GLENORCHY.zip","LIST_COASTAL_INUNDATION_HAZARD_BANDS_20161201_GLENORCHY.zip","LIST_COASTAL_INUNDATION_HAZARD_BANDS_20161201_GLENORCHY.zip",FALSE,13631488,"2023-06-07T10:40:00+1000",13450230,"2023-06-05T02:17:32Z","""1660841-cd3bf6-5fd5881565816""",200,"2026-09-09T13:41:08Z"
"https://listdata.thelist.tas.gov.au/opendata/data/LIST_COASTAL_INUNDATION_HAZARD_BANDS_20161201_HOBART.zip","LIST_COASTAL_INUNDATION_HAZARD_BANDS_20161201_HOBART.zip","LIST_COASTAL_INUNDATION_HAZARD_BANDS_20161201_HOBART.zip",FALSE,7130316.8,"2023-05-30T10:44:00+1000",7168523,"2023-06-05T02:18:49Z","""1660840-6d620b-5fd5885f15a3e""",200,"2026-09-09T13:41:08Z"
"https://listdata.thelist.tas.gov.au/opendata/data/LIST_COASTAL_INUNDATION_HAZARD_BANDS_20161201_HUON_VALLEY.zip","LIST_COASTAL_INUNDATION_HAZARD_BANDS_20161201_HUON_VALLEY.zip","LIST_COASTAL_INUNDATION_HAZARD_BANDS_20161201_HUON_VALLEY.zip",FALSE,163577856,"2023-06-05T12:25:00+1000",163190979,"2023-05-30T01:02:00Z","""1660852-9ba18c3-5fcdec025dbb5""",200,"2026-09-09T13:41:08Z"
"https://listdata.thelist.tas.gov.au/opendata/data/LIST_COASTAL_INUNDATION_HAZARD_BANDS_20161201_KENTISH.zip","LIST_COASTAL_INUNDATION_HAZARD_BANDS_20161201_KENTISH.zip","LIST_COASTAL_INUNDATION_HAZARD_BANDS_20161201_KENTISH.zip",FALSE,657408,"2023-06-05T12:29:00+1000",657525,"2023-05-30T00:55:25Z","""166084a-a0875-5fcdea89bcba6""",200,"2026-09-09T13:41:08Z"
"https://listdata.thelist.tas.gov.au/opendata/data/LIST_COASTAL_INUNDATION_HAZARD_BANDS_20161201_KING_ISLAND.zip","LIST_COASTAL_INUNDATION_HAZARD_BANDS_20161201_KING_ISLAND.zip","LIST_COASTAL_INUNDATION_HAZARD_BANDS_20161201_KING_ISLAND.zip",FALSE,22020096,"2024-09-24T11:03:00+1000",22319123,"2023-06-05T02:23:11Z","""1660857-1549013-5fd5895861846""",200,"2026-09-09T13:41:08Z"
"https://listdata.thelist.tas.gov.au/opendata/data/LIST_COASTAL_INUNDATION_HAZARD_BANDS_20161201_KINGBOROUGH.zip","LIST_COASTAL_INUNDATION_HAZARD_BANDS_20161201_KINGBOROUGH.zip","LIST_COASTAL_INUNDATION_HAZARD_BANDS_20161201_KINGBOROUGH.zip",FALSE,112197632,"2024-09-24T10:05:00+1000",111979160,"2023-05-30T01:05:38Z","""166083d-6acaa98-5fcdecd28df1a""",200,"2026-09-09T13:41:08Z"
"https://listdata.thelist.tas.gov.au/opendata/data/LIST_COASTAL_INUNDATION_HAZARD_BANDS_20161201_LATROBE.zip","LIST_COASTAL_INUNDATION_HAZARD_BANDS_20161201_LATROBE.zip","LIST_COASTAL_INUNDATION_HAZARD_BANDS_20161201_LATROBE.zip",FALSE,55574528,"2024-09-24T11:01:00+1000",55156933,"2023-05-30T01:11:35Z","""1660849-349a0c5-5fcdee2774b4b""",200,"2026-09-09T13:41:08Z"
"https://listdata.thelist.tas.gov.au/opendata/data/LIST_COASTAL_INUNDATION_HAZARD_BANDS_20161201_LAUNCESTON.zip","LIST_COASTAL_INUNDATION_HAZARD_BANDS_20161201_LAUNCESTON.zip","LIST_COASTAL_INUNDATION_HAZARD_BANDS_20161201_LAUNCESTON.zip",FALSE,51380224,"2024-09-24T10:17:00+1000",51436259,"2023-05-30T00:58:18Z","""1660846-310dae3-5fcdeb2ec4107""",200,"2026-09-09T13:41:08Z"
"https://listdata.thelist.tas.gov.au/opendata/data/LIST_COASTAL_INUNDATION_HAZARD_BANDS_20161201_MEANDER_VALLEY.zip","LIST_COASTAL_INUNDATION_HAZARD_BANDS_20161201_MEANDER_VALLEY.zip","LIST_COASTAL_INUNDATION_HAZARD_BANDS_20161201_MEANDER_VALLEY.zip",FALSE,848896,"2024-09-24T10:56:00+1000",848881,"2023-05-30T01:14:36Z","""1660851-cf3f1-5fcdeed3a8751""",200,"2026-09-09T13:41:08Z"
"https://listdata.thelist.tas.gov.au/opendata/data/LIST_COASTAL_INUNDATION_HAZARD_BANDS_20161201_NORTHERN_MIDLANDS.zip","LIST_COASTAL_INUNDATION_HAZARD_BANDS_20161201_NORTHERN_MIDLANDS.zip","LIST_COASTAL_INUNDATION_HAZARD_BANDS_20161201_NORTHERN_MIDLANDS.zip",FALSE,765952,"2024-09-24T10:08:00+1000",766253,"2023-05-30T00:50:28Z","""1660855-bb12d-5fcde96e72b54""",200,"2026-09-09T13:41:08Z"
"https://listdata.thelist.tas.gov.au/opendata/data/LIST_COASTAL_INUNDATION_HAZARD_BANDS_20161201_SORELL.zip","LIST_COASTAL_INUNDATION_HAZARD_BANDS_20161201_SORELL.zip","LIST_COASTAL_INUNDATION_HAZARD_BANDS_20161201_SORELL.zip",FALSE,58720256,"2024-09-24T11:11:00+1000",58353529,"2023-05-30T00:47:45Z","""1660843-37a6779-5fcde8d3b69d1""",200,"2026-09-09T13:41:08Z"
"https://listdata.thelist.tas.gov.au/opendata/data/LIST_COASTAL_INUNDATION_HAZARD_BANDS_20161201_SOUTHERN_MIDLANDS.zip","LIST_COASTAL_INUNDATION_HAZARD_BANDS_20161201_SOUTHERN_MIDLANDS.zip","LIST_COASTAL_INUNDATION_HAZARD_BANDS_20161201_SOUTHERN_MIDLANDS.zip",FALSE,415744,"2024-09-24T11:08:00+1000",415685,"2023-05-30T01:23:46Z","""166084b-657c5-5fcdf0dfcc4a3""",200,"2026-09-09T13:41:08Z"
"https://listdata.thelist.tas.gov.au/opendata/data/LIST_COASTAL_INUNDATION_HAZARD_BANDS_20161201_STATEWIDE.zip","LIST_COASTAL_INUNDATION_HAZARD_BANDS_20161201_STATEWIDE.zip","LIST_COASTAL_INUNDATION_HAZARD_BANDS_20161201_STATEWIDE.zip",FALSE,216006656,"2024-09-24T10:11:00+1000",215702544,"2019-10-16T22:37:12Z","""166090b-cdb5c10-5950ebdf5919b""",200,"2026-09-09T13:41:08Z"
"https://listdata.thelist.tas.gov.au/opendata/data/LIST_COASTAL_INUNDATION_HAZARD_BANDS_20161201_TASMAN.zip","LIST_COASTAL_INUNDATION_HAZARD_BANDS_20161201_TASMAN.zip","LIST_COASTAL_INUNDATION_HAZARD_BANDS_20161201_TASMAN.zip",FALSE,93323264,"2024-09-24T10:10:00+1000",93054613,"2023-06-07T00:40:14Z","""1660848-58be695-5fd7f610a2a2a""",200,"2026-09-09T13:41:08Z"
"https://listdata.thelist.tas.gov.au/opendata/data/LIST_COASTAL_INUNDATION_HAZARD_BANDS_20161201_WARATAH_WYNYARD.zip","LIST_COASTAL_INUNDATION_HAZARD_BANDS_20161201_WARATAH_WYNYARD.zip","LIST_COASTAL_INUNDATION_HAZARD_BANDS_20161201_WARATAH_WYNYARD.zip",FALSE,23068672,"2024-09-24T10:25:00+1000",23463067,"2023-05-30T00:44:43Z","""1660842-166049b-5fcde82583756""",200,"2026-09-09T13:41:08Z"
"https://listdata.thelist.tas.gov.au/opendata/data/LIST_COASTAL_INUNDATION_HAZARD_BANDS_20161201_WEST_COAST.zip","LIST_COASTAL_INUNDATION_HAZARD_BANDS_20161201_WEST_COAST.zip","LIST_COASTAL_INUNDATION_HAZARD_BANDS_20161201_WEST_COAST.zip",FALSE,47185920,"2024-09-24T10:40:00+1000",47395886,"2023-06-05T02:25:17Z","""1660858-2d3342e-5fd589d16078d""",200,"2026-09-09T13:41:08Z"
"https://listdata.thelist.tas.gov.au/opendata/data/LIST_COASTAL_INUNDATION_HAZARD_BANDS_20161201_WEST_TAMAR.zip","LIST_COASTAL_INUNDATION_HAZARD_BANDS_20161201_WEST_TAMAR.zip","LIST_COASTAL_INUNDATION_HAZARD_BANDS_20161201_WEST_TAMAR.zip",FALSE,50331648,"2024-09-24T10:02:00+1000",50329920,"2023-06-05T02:29:00Z","""1660844-2fff940-5fd58aa54312e""",200,"2026-09-09T13:41:08Z"
"https://listdata.thelist.tas.gov.au/opendata/data/LIST_COASTAL_PROJECTED_SEA_LEVEL_RISE_20161201_BREAK_O_DAY.zip","LIST_COASTAL_PROJECTED_SEA_LEVEL_RISE_20161201_BREAK_O_DAY.zip","LIST_COASTAL_PROJECTED_SEA_LEVEL_RISE_20161201_BREAK_O_DAY.zip",FALSE,37748736,"2024-09-24T10:19:00+1000",38224588,"2024-09-24T00:05:07Z","""1660862-24742cc-622d24217f709""",200,"2026-09-09T13:41:08Z"
"https://listdata.thelist.tas.gov.au/opendata/data/LIST_COASTAL_PROJECTED_SEA_LEVEL_RISE_20161201_BRIGHTON.zip","LIST_COASTAL_PROJECTED_SEA_LEVEL_RISE_20161201_BRIGHTON.zip","LIST_COASTAL_PROJECTED_SEA_LEVEL_RISE_20161201_BRIGHTON.zip",FALSE,18874368,"2024-09-24T10:53:00+1000",18781881,"2024-09-24T01:03:48Z","""166085b-11e96b9-622d313f45634""",200,"2026-09-09T13:41:08Z"
"https://listdata.thelist.tas.gov.au/opendata/data/LIST_COASTAL_PROJECTED_SEA_LEVEL_RISE_20161201_BURNIE.zip","LIST_COASTAL_PROJECTED_SEA_LEVEL_RISE_20161201_BURNIE.zip","LIST_COASTAL_PROJECTED_SEA_LEVEL_RISE_20161201_BURNIE.zip",FALSE,5452595.2,"2024-09-24T10:51:00+1000",5405568,"2024-09-24T01:01:12Z","""166086a-527b80-622d30aaafa46""",200,"2026-09-09T13:41:08Z"
"https://listdata.thelist.tas.gov.au/opendata/data/LIST_COASTAL_PROJECTED_SEA_LEVEL_RISE_20161201_CENTRAL_COAST.zip","LIST_COASTAL_PROJECTED_SEA_LEVEL_RISE_20161201_CENTRAL_COAST.zip","LIST_COASTAL_PROJECTED_SEA_LEVEL_RISE_20161201_CENTRAL_COAST.zip",FALSE,17825792,"2024-09-24T10:55:00+1000",18053323,"2024-09-24T00:17:48Z","""166086b-11378cb-622d26f6b9e7b""",200,"2026-09-09T13:41:08Z"
"https://listdata.thelist.tas.gov.au/opendata/data/LIST_COASTAL_PROJECTED_SEA_LEVEL_RISE_20161201_CENTRAL_HIGHLANDS.zip","LIST_COASTAL_PROJECTED_SEA_LEVEL_RISE_20161201_CENTRAL_HIGHLANDS.zip","LIST_COASTAL_PROJECTED_SEA_LEVEL_RISE_20161201_CENTRAL_HIGHLANDS.zip",FALSE,921600,"2024-09-24T10:44:00+1000",921666,"2024-09-24T00:56:45Z","""166086d-e1042-622d2fab9c422""",200,"2026-09-09T13:41:08Z"
"https://listdata.thelist.tas.gov.au/opendata/data/LIST_COASTAL_PROJECTED_SEA_LEVEL_RISE_20161201_CIRCULAR_HEAD.zip","LIST_COASTAL_PROJECTED_SEA_LEVEL_RISE_20161201_CIRCULAR_HEAD.zip","LIST_COASTAL_PROJECTED_SEA_LEVEL_RISE_20161201_CIRCULAR_HEAD.zip",FALSE,99614720,"2024-09-24T10:27:00+1000",99682271,"2024-09-24T00:08:15Z","""1660870-5f107df-622d24d4f5eb1""",200,"2026-09-09T13:41:08Z"
"https://listdata.thelist.tas.gov.au/opendata/data/LIST_COASTAL_PROJECTED_SEA_LEVEL_RISE_20161201_CLARENCE.zip","LIST_COASTAL_PROJECTED_SEA_LEVEL_RISE_20161201_CLARENCE.zip","LIST_COASTAL_PROJECTED_SEA_LEVEL_RISE_20161201_CLARENCE.zip",FALSE,56623104,"2024-09-24T10:16:00+1000",57060739,"2024-09-24T01:11:51Z","""1660864-366ad83-622d330b91633""",200,"2026-09-09T13:41:08Z"
"https://listdata.thelist.tas.gov.au/opendata/data/LIST_COASTAL_PROJECTED_SEA_LEVEL_RISE_20161201_DERWENT_VALLEY.zip","LIST_COASTAL_PROJECTED_SEA_LEVEL_RISE_20161201_DERWENT_VALLEY.zip","LIST_COASTAL_PROJECTED_SEA_LEVEL_RISE_20161201_DERWENT_VALLEY.zip",FALSE,19922944,"2024-09-24T10:38:00+1000",19751024,"2024-09-24T01:08:08Z","""166085c-12d6070-622d323793359""",200,"2026-09-09T13:41:08Z"
"https://listdata.thelist.tas.gov.au/opendata/data/LIST_COASTAL_PROJECTED_SEA_LEVEL_RISE_20161201_DEVONPORT.zip","LIST_COASTAL_PROJECTED_SEA_LEVEL_RISE_20161201_DEVONPORT.zip","LIST_COASTAL_PROJECTED_SEA_LEVEL_RISE_20161201_DEVONPORT.zip",FALSE,8703180.8,"2024-09-24T11:05:00+1000",8695024,"2024-09-24T00:11:55Z","""166086c-84acf0-622d25a65b3aa""",200,"2026-09-09T13:41:08Z"
"https://listdata.thelist.tas.gov.au/opendata/data/LIST_COASTAL_PROJECTED_SEA_LEVEL_RISE_20161201_DORSET.zip","LIST_COASTAL_PROJECTED_SEA_LEVEL_RISE_20161201_DORSET.zip","LIST_COASTAL_PROJECTED_SEA_LEVEL_RISE_20161201_DORSET.zip",FALSE,15728640,"2024-09-24T10:21:00+1000",15493410,"2024-09-24T00:10:02Z","""1660871-ec6922-622d253ae17aa""",200,"2026-09-09T13:41:08Z"
"https://listdata.thelist.tas.gov.au/opendata/data/LIST_COASTAL_PROJECTED_SEA_LEVEL_RISE_20161201_FLINDERS.zip","LIST_COASTAL_PROJECTED_SEA_LEVEL_RISE_20161201_FLINDERS.zip","LIST_COASTAL_PROJECTED_SEA_LEVEL_RISE_20161201_FLINDERS.zip",FALSE,34603008,"2024-09-24T10:47:00+1000",35056627,"2024-09-24T00:25:29Z","""1660873-216ebf3-622d28ae9b036""",200,"2026-09-09T13:41:08Z"
"https://listdata.thelist.tas.gov.au/opendata/data/LIST_COASTAL_PROJECTED_SEA_LEVEL_RISE_20161201_GEORGE_TOWN.zip","LIST_COASTAL_PROJECTED_SEA_LEVEL_RISE_20161201_GEORGE_TOWN.zip","LIST_COASTAL_PROJECTED_SEA_LEVEL_RISE_20161201_GEORGE_TOWN.zip",FALSE,15728640,"2024-09-24T10:22:00+1000",15341603,"2024-09-24T00:40:49Z","""1660876-ea1823-622d2c1c67003""",200,"2026-09-09T13:41:08Z"
"https://listdata.thelist.tas.gov.au/opendata/data/LIST_COASTAL_PROJECTED_SEA_LEVEL_RISE_20161201_GLAMORGAN_SPRING_BAY.zip","LIST_COASTAL_PROJECTED_SEA_LEVEL_RISE_20161201_GLAMORGAN_SPRING_BAY.zip","LIST_COASTAL_PROJECTED_SEA_LEVEL_RISE_20161201_GLAMORGAN_SPRING_BAY.zip",FALSE,72351744,"2024-09-24T10:10:00+1000",72688554,"2024-09-24T00:02:55Z","""1660869-45523aa-622d23a3c767a""",200,"2026-09-09T13:41:08Z"
"https://listdata.thelist.tas.gov.au/opendata/data/LIST_COASTAL_PROJECTED_SEA_LEVEL_RISE_20161201_GLENORCHY.zip","LIST_COASTAL_PROJECTED_SEA_LEVEL_RISE_20161201_GLENORCHY.zip","LIST_COASTAL_PROJECTED_SEA_LEVEL_RISE_20161201_GLENORCHY.zip",FALSE,6710886.4,"2024-09-24T10:13:00+1000",6731485,"2024-09-24T00:19:33Z","""166085e-66b6dd-622d275b2d958""",200,"2026-09-09T13:41:08Z"
"https://listdata.thelist.tas.gov.au/opendata/data/LIST_COASTAL_PROJECTED_SEA_LEVEL_RISE_20161201_HOBART.zip","LIST_COASTAL_PROJECTED_SEA_LEVEL_RISE_20161201_HOBART.zip","LIST_COASTAL_PROJECTED_SEA_LEVEL_RISE_20161201_HOBART.zip",FALSE,1468006.4,"2024-09-24T10:59:00+1000",1440404,"2024-09-24T00:53:25Z","""166085d-15fa94-622d2eed1fa21""",200,"2026-09-09T13:41:08Z"
"https://listdata.thelist.tas.gov.au/opendata/data/LIST_COASTAL_PROJECTED_SEA_LEVEL_RISE_20161201_HUON_VALLEY.zip","LIST_COASTAL_PROJECTED_SEA_LEVEL_RISE_20161201_HUON_VALLEY.zip","LIST_COASTAL_PROJECTED_SEA_LEVEL_RISE_20161201_HUON_VALLEY.zip",FALSE,83886080,"2024-09-24T10:29:00+1000",83886417,"2024-09-24T00:51:43Z","""166086f-5000151-622d2e8bcba7b""",200,"2026-09-09T13:41:08Z"
"https://listdata.thelist.tas.gov.au/opendata/data/LIST_COASTAL_PROJECTED_SEA_LEVEL_RISE_20161201_KENTISH.zip","LIST_COASTAL_PROJECTED_SEA_LEVEL_RISE_20161201_KENTISH.zip","LIST_COASTAL_PROJECTED_SEA_LEVEL_RISE_20161201_KENTISH.zip",FALSE,663552,"2024-09-24T10:33:00+1000",663947,"2024-09-24T00:55:05Z","""1660867-a218b-622d2f4c1c6f6""",200,"2026-09-09T13:41:08Z"
"https://listdata.thelist.tas.gov.au/opendata/data/LIST_COASTAL_PROJECTED_SEA_LEVEL_RISE_20161201_KING_ISLAND.zip","LIST_COASTAL_PROJECTED_SEA_LEVEL_RISE_20161201_KING_ISLAND.zip","LIST_COASTAL_PROJECTED_SEA_LEVEL_RISE_20161201_KING_ISLAND.zip",FALSE,9751756.8,"2023-05-30T12:07:00+1000",9780133,"2024-09-24T00:27:28Z","""1660874-953ba5-622d292040a33""",200,"2026-09-09T13:41:08Z"
"https://listdata.thelist.tas.gov.au/opendata/data/LIST_COASTAL_PROJECTED_SEA_LEVEL_RISE_20161201_KINGBOROUGH.zip","LIST_COASTAL_PROJECTED_SEA_LEVEL_RISE_20161201_KINGBOROUGH.zip","LIST_COASTAL_PROJECTED_SEA_LEVEL_RISE_20161201_KINGBOROUGH.zip",FALSE,46137344,"2023-05-30T12:40:00+1000",45920263,"2024-09-24T00:44:08Z","""166085a-2bcb007-622d2cda32873""",200,"2026-09-09T13:41:08Z"
"https://listdata.thelist.tas.gov.au/opendata/data/LIST_COASTAL_PROJECTED_SEA_LEVEL_RISE_20161201_LATROBE.zip","LIST_COASTAL_PROJECTED_SEA_LEVEL_RISE_20161201_LATROBE.zip","LIST_COASTAL_PROJECTED_SEA_LEVEL_RISE_20161201_LATROBE.zip",FALSE,27262976,"2023-05-30T12:05:00+1000",27717723,"2024-09-24T00:16:03Z","""1660866-1a6f05b-622d2692a7946""",200,"2026-09-09T13:41:08Z"
"https://listdata.thelist.tas.gov.au/opendata/data/LIST_COASTAL_PROJECTED_SEA_LEVEL_RISE_20161201_LAUNCESTON.zip","LIST_COASTAL_PROJECTED_SEA_LEVEL_RISE_20161201_LAUNCESTON.zip","LIST_COASTAL_PROJECTED_SEA_LEVEL_RISE_20161201_LAUNCESTON.zip",FALSE,32505856,"2023-05-30T11:45:00+1000",32481204,"2024-09-24T00:38:14Z","""1660863-1ef9fb4-622d2b88bf814""",200,"2026-09-09T13:41:08Z"
"https://listdata.thelist.tas.gov.au/opendata/data/LIST_COASTAL_PROJECTED_SEA_LEVEL_RISE_20161201_MEANDER_VALLEY.zip","LIST_COASTAL_PROJECTED_SEA_LEVEL_RISE_20161201_MEANDER_VALLEY.zip","LIST_COASTAL_PROJECTED_SEA_LEVEL_RISE_20161201_MEANDER_VALLEY.zip",FALSE,583680,"2023-05-30T12:47:00+1000",583581,"2024-09-24T01:05:35Z","""166086e-8e79d-622d31a50b327""",200,"2026-09-09T13:41:08Z"
"https://listdata.thelist.tas.gov.au/opendata/data/LIST_COASTAL_PROJECTED_SEA_LEVEL_RISE_20161201_NORTHERN_MIDLANDS.zip","LIST_COASTAL_PROJECTED_SEA_LEVEL_RISE_20161201_NORTHERN_MIDLANDS.zip","LIST_COASTAL_PROJECTED_SEA_LEVEL_RISE_20161201_NORTHERN_MIDLANDS.zip",FALSE,786432,"2023-05-30T11:41:00+1000",785980,"2024-09-24T00:21:24Z","""1660872-bfe3c-622d27c4c2f8e""",200,"2026-09-09T13:41:08Z"
"https://listdata.thelist.tas.gov.au/opendata/data/LIST_COASTAL_PROJECTED_SEA_LEVEL_RISE_20161201_SORELL.zip","LIST_COASTAL_PROJECTED_SEA_LEVEL_RISE_20161201_SORELL.zip","LIST_COASTAL_PROJECTED_SEA_LEVEL_RISE_20161201_SORELL.zip",FALSE,31457280,"2023-05-30T12:09:00+1000",31390407,"2024-09-24T00:47:16Z","""1660860-1defac7-622d2d8d464ff""",200,"2026-09-09T13:41:08Z"
"https://listdata.thelist.tas.gov.au/opendata/data/LIST_COASTAL_PROJECTED_SEA_LEVEL_RISE_20161201_SOUTHERN_MIDLANDS.zip","LIST_COASTAL_PROJECTED_SEA_LEVEL_RISE_20161201_SOUTHERN_MIDLANDS.zip","LIST_COASTAL_PROJECTED_SEA_LEVEL_RISE_20161201_SOUTHERN_MIDLANDS.zip",FALSE,736256,"2023-05-30T12:42:00+1000",736293,"2024-09-24T00:22:50Z","""1660868-b3c25-622d2816e80db""",200,"2026-09-09T13:41:08Z"
"https://listdata.thelist.tas.gov.au/opendata/data/LIST_COASTAL_PROJECTED_SEA_LEVEL_RISE_20161201_STATEWIDE.zip","LIST_COASTAL_PROJECTED_SEA_LEVEL_RISE_20161201_STATEWIDE.zip","LIST_COASTAL_PROJECTED_SEA_LEVEL_RISE_20161201_STATEWIDE.zip",FALSE,163577856,"2023-05-30T12:20:00+1000",163191068,"2024-09-24T00:10:43Z","""166090c-9ba191c-622d2561985dd""",200,"2026-09-09T13:41:08Z"
"https://listdata.thelist.tas.gov.au/opendata/data/LIST_COASTAL_PROJECTED_SEA_LEVEL_RISE_20161201_TASMAN.zip","LIST_COASTAL_PROJECTED_SEA_LEVEL_RISE_20161201_TASMAN.zip","LIST_COASTAL_PROJECTED_SEA_LEVEL_RISE_20161201_TASMAN.zip",FALSE,46137344,"2023-05-30T12:32:00+1000",45657048,"2024-09-24T00:13:57Z","""1660865-2b8abd8-622d261b16661""",200,"2026-09-09T13:41:08Z"
"https://listdata.thelist.tas.gov.au/opendata/data/LIST_COASTAL_PROJECTED_SEA_LEVEL_RISE_20161201_WARATAH_WYNYARD.zip","LIST_COASTAL_PROJECTED_SEA_LEVEL_RISE_20161201_WARATAH_WYNYARD.zip","LIST_COASTAL_PROJECTED_SEA_LEVEL_RISE_20161201_WARATAH_WYNYARD.zip",FALSE,9332326.4,"2023-05-30T11:52:00+1000",9345474,"2024-09-24T00:59:07Z","""166085f-8e99c2-622d30335f0f6""",200,"2026-09-09T13:41:08Z"
"https://listdata.thelist.tas.gov.au/opendata/data/LIST_COASTAL_PROJECTED_SEA_LEVEL_RISE_20161201_WEST_COAST.zip","LIST_COASTAL_PROJECTED_SEA_LEVEL_RISE_20161201_WEST_COAST.zip","LIST_COASTAL_PROJECTED_SEA_LEVEL_RISE_20161201_WEST_COAST.zip",FALSE,17825792,"2023-05-30T12:11:00+1000",17878723,"2024-09-24T00:29:12Z","""1660875-110cec3-622d298311b4c""",200,"2026-09-09T13:41:08Z"
"https://listdata.thelist.tas.gov.au/opendata/data/LIST_COASTAL_PROJECTED_SEA_LEVEL_RISE_20161201_WEST_TAMAR.zip","LIST_COASTAL_PROJECTED_SEA_LEVEL_RISE_20161201_WEST_TAMAR.zip","LIST_COASTAL_PROJECTED_SEA_LEVEL_RISE_20161201_WEST_TAMAR.zip",FALSE,42991616,"2023-05-30T12:00:00+1000",42840753,"2024-09-24T00:33:03Z","""1660861-28db2b1-622d2a5f71787""",200,"2026-09-09T13:41:08Z"
"https://listdata.thelist.tas.gov.au/opendata/data/LIST_COASTAL_PROJECTED_STORM_TIDE_20161201_1PCT_AEP_2010_BREAK_O_DAY.zip","LIST_COASTAL_PROJECTED_STORM_TIDE_20161201_1PCT_AEP_2010_BREAK_O_DAY.zip","LIST_COASTAL_PROJECTED_STORM_TIDE_20161201_1PCT_AEP_2010_BREAK_O_DAY.zip",FALSE,13631488,"2023-05-30T11:47:00+1000",13975940,"2023-05-30T02:40:06Z","""166087f-d54184-5fce01f030d56""",200,"2026-09-09T13:41:08Z"
"https://listdata.thelist.tas.gov.au/opendata/data/LIST_COASTAL_PROJECTED_STORM_TIDE_20161201_1PCT_AEP_2010_BRIGHTON.zip","LIST_COASTAL_PROJECTED_STORM_TIDE_20161201_1PCT_AEP_2010_BRIGHTON.zip","LIST_COASTAL_PROJECTED_STORM_TIDE_20161201_1PCT_AEP_2010_BRIGHTON.zip",FALSE,4508876.8,"2023-05-30T11:49:00+1000",4497161,"2023-05-30T02:07:21Z","""1660878-449f09-5fcdfa9dd963a""",200,"2026-09-09T13:41:08Z"
"https://listdata.thelist.tas.gov.au/opendata/data/LIST_COASTAL_PROJECTED_STORM_TIDE_20161201_1PCT_AEP_2010_BRIGHTON/","LIST_COASTAL_PROJECTED_STORM_TIDE_20161201_1PCT_AEP_2010_BRIGHTON/","LIST_COASTAL_PROJECTED_STORM_TIDE_20161201_1PCT_AEP_2010_BRIGHTON/",TRUE,,"2025-10-07T10:56:00+1100",,,,,"2026-09-09T13:41:08Z"
"https://listdata.thelist.tas.gov.au/opendata/data/LIST_COASTAL_PROJECTED_STORM_TIDE_20161201_1PCT_AEP_2010_BRIGHTON/list_coastal_projected_storm_tide_20161201_1PCT_AEP_2010_brighton.DAT","LIST_COASTAL_PROJECTED_STORM_TIDE_20161201_1PCT_AEP_2010_BRIGHTON/list_coastal_projected_storm_tide_20161201_1PCT_AEP_2010_brighton.DAT","list_coastal_projected_storm_tide_20161201_1PCT_AEP_2010_brighton.DAT",FALSE,32768,"2019-09-23T16:55:00+1000",32358,"2019-06-27T00:25:12Z","""1660972-7e66-58c4331ef0a00""",200,"2026-09-09T13:41:08Z"
"https://listdata.thelist.tas.gov.au/opendata/data/LIST_COASTAL_PROJECTED_STORM_TIDE_20161201_1PCT_AEP_2010_BRIGHTON/list_coastal_projected_storm_tide_20161201_1PCT_AEP_2010_brighton.gdb/","LIST_COASTAL_PROJECTED_STORM_TIDE_20161201_1PCT_AEP_2010_BRIGHTON/list_coastal_projected_storm_tide_20161201_1PCT_AEP_2010_brighton.gdb/","list_coastal_projected_storm_tide_20161201_1PCT_AEP_2010_brighton.gdb/",TRUE,,"2019-09-24T02:04:00+1000",,,,,"2026-09-09T13:41:08Z"
"https://listdata.thelist.tas.gov.au/opendata/data/LIST_COASTAL_PROJECTED_STORM_TIDE_20161201_1PCT_AEP_2010_BRIGHTON/list_coastal_projected_storm_tide_20161201_1PCT_AEP_2010_brighton.gdb/a00000001.gdbindexes","LIST_COASTAL_PROJECTED_STORM_TIDE_20161201_1PCT_AEP_2010_BRIGHTON/list_coastal_projected_storm_tide_20161201_1PCT_AEP_2010_brighton.gdb/a00000001.gdbindexes","a00000001.gdbindexes",FALSE,110,"2019-06-27T10:25:00+1000",110,"2019-06-27T00:25:20Z","""1660985-6e-58c4332691c00""",200,"2026-09-09T13:41:08Z"
"https://listdata.thelist.tas.gov.au/opendata/data/LIST_COASTAL_PROJECTED_STORM_TIDE_20161201_1PCT_AEP_2010_BRIGHTON/list_coastal_projected_storm_tide_20161201_1PCT_AEP_2010_brighton.gdb/a00000001.gdbtable","LIST_COASTAL_PROJECTED_STORM_TIDE_20161201_1PCT_AEP_2010_BRIGHTON/list_coastal_projected_storm_tide_20161201_1PCT_AEP_2010_brighton.gdb/a00000001.gdbtable","a00000001.gdbtable",FALSE,376,"2019-06-27T10:25:00+1000",376,"2019-06-27T00:25:32Z","""1660986-178-58c4333203700""",200,"2026-09-09T13:41:08Z"
"https://listdata.thelist.tas.gov.au/opendata/data/LIST_COASTAL_PROJECTED_STORM_TIDE_20161201_1PCT_AEP_2010_BRIGHTON/list_coastal_projected_storm_tide_20161201_1PCT_AEP_2010_brighton.gdb/a00000001.gdbtablx","LIST_COASTAL_PROJECTED_STORM_TIDE_20161201_1PCT_AEP_2010_BRIGHTON/list_coastal_projected_storm_tide_20161201_1PCT_AEP_2010_brighton.gdb/a00000001.gdbtablx","a00000001.gdbtablx",FALSE,5120,"2019-06-27T10:25:00+1000",5152,"2019-06-27T00:25:32Z","""1660987-1420-58c4333203700""",200,"2026-09-09T13:41:08Z"
"https://listdata.thelist.tas.gov.au/opendata/data/LIST_COASTAL_PROJECTED_STORM_TIDE_20161201_1PCT_AEP_2010_BRIGHTON/list_coastal_projected_storm_tide_20161201_1PCT_AEP_2010_brighton.gdb/a00000001.TablesByName.atx","LIST_COASTAL_PROJECTED_STORM_TIDE_20161201_1PCT_AEP_2010_BRIGHTON/list_coastal_projected_storm_tide_20161201_1PCT_AEP_2010_brighton.gdb/a00000001.TablesByName.atx","a00000001.TablesByName.atx",FALSE,4096,"2019-06-27T10:25:00+1000",4118,"2019-06-27T00:25:32Z","""1660988-1016-58c4333203700""",200,"2026-09-09T13:41:08Z"
"https://listdata.thelist.tas.gov.au/opendata/data/LIST_COASTAL_PROJECTED_STORM_TIDE_20161201_1PCT_AEP_2010_BRIGHTON/list_coastal_projected_storm_tide_20161201_1PCT_AEP_2010_brighton.gdb/a00000002.gdbtable","LIST_COASTAL_PROJECTED_STORM_TIDE_20161201_1PCT_AEP_2010_BRIGHTON/list_coastal_projected_storm_tide_20161201_1PCT_AEP_2010_brighton.gdb/a00000002.gdbtable","a00000002.gdbtable",FALSE,2048,"2019-06-27T10:25:00+1000",2055,"2019-06-27T00:25:20Z","""1660989-807-58c4332691c00""",200,"2026-09-09T13:41:08Z"
"https://listdata.thelist.tas.gov.au/opendata/data/LIST_COASTAL_PROJECTED_STORM_TIDE_20161201_1PCT_AEP_2010_BRIGHTON/list_coastal_projected_storm_tide_20161201_1PCT_AEP_2010_brighton.gdb/a00000002.gdbtablx","LIST_COASTAL_PROJECTED_STORM_TIDE_20161201_1PCT_AEP_2010_BRIGHTON/list_coastal_projected_storm_tide_20161201_1PCT_AEP_2010_brighton.gdb/a00000002.gdbtablx","a00000002.gdbtablx",FALSE,5120,"2019-06-27T10:25:00+1000",5152,"2019-06-27T00:25:20Z","""166098a-1420-58c4332691c00""",200,"2026-09-09T13:41:08Z"
"https://listdata.thelist.tas.gov.au/opendata/data/LIST_COASTAL_PROJECTED_STORM_TIDE_20161201_1PCT_AEP_2010_BRIGHTON/list_coastal_projected_storm_tide_20161201_1PCT_AEP_2010_brighton.gdb/a00000003.gdbindexes","LIST_COASTAL_PROJECTED_STORM_TIDE_20161201_1PCT_AEP_2010_BRIGHTON/list_coastal_projected_storm_tide_20161201_1PCT_AEP_2010_brighton.gdb/a00000003.gdbindexes","a00000003.gdbindexes",FALSE,42,"2019-06-27T10:25:00+1000",42,"2019-06-27T00:25:20Z","""166098b-2a-58c4332691c00""",200,"2026-09-09T13:41:08Z"
"https://listdata.thelist.tas.gov.au/opendata/data/LIST_COASTAL_PROJECTED_STORM_TIDE_20161201_1PCT_AEP_2010_BRIGHTON/list_coastal_projected_storm_tide_20161201_1PCT_AEP_2010_brighton.gdb/a00000003.gdbtable","LIST_COASTAL_PROJECTED_STORM_TIDE_20161201_1PCT_AEP_2010_BRIGHTON/list_coastal_projected_storm_tide_20161201_1PCT_AEP_2010_brighton.gdb/a00000003.gdbtable","a00000003.gdbtable",FALSE,1024,"2019-06-27T10:25:00+1000",1021,"2019-06-27T00:25:32Z","""166098c-3fd-58c4333203700""",200,"2026-09-09T13:41:08Z"
"https://listdata.thelist.tas.gov.au/opendata/data/LIST_COASTAL_PROJECTED_STORM_TIDE_20161201_1PCT_AEP_2010_BRIGHTON/list_coastal_projected_storm_tide_20161201_1PCT_AEP_2010_brighton.gdb/a00000003.gdbtablx","LIST_COASTAL_PROJECTED_STORM_TIDE_20161201_1PCT_AEP_2010_BRIGHTON/list_coastal_projected_storm_tide_20161201_1PCT_AEP_2010_brighton.gdb/a00000003.gdbtablx","a00000003.gdbtablx",FALSE,5120,"2019-06-27T10:25:00+1000",5152,"2019-06-27T00:25:32Z","""166098d-1420-58c4333203700""",200,"2026-09-09T13:41:08Z"
"https://listdata.thelist.tas.gov.au/opendata/data/LIST_COASTAL_PROJECTED_STORM_TIDE_20161201_1PCT_AEP_2010_BRIGHTON/list_coastal_projected_storm_tide_20161201_1PCT_AEP_2010_brighton.gdb/a00000004.CatItemsByPhysicalName.atx","LIST_COASTAL_PROJECTED_STORM_TIDE_20161201_1PCT_AEP_2010_BRIGHTON/list_coastal_projected_storm_tide_20161201_1PCT_AEP_2010_brighton.gdb/a00000004.CatItemsByPhysicalName.atx","a00000004.CatItemsByPhysicalName.atx",FALSE,4096,"2019-06-27T10:25:00+1000",4118,"2019-06-27T00:25:32Z","""166098e-1016-58c4333203700""",200,"2026-09-09T13:41:08Z"
"https://listdata.thelist.tas.gov.au/opendata/data/LIST_COASTAL_PROJECTED_STORM_TIDE_20161201_1PCT_AEP_2010_BRIGHTON/list_coastal_projected_storm_tide_20161201_1PCT_AEP_2010_brighton.gdb/a00000004.CatItemsByType.atx","LIST_COASTAL_PROJECTED_STORM_TIDE_20161201_1PCT_AEP_2010_BRIGHTON/list_coastal_projected_storm_tide_20161201_1PCT_AEP_2010_brighton.gdb/a00000004.CatItemsByType.atx","a00000004.CatItemsByType.atx",FALSE,4096,"2019-06-27T10:25:00+1000",4118,"2019-06-27T00:25:32Z","""166098f-1016-58c4333203700""",200,"2026-09-09T13:41:08Z"
"https://listdata.thelist.tas.gov.au/opendata/data/LIST_COASTAL_PROJECTED_STORM_TIDE_20161201_1PCT_AEP_2010_BRIGHTON/list_coastal_projected_storm_tide_20161201_1PCT_AEP_2010_brighton.gdb/a00000004.FDO_UUID.atx","LIST_COASTAL_PROJECTED_STORM_TIDE_20161201_1PCT_AEP_2010_BRIGHTON/list_coastal_projected_storm_tide_20161201_1PCT_AEP_2010_brighton.gdb/a00000004.FDO_UUID.atx","a00000004.FDO_UUID.atx",FALSE,4096,"2019-06-27T10:25:00+1000",4118,"2019-06-27T00:25:32Z","""1660990-1016-58c4333203700""",200,"2026-09-09T13:41:08Z"
"https://listdata.thelist.tas.gov.au/opendata/data/LIST_COASTAL_PROJECTED_STORM_TIDE_20161201_1PCT_AEP_2010_BRIGHTON/list_coastal_projected_storm_tide_20161201_1PCT_AEP_2010_brighton.gdb/a00000004.gdbindexes","LIST_COASTAL_PROJECTED_STORM_TIDE_20161201_1PCT_AEP_2010_BRIGHTON/list_coastal_projected_storm_tide_20161201_1PCT_AEP_2010_brighton.gdb/a00000004.gdbindexes","a00000004.gdbindexes",FALSE,310,"2019-06-27T10:25:00+1000",310,"2019-06-27T00:25:20Z","""1660991-136-58c4332691c00""",200,"2026-09-09T13:41:08Z"
"https://listdata.thelist.tas.gov.au/opendata/data/LIST_COASTAL_PROJECTED_STORM_TIDE_20161201_1PCT_AEP_2010_BRIGHTON/list_coastal_projected_storm_tide_20161201_1PCT_AEP_2010_brighton.gdb/a00000004.gdbtable","LIST_COASTAL_PROJECTED_STORM_TIDE_20161201_1PCT_AEP_2010_BRIGHTON/list_coastal_projected_storm_tide_20161201_1PCT_AEP_2010_brighton.gdb/a00000004.gdbtable","a00000004.gdbtable",FALSE,14336,"2019-06-27T10:25:00+1000",14066,"2019-06-27T00:25:36Z","""1660992-36f2-58c43335d4000""",200,"2026-09-09T13:41:08Z"
"https://listdata.thelist.tas.gov.au/opendata/data/LIST_COASTAL_PROJECTED_STORM_TIDE_20161201_1PCT_AEP_2010_BRIGHTON/list_coastal_projected_storm_tide_20161201_1PCT_AEP_2010_brighton.gdb/a00000004.gdbtablx","LIST_COASTAL_PROJECTED_STORM_TIDE_20161201_1PCT_AEP_2010_BRIGHTON/list_coastal_projected_storm_tide_20161201_1PCT_AEP_2010_brighton.gdb/a00000004.gdbtablx","a00000004.gdbtablx",FALSE,5120,"2019-06-27T10:25:00+1000",5152,"2019-06-27T00:25:36Z","""1660993-1420-58c43335d4000""",200,"2026-09-09T13:41:08Z"
"https://listdata.thelist.tas.gov.au/opendata/data/LIST_COASTAL_PROJECTED_STORM_TIDE_20161201_1PCT_AEP_2010_BRIGHTON/list_coastal_projected_storm_tide_20161201_1PCT_AEP_2010_brighton.gdb/a00000004.spx","LIST_COASTAL_PROJECTED_STORM_TIDE_20161201_1PCT_AEP_2010_BRIGHTON/list_coastal_projected_storm_tide_20161201_1PCT_AEP_2010_brighton.gdb/a00000004.spx","a00000004.spx",FALSE,4096,"2019-06-27T10:25:00+1000",4118,"2019-06-27T00:25:32Z","""1660994-1016-58c4333203700""",200,"2026-09-09T13:41:08Z"
"https://listdata.thelist.tas.gov.au/opendata/data/LIST_COASTAL_PROJECTED_STORM_TIDE_20161201_1PCT_AEP_2010_BRIGHTON/list_coastal_projected_storm_tide_20161201_1PCT_AEP_2010_brighton.gdb/a00000005.CatItemTypesByName.atx","LIST_COASTAL_PROJECTED_STORM_TIDE_20161201_1PCT_AEP_2010_BRIGHTON/list_coastal_projected_storm_tide_20161201_1PCT_AEP_2010_brighton.gdb/a00000005.CatItemTypesByName.atx","a00000005.CatItemTypesByName.atx",FALSE,12288,"2019-06-27T10:25:00+1000",12310,"2019-06-27T00:25:22Z","""1660995-3016-58c433287a080""",200,"2026-09-09T13:41:08Z"
"https://listdata.thelist.tas.gov.au/opendata/data/LIST_COASTAL_PROJECTED_STORM_TIDE_20161201_1PCT_AEP_2010_BRIGHTON/list_coastal_projected_storm_tide_20161201_1PCT_AEP_2010_brighton.gdb/a00000005.CatItemTypesByParentTypeID.atx","LIST_COASTAL_PROJECTED_STORM_TIDE_20161201_1PCT_AEP_2010_BRIGHTON/list_coastal_projected_storm_tide_20161201_1PCT_AEP_2010_brighton.gdb/a00000005.CatItemTypesByParentTypeID.atx","a00000005.CatItemTypesByParentTypeID.atx",FALSE,4096,"2019-06-27T10:25:00+1000",4118,"2019-06-27T00:25:22Z","""1660996-1016-58c433287a080""",200,"2026-09-09T13:41:08Z"
"https://listdata.thelist.tas.gov.au/opendata/data/LIST_COASTAL_PROJECTED_STORM_TIDE_20161201_1PCT_AEP_2010_BRIGHTON/list_coastal_projected_storm_tide_20161201_1PCT_AEP_2010_brighton.gdb/a00000005.CatItemTypesByUUID.atx","LIST_COASTAL_PROJECTED_STORM_TIDE_20161201_1PCT_AEP_2010_BRIGHTON/list_coastal_projected_storm_tide_20161201_1PCT_AEP_2010_brighton.gdb/a00000005.CatItemTypesByUUID.atx","a00000005.CatItemTypesByUUID.atx",FALSE,4096,"2019-06-27T10:25:00+1000",4118,"2019-06-27T00:25:22Z","""1660997-1016-58c433287a080""",200,"2026-09-09T13:41:08Z"
"https://listdata.thelist.tas.gov.au/opendata/data/LIST_COASTAL_PROJECTED_STORM_TIDE_20161201_1PCT_AEP_2010_BRIGHTON/list_coastal_projected_storm_tide_20161201_1PCT_AEP_2010_brighton.gdb/a00000005.gdbindexes","LIST_COASTAL_PROJECTED_STORM_TIDE_20161201_1PCT_AEP_2010_BRIGHTON/list_coastal_projected_storm_tide_20161201_1PCT_AEP_2010_brighton.gdb/a00000005.gdbindexes","a00000005.gdbindexes",FALSE,296,"2019-06-27T10:25:00+1000",296,"2019-06-27T00:25:22Z","""1660998-128-58c433287a080""",200,"2026-09-09T13:41:08Z"
"https://listdata.thelist.tas.gov.au/opendata/data/LIST_COASTAL_PROJECTED_STORM_TIDE_20161201_1PCT_AEP_2010_BRIGHTON/list_coastal_projected_storm_tide_20161201_1PCT_AEP_2010_brighton.gdb/a00000005.gdbtable","LIST_COASTAL_PROJECTED_STORM_TIDE_20161201_1PCT_AEP_2010_BRIGHTON/list_coastal_projected_storm_tide_20161201_1PCT_AEP_2010_brighton.gdb/a00000005.gdbtable","a00000005.gdbtable",FALSE,1843.2,"2019-06-27T10:25:00+1000",1803,"2019-06-27T00:25:22Z","""1660999-70b-58c433287a080""",200,"2026-09-09T13:41:08Z"
"https://listdata.thelist.tas.gov.au/opendata/data/LIST_COASTAL_PROJECTED_STORM_TIDE_20161201_1PCT_AEP_2010_BRIGHTON/list_coastal_projected_storm_tide_20161201_1PCT_AEP_2010_brighton.gdb/a00000005.gdbtablx","LIST_COASTAL_PROJECTED_STORM_TIDE_20161201_1PCT_AEP_2010_BRIGHTON/list_coastal_projected_storm_tide_20161201_1PCT_AEP_2010_brighton.gdb/a00000005.gdbtablx","a00000005.gdbtablx",FALSE,5120,"2019-06-27T10:25:00+1000",5152,"2019-06-27T00:25:22Z","""166099a-1420-58c433287a080""",200,"2026-09-09T13:41:08Z"
"https://listdata.thelist.tas.gov.au/opendata/data/LIST_COASTAL_PROJECTED_STORM_TIDE_20161201_1PCT_AEP_2010_BRIGHTON/list_coastal_projected_storm_tide_20161201_1PCT_AEP_2010_brighton.gdb/a00000006.CatRelsByDestinationID.atx","LIST_COASTAL_PROJECTED_STORM_TIDE_20161201_1PCT_AEP_2010_BRIGHTON/list_coastal_projected_storm_tide_20161201_1PCT_AEP_2010_brighton.gdb/a00000006.CatRelsByDestinationID.atx","a00000006.CatRelsByDestinationID.atx",FALSE,4096,"2019-06-27T10:25:00+1000",4118,"2019-06-27T00:25:32Z","""166099b-1016-58c4333203700""",200,"2026-09-09T13:41:08Z"
"https://listdata.thelist.tas.gov.au/opendata/data/LIST_COASTAL_PROJECTED_STORM_TIDE_20161201_1PCT_AEP_2010_BRIGHTON/list_coastal_projected_storm_tide_20161201_1PCT_AEP_2010_brighton.gdb/a00000006.CatRelsByOriginID.atx","LIST_COASTAL_PROJECTED_STORM_TIDE_20161201_1PCT_AEP_2010_BRIGHTON/list_coastal_projected_storm_tide_20161201_1PCT_AEP_2010_brighton.gdb/a00000006.CatRelsByOriginID.atx","a00000006.CatRelsByOriginID.atx",FALSE,4096,"2019-06-27T10:25:00+1000",4118,"2019-06-27T00:25:32Z","""166099c-1016-58c4333203700""",200,"2026-09-09T13:41:08Z"
"https://listdata.thelist.tas.gov.au/opendata/data/LIST_COASTAL_PROJECTED_STORM_TIDE_20161201_1PCT_AEP_2010_BRIGHTON/list_coastal_projected_storm_tide_20161201_1PCT_AEP_2010_brighton.gdb/a00000006.CatRelsByType.atx","LIST_COASTAL_PROJECTED_STORM_TIDE_20161201_1PCT_AEP_2010_BRIGHTON/list_coastal_projected_storm_tide_20161201_1PCT_AEP_2010_brighton.gdb/a00000006.CatRelsByType.atx","a00000006.CatRelsByType.atx",FALSE,4096,"2019-06-27T10:25:00+1000",4118,"2019-06-27T00:25:32Z","""166099d-1016-58c4333203700""",200,"2026-09-09T13:41:08Z"
"https://listdata.thelist.tas.gov.au/opendata/data/LIST_COASTAL_PROJECTED_STORM_TIDE_20161201_1PCT_AEP_2010_BRIGHTON/list_coastal_projected_storm_tide_20161201_1PCT_AEP_2010_brighton.gdb/a00000006.FDO_UUID.atx","LIST_COASTAL_PROJECTED_STORM_TIDE_20161201_1PCT_AEP_2010_BRIGHTON/list_coastal_projected_storm_tide_20161201_1PCT_AEP_2010_brighton.gdb/a00000006.FDO_UUID.atx","a00000006.FDO_UUID.atx",FALSE,4096,"2019-06-27T10:25:00+1000",4118,"2019-06-27T00:25:32Z","""166099e-1016-58c4333203700""",200,"2026-09-09T13:41:08Z"
"https://listdata.thelist.tas.gov.au/opendata/data/LIST_COASTAL_PROJECTED_STORM_TIDE_20161201_1PCT_AEP_2010_BRIGHTON/list_coastal_projected_storm_tide_20161201_1PCT_AEP_2010_brighton.gdb/a00000006.gdbindexes","LIST_COASTAL_PROJECTED_STORM_TIDE_20161201_1PCT_AEP_2010_BRIGHTON/list_coastal_projected_storm_tide_20161201_1PCT_AEP_2010_brighton.gdb/a00000006.gdbindexes","a00000006.gdbindexes",FALSE,318,"2019-06-27T10:25:00+1000",318,"2019-06-27T00:25:20Z","""166099f-13e-58c4332691c00""",200,"2026-09-09T13:41:08Z"
"https://listdata.thelist.tas.gov.au/opendata/data/LIST_COASTAL_PROJECTED_STORM_TIDE_20161201_1PCT_AEP_2010_BRIGHTON/list_coastal_projected_storm_tide_20161201_1PCT_AEP_2010_brighton.gdb/a00000006.gdbtable","LIST_COASTAL_PROJECTED_STORM_TIDE_20161201_1PCT_AEP_2010_BRIGHTON/list_coastal_projected_storm_tide_20161201_1PCT_AEP_2010_brighton.gdb/a00000006.gdbtable","a00000006.gdbtable",FALSE,263,"2019-06-27T10:25:00+1000",263,"2019-06-27T00:25:32Z","""16609a0-107-58c4333203700""",200,"2026-09-09T13:41:08Z"
"https://listdata.thelist.tas.gov.au/opendata/data/LIST_COASTAL_PROJECTED_STORM_TIDE_20161201_1PCT_AEP_2010_BRIGHTON/list_coastal_projected_storm_tide_20161201_1PCT_AEP_2010_brighton.gdb/a00000006.gdbtablx","LIST_COASTAL_PROJECTED_STORM_TIDE_20161201_1PCT_AEP_2010_BRIGHTON/list_coastal_projected_storm_tide_20161201_1PCT_AEP_2010_brighton.gdb/a00000006.gdbtablx","a00000006.gdbtablx",FALSE,5120,"2019-06-27T10:25:00+1000",5152,"2019-06-27T00:25:32Z","""16609a1-1420-58c4333203700""",200,"2026-09-09T13:41:08Z"
"https://listdata.thelist.tas.gov.au/opendata/data/LIST_COASTAL_PROJECTED_STORM_TIDE_20161201_1PCT_AEP_2010_BRIGHTON/list_coastal_projected_storm_tide_20161201_1PCT_AEP_2010_brighton.gdb/a00000007.CatRelTypesByBackwardLabel.atx","LIST_COASTAL_PROJECTED_STORM_TIDE_20161201_1PCT_AEP_2010_BRIGHTON/list_coastal_projected_storm_tide_20161201_1PCT_AEP_2010_brighton.gdb/a00000007.CatRelTypesByBackwardLabel.atx","a00000007.CatRelTypesByBackwardLabel.atx",FALSE,4096,"2019-06-27T10:25:00+1000",4118,"2019-06-27T00:25:22Z","""16609a2-1016-58c433287a080""",200,"2026-09-09T13:41:08Z"
"https://listdata.thelist.tas.gov.au/opendata/data/LIST_COASTAL_PROJECTED_STORM_TIDE_20161201_1PCT_AEP_2010_BRIGHTON/list_coastal_projected_storm_tide_20161201_1PCT_AEP_2010_brighton.gdb/a00000007.CatRelTypesByDestItemTypeID.atx","LIST_COASTAL_PROJECTED_STORM_TIDE_20161201_1PCT_AEP_2010_BRIGHTON/list_coastal_projected_storm_tide_20161201_1PCT_AEP_2010_brighton.gdb/a00000007.CatRelTypesByDestItemTypeID.atx","a00000007.CatRelTypesByDestItemTypeID.atx",FALSE,4096,"2019-06-27T10:25:00+1000",4118,"2019-06-27T00:25:22Z","""16609a3-1016-58c433287a080""",200,"2026-09-09T13:41:08Z"
"https://listdata.thelist.tas.gov.au/opendata/data/LIST_COASTAL_PROJECTED_STORM_TIDE_20161201_1PCT_AEP_2010_BRIGHTON/list_coastal_projected_storm_tide_20161201_1PCT_AEP_2010_brighton.gdb/a00000007.CatRelTypesByForwardLabel.atx","LIST_COASTAL_PROJECTED_STORM_TIDE_20161201_1PCT_AEP_2010_BRIGHTON/list_coastal_projected_storm_tide_20161201_1PCT_AEP_2010_brighton.gdb/a00000007.CatRelTypesByForwardLabel.atx","a00000007.CatRelTypesByForwardLabel.atx",FALSE,4096,"2019-06-27T10:25:00+1000",4118,"2019-06-27T00:25:22Z","""16609a4-1016-58c433287a080""",200,"2026-09-09T13:41:08Z"
"https://listdata.thelist.tas.gov.au/opendata/data/LIST_COASTAL_PROJECTED_STORM_TIDE_20161201_1PCT_AEP_2010_BRIGHTON/list_coastal_projected_storm_tide_20161201_1PCT_AEP_2010_brighton.gdb/a00000007.CatRelTypesByName.atx","LIST_COASTAL_PROJECTED_STORM_TIDE_20161201_1PCT_AEP_2010_BRIGHTON/list_coastal_projected_storm_tide_20161201_1PCT_AEP_2010_brighton.gdb/a00000007.CatRelTypesByName.atx","a00000007.CatRelTypesByName.atx",FALSE,4096,"2019-06-27T10:25:00+1000",4118,"2019-06-27T00:25:22Z","""16609a5-1016-58c433287a080""",200,"2026-09-09T13:41:08Z"
"https://listdata.thelist.tas.gov.au/opendata/data/LIST_COASTAL_PROJECTED_STORM_TIDE_20161201_1PCT_AEP_2010_BRIGHTON/list_coastal_projected_storm_tide_20161201_1PCT_AEP_2010_brighton.gdb/a00000007.CatRelTypesByOriginItemTypeID.atx","LIST_COASTAL_PROJECTED_STORM_TIDE_20161201_1PCT_AEP_2010_BRIGHTON/list_coastal_projected_storm_tide_20161201_1PCT_AEP_2010_brighton.gdb/a00000007.CatRelTypesByOriginItemTypeID.atx","a00000007.CatRelTypesByOriginItemTypeID.atx",FALSE,4096,"2019-06-27T10:25:00+1000",4118,"2019-06-27T00:25:22Z","""16609a6-1016-58c433287a080""",200,"2026-09-09T13:41:08Z"
"https://listdata.thelist.tas.gov.au/opendata/data/LIST_COASTAL_PROJECTED_STORM_TIDE_20161201_1PCT_AEP_2010_BRIGHTON/list_coastal_projected_storm_tide_20161201_1PCT_AEP_2010_brighton.gdb/a00000007.CatRelTypesByUUID.atx","LIST_COASTAL_PROJECTED_STORM_TIDE_20161201_1PCT_AEP_2010_BRIGHTON/list_coastal_projected_storm_tide_20161201_1PCT_AEP_2010_brighton.gdb/a00000007.CatRelTypesByUUID.atx","a00000007.CatRelTypesByUUID.atx",FALSE,4096,"2019-06-27T10:25:00+1000",4118,"2019-06-27T00:25:22Z","""16609a7-1016-58c433287a080""",200,"2026-09-09T13:41:08Z"
"https://listdata.thelist.tas.gov.au/opendata/data/LIST_COASTAL_PROJECTED_STORM_TIDE_20161201_1PCT_AEP_2010_BRIGHTON/list_coastal_projected_storm_tide_20161201_1PCT_AEP_2010_brighton.gdb/a00000007.gdbindexes","LIST_COASTAL_PROJECTED_STORM_TIDE_20161201_1PCT_AEP_2010_BRIGHTON/list_coastal_projected_storm_tide_20161201_1PCT_AEP_2010_brighton.gdb/a00000007.gdbindexes","a00000007.gdbindexes",FALSE,602,"2019-06-27T10:25:00+1000",602,"2019-06-27T00:25:22Z","""16609a8-25a-58c433287a080""",200,"2026-09-09T13:41:08Z"
"https://listdata.thelist.tas.gov.au/opendata/data/LIST_COASTAL_PROJECTED_STORM_TIDE_20161201_1PCT_AEP_2010_BRIGHTON/list_coastal_projected_storm_tide_20161201_1PCT_AEP_2010_brighton.gdb/a00000007.gdbtable","LIST_COASTAL_PROJECTED_STORM_TIDE_20161201_1PCT_AEP_2010_BRIGHTON/list_coastal_projected_storm_tide_20161201_1PCT_AEP_2010_brighton.gdb/a00000007.gdbtable","a00000007.gdbtable",FALSE,2457.6,,2504,"2019-06-27T00:25:22Z","""16609a9-9c8-58c433287a080""",200,"2026-09-09T13:41:08Z"
"https://listdata.thelist.tas.gov.au/opendata/data/LIST_COASTAL_PROJECTED_STORM_TIDE_20161201_1PCT_AEP_2010_BRIGHTON/list_coastal_projected_storm_tide_20161201_1PCT_AEP_2010_brighton.gdb/a00000007.gdbtablx","LIST_COASTAL_PROJECTED_STORM_TIDE_20161201_1PCT_AEP_2010_BRIGHTON/list_coastal_projected_storm_tide_20161201_1PCT_AEP_2010_brighton.gdb/a00000007.gdbtablx","a00000007.gdbtablx",FALSE,5120,,5152,"2019-06-27T00:25:22Z","""16609aa-1420-58c433287a080""",200,"2026-09-09T13:41:08Z"
"https://listdata.thelist.tas.gov.au/opendata/data/LIST_COASTAL_PROJECTED_STORM_TIDE_20161201_1PCT_AEP_2010_BRIGHTON/list_coastal_projected_storm_tide_20161201_1PCT_AEP_2010_brighton.gdb/a00000009.gdbindexes","LIST_COASTAL_PROJECTED_STORM_TIDE_20161201_1PCT_AEP_2010_BRIGHTON/list_coastal_projected_storm_tide_20161201_1PCT_AEP_2010_brighton.gdb/a00000009.gdbindexes","a00000009.gdbindexes",FALSE,116,,116,"2019-06-27T00:25:36Z","""16609ab-74-58c43335d4000""",200,"2026-09-09T13:41:08Z"
"https://listdata.thelist.tas.gov.au/opendata/data/LIST_COASTAL_PROJECTED_STORM_TIDE_20161201_1PCT_AEP_2010_BRIGHTON/list_coastal_projected_storm_tide_20161201_1PCT_AEP_2010_brighton.gdb/a00000009.gdbtable","LIST_COASTAL_PROJECTED_STORM_TIDE_20161201_1PCT_AEP_2010_BRIGHTON/list_coastal_projected_storm_tide_20161201_1PCT_AEP_2010_brighton.gdb/a00000009.gdbtable","a00000009.gdbtable",FALSE,468992,,468511,"2019-06-27T00:25:36Z","""16609ac-7261f-58c43335d4000""",200,"2026-09-09T13:41:08Z"
"https://listdata.thelist.tas.gov.au/opendata/data/LIST_COASTAL_PROJECTED_STORM_TIDE_20161201_1PCT_AEP_2010_BRIGHTON/list_coastal_projected_storm_tide_20161201_1PCT_AEP_2010_brighton.gdb/a00000009.gdbtablx","LIST_COASTAL_PROJECTED_STORM_TIDE_20161201_1PCT_AEP_2010_BRIGHTON/list_coastal_projected_storm_tide_20161201_1PCT_AEP_2010_brighton.gdb/a00000009.gdbtablx","a00000009.gdbtablx",FALSE,5120,,5152,"2019-06-27T00:25:36Z","""16609ad-1420-58c43335d4000""",200,"2026-09-09T13:41:08Z"
"https://listdata.thelist.tas.gov.au/opendata/data/LIST_COASTAL_PROJECTED_STORM_TIDE_20161201_1PCT_AEP_2010_BRIGHTON/list_coastal_projected_storm_tide_20161201_1PCT_AEP_2010_brighton.gdb/a00000009.spx","LIST_COASTAL_PROJECTED_STORM_TIDE_20161201_1PCT_AEP_2010_BRIGHTON/list_coastal_projected_storm_tide_20161201_1PCT_AEP_2010_brighton.gdb/a00000009.spx","a00000009.spx",FALSE,12288,,12310,"2019-06-27T00:25:36Z","""16609ae-3016-58c43335d4000""",200,"2026-09-09T13:41:08Z"
"https://listdata.thelist.tas.gov.au/opendata/data/LIST_COASTAL_PROJECTED_STORM_TIDE_20161201_1PCT_AEP_2010_BRIGHTON/list_coastal_projected_storm_tide_20161201_1PCT_AEP_2010_brighton.gdb/gdb","LIST_COASTAL_PROJECTED_STORM_TIDE_20161201_1PCT_AEP_2010_BRIGHTON/list_coastal_projected_storm_tide_20161201_1PCT_AEP_2010_brighton.gdb/gdb","gdb",FALSE,4,,4,"2019-06-27T00:25:20Z","""16609af-4-58c4332691c00""",200,"2026-09-09T13:41:08Z"
"https://listdata.thelist.tas.gov.au/opendata/data/LIST_COASTAL_PROJECTED_STORM_TIDE_20161201_1PCT_AEP_2010_BRIGHTON/list_coastal_projected_storm_tide_20161201_1PCT_AEP_2010_brighton.gdb/timestamps","LIST_COASTAL_PROJECTED_STORM_TIDE_20161201_1PCT_AEP_2010_BRIGHTON/list_coastal_projected_storm_tide_20161201_1PCT_AEP_2010_brighton.gdb/timestamps","timestamps",FALSE,400,,400,"2019-06-27T00:25:36Z","""16609b0-190-58c43335d4000""",200,"2026-09-09T13:41:08Z"
"https://listdata.thelist.tas.gov.au/opendata/data/LIST_COASTAL_PROJECTED_STORM_TIDE_20161201_1PCT_AEP_2010_BRIGHTON/list_coastal_projected_storm_tide_20161201_1PCT_AEP_2010_brighton.ID","LIST_COASTAL_PROJECTED_STORM_TIDE_20161201_1PCT_AEP_2010_BRIGHTON/list_coastal_projected_storm_tide_20161201_1PCT_AEP_2010_brighton.ID","list_coastal_projected_storm_tide_20161201_1PCT_AEP_2010_brighton.ID",FALSE,1843.2,"2019-09-23T16:55:00+1000",1892,"2019-06-27T00:25:12Z","""1660973-764-58c4331ef0a00""",200,"2026-09-09T13:41:08Z"
"https://listdata.thelist.tas.gov.au/opendata/data/LIST_COASTAL_PROJECTED_STORM_TIDE_20161201_1PCT_AEP_2010_BRIGHTON/list_coastal_projected_storm_tide_20161201_1PCT_AEP_2010_brighton.MAP","LIST_COASTAL_PROJECTED_STORM_TIDE_20161201_1PCT_AEP_2010_BRIGHTON/list_coastal_projected_storm_tide_20161201_1PCT_AEP_2010_brighton.MAP","list_coastal_projected_storm_tide_20161201_1PCT_AEP_2010_brighton.MAP",FALSE,1048576,"2019-09-23T16:55:00+1000",1015296,"2019-06-27T00:25:12Z","""1660974-f7e00-58c4331ef0a00""",200,"2026-09-09T13:41:08Z"
"https://listdata.thelist.tas.gov.au/opendata/data/LIST_COASTAL_PROJECTED_STORM_TIDE_20161201_1PCT_AEP_2010_BRIGHTON/list_coastal_projected_storm_tide_20161201_1PCT_AEP_2010_brighton.sbn","LIST_COASTAL_PROJECTED_STORM_TIDE_20161201_1PCT_AEP_2010_BRIGHTON/list_coastal_projected_storm_tide_20161201_1PCT_AEP_2010_brighton.sbn","list_coastal_projected_storm_tide_20161201_1PCT_AEP_2010_brighton.sbn",FALSE,108,"2019-09-23T16:55:00+1000",108,"2019-09-23T17:31:24Z","""1660975-6c-5933bc9f23300""",200,"2026-09-09T13:41:08Z"
"https://listdata.thelist.tas.gov.au/opendata/data/LIST_COASTAL_PROJECTED_STORM_TIDE_20161201_1PCT_AEP_2010_BRIGHTON/list_coastal_projected_storm_tide_20161201_1PCT_AEP_2010_brighton.sbx","LIST_COASTAL_PROJECTED_STORM_TIDE_20161201_1PCT_AEP_2010_BRIGHTON/list_coastal_projected_storm_tide_20161201_1PCT_AEP_2010_brighton.sbx","list_coastal_projected_storm_tide_20161201_1PCT_AEP_2010_brighton.sbx",FALSE,108,"2019-09-23T16:55:00+1000",108,"2019-09-23T17:31:24Z","""1660976-6c-5933bc9f23300""",200,"2026-09-09T13:41:08Z"
"https://listdata.thelist.tas.gov.au/opendata/data/LIST_COASTAL_PROJECTED_STORM_TIDE_20161201_1PCT_AEP_2010_BRIGHTON/list_coastal_projected_storm_tide_20161201_1PCT_AEP_2010_brighton.shp.xml","LIST_COASTAL_PROJECTED_STORM_TIDE_20161201_1PCT_AEP_2010_BRIGHTON/list_coastal_projected_storm_tide_20161201_1PCT_AEP_2010_brighton.shp.xml","list_coastal_projected_storm_tide_20161201_1PCT_AEP_2010_brighton.shp.xml",FALSE,885,"2019-09-24T02:04:00+1000",885,"2019-09-23T17:31:24Z","""1660977-375-5933bc9f23300""",200,"2026-09-09T13:41:08Z"
"https://listdata.thelist.tas.gov.au/opendata/data/LIST_COASTAL_PROJECTED_STORM_TIDE_20161201_1PCT_AEP_2010_BRIGHTON/list_coastal_projected_storm_tide_20161201_1PCT_AEP_2010_brighton.tab","LIST_COASTAL_PROJECTED_STORM_TIDE_20161201_1PCT_AEP_2010_BRIGHTON/list_coastal_projected_storm_tide_20161201_1PCT_AEP_2010_brighton.tab","list_coastal_projected_storm_tide_20161201_1PCT_AEP_2010_brighton.tab",FALSE,257,"2019-09-24T03:31:00+1000",257,"2019-06-27T00:25:12Z","""1660978-101-58c4331ef0a00""",200,"2026-09-09T13:41:08Z"
"https://listdata.thelist.tas.gov.au/opendata/data/LIST_COASTAL_PROJECTED_STORM_TIDE_20161201_1PCT_AEP_2010_BRIGHTON/municipality_brighton.cpg","LIST_COASTAL_PROJECTED_STORM_TIDE_20161201_1PCT_AEP_2010_BRIGHTON/municipality_brighton.cpg","municipality_brighton.cpg",FALSE,5,"2019-09-24T03:31:00+1000",5,"2019-09-23T06:55:16Z","""1660979-5-59332e6f4bd00""",200,"2026-09-09T13:41:08Z"
"https://listdata.thelist.tas.gov.au/opendata/data/LIST_COASTAL_PROJECTED_STORM_TIDE_20161201_1PCT_AEP_2010_BRIGHTON/municipality_brighton.DAT","LIST_COASTAL_PROJECTED_STORM_TIDE_20161201_1PCT_AEP_2010_BRIGHTON/municipality_brighton.DAT","municipality_brighton.DAT",FALSE,607,"2019-09-24T03:31:00+1000",607,"2019-09-23T16:04:04Z","""166097a-25f-5933a919e2500""",200,"2026-09-09T13:41:08Z"
"https://listdata.thelist.tas.gov.au/opendata/data/LIST_COASTAL_PROJECTED_STORM_TIDE_20161201_1PCT_AEP_2010_BRIGHTON/municipality_brighton.dbf","LIST_COASTAL_PROJECTED_STORM_TIDE_20161201_1PCT_AEP_2010_BRIGHTON/municipality_brighton.dbf","municipality_brighton.dbf",FALSE,618,"2019-09-24T03:31:00+1000",618,"2019-09-23T06:55:16Z","""166097b-26a-59332e6f4bd00""",200,"2026-09-09T13:41:08Z"
"https://listdata.thelist.tas.gov.au/opendata/data/LIST_COASTAL_PROJECTED_STORM_TIDE_20161201_1PCT_AEP_2010_BRIGHTON/municipality_brighton.gdb/","LIST_COASTAL_PROJECTED_STORM_TIDE_20161201_1PCT_AEP_2010_BRIGHTON/municipality_brighton.gdb/","municipality_brighton.gdb/",TRUE,,"2019-09-23T16:55:00+1000",,,,,"2026-09-09T13:41:08Z"
"https://listdata.thelist.tas.gov.au/opendata/data/LIST_COASTAL_PROJECTED_STORM_TIDE_20161201_1PCT_AEP_2010_BRIGHTON/municipality_brighton.gdb/a00000001.gdbindexes","LIST_COASTAL_PROJECTED_STORM_TIDE_20161201_1PCT_AEP_2010_BRIGHTON/municipality_brighton.gdb/a00000001.gdbindexes","a00000001.gdbindexes",FALSE,110,"2019-09-23T16:55:00+1000",110,"2019-09-23T06:55:02Z","""16609b1-6e-59332e61f1d80""",200,"2026-09-09T13:41:08Z"
"https://listdata.thelist.tas.gov.au/opendata/data/LIST_COASTAL_PROJECTED_STORM_TIDE_20161201_1PCT_AEP_2010_BRIGHTON/municipality_brighton.gdb/a00000001.gdbtable","LIST_COASTAL_PROJECTED_STORM_TIDE_20161201_1PCT_AEP_2010_BRIGHTON/municipality_brighton.gdb/a00000001.gdbtable","a00000001.gdbtable",FALSE,332,"2019-09-23T16:55:00+1000",332,"2019-09-23T06:55:06Z","""16609b2-14c-59332e65c2680""",200,"2026-09-09T13:41:08Z"
"https://listdata.thelist.tas.gov.au/opendata/data/LIST_COASTAL_PROJECTED_STORM_TIDE_20161201_1PCT_AEP_2010_BRIGHTON/municipality_brighton.gdb/a00000001.gdbtablx","LIST_COASTAL_PROJECTED_STORM_TIDE_20161201_1PCT_AEP_2010_BRIGHTON/municipality_brighton.gdb/a00000001.gdbtablx","a00000001.gdbtablx",FALSE,5120,"2019-09-23T16:55:00+1000",5152,"2019-09-23T06:55:06Z","""16609b3-1420-59332e65c2680""",200,"2026-09-09T13:41:08Z"
"https://listdata.thelist.tas.gov.au/opendata/data/LIST_COASTAL_PROJECTED_STORM_TIDE_20161201_1PCT_AEP_2010_BRIGHTON/municipality_brighton.gdb/a00000001.TablesByName.atx","LIST_COASTAL_PROJECTED_STORM_TIDE_20161201_1PCT_AEP_2010_BRIGHTON/municipality_brighton.gdb/a00000001.TablesByName.atx","a00000001.TablesByName.atx",FALSE,4096,"2019-09-23T16:55:00+1000",4118,"2019-09-23T06:55:06Z","""16609b4-1016-59332e65c2680""",200,"2026-09-09T13:41:08Z"
"https://listdata.thelist.tas.gov.au/opendata/data/LIST_COASTAL_PROJECTED_STORM_TIDE_20161201_1PCT_AEP_2010_BRIGHTON/municipality_brighton.gdb/a00000002.gdbtable","LIST_COASTAL_PROJECTED_STORM_TIDE_20161201_1PCT_AEP_2010_BRIGHTON/municipality_brighton.gdb/a00000002.gdbtable","a00000002.gdbtable",FALSE,2048,"2019-09-23T16:55:00+1000",2055,"2019-09-23T06:55:02Z","""16609b5-807-59332e61f1d80""",200,"2026-09-09T13:41:08Z"
"https://listdata.thelist.tas.gov.au/opendata/data/LIST_COASTAL_PROJECTED_STORM_TIDE_20161201_1PCT_AEP_2010_BRIGHTON/municipality_brighton.gdb/a00000002.gdbtablx","LIST_COASTAL_PROJECTED_STORM_TIDE_20161201_1PCT_AEP_2010_BRIGHTON/municipality_brighton.gdb/a00000002.gdbtablx","a00000002.gdbtablx",FALSE,5120,"2019-09-23T16:55:00+1000",5152,"2019-09-23T06:55:02Z","""16609b6-1420-59332e61f1d80""",200,"2026-09-09T13:41:08Z"
"https://listdata.thelist.tas.gov.au/opendata/data/LIST_COASTAL_PROJECTED_STORM_TIDE_20161201_1PCT_AEP_2010_BRIGHTON/municipality_brighton.gdb/a00000003.gdbindexes","LIST_COASTAL_PROJECTED_STORM_TIDE_20161201_1PCT_AEP_2010_BRIGHTON/municipality_brighton.gdb/a00000003.gdbindexes","a00000003.gdbindexes",FALSE,42,"2019-09-23T16:55:00+1000",42,"2019-09-23T06:55:02Z","""16609b7-2a-59332e61f1d80""",200,"2026-09-09T13:41:08Z"
"https://listdata.thelist.tas.gov.au/opendata/data/LIST_COASTAL_PROJECTED_STORM_TIDE_20161201_1PCT_AEP_2010_BRIGHTON/municipality_brighton.gdb/a00000003.gdbtable","LIST_COASTAL_PROJECTED_STORM_TIDE_20161201_1PCT_AEP_2010_BRIGHTON/municipality_brighton.gdb/a00000003.gdbtable","a00000003.gdbtable",FALSE,1024,"2019-09-23T16:55:00+1000",1021,"2019-09-23T06:55:06Z","""16609b8-3fd-59332e65c2680""",200,"2026-09-09T13:41:08Z"
"https://listdata.thelist.tas.gov.au/opendata/data/LIST_COASTAL_PROJECTED_STORM_TIDE_20161201_1PCT_AEP_2010_BRIGHTON/municipality_brighton.gdb/a00000003.gdbtablx","LIST_COASTAL_PROJECTED_STORM_TIDE_20161201_1PCT_AEP_2010_BRIGHTON/municipality_brighton.gdb/a00000003.gdbtablx","a00000003.gdbtablx",FALSE,5120,"2019-09-23T16:55:00+1000",5152,"2019-09-23T06:55:06Z","""16609b9-1420-59332e65c2680""",200,"2026-09-09T13:41:08Z"
"https://listdata.thelist.tas.gov.au/opendata/data/LIST_COASTAL_PROJECTED_STORM_TIDE_20161201_1PCT_AEP_2010_BRIGHTON/municipality_brighton.gdb/a00000004.CatItemsByPhysicalName.atx","LIST_COASTAL_PROJECTED_STORM_TIDE_20161201_1PCT_AEP_2010_BRIGHTON/municipality_brighton.gdb/a00000004.CatItemsByPhysicalName.atx","a00000004.CatItemsByPhysicalName.atx",FALSE,4096,"2019-09-23T16:55:00+1000",4118,"2019-09-23T06:55:06Z","""16609ba-1016-59332e65c2680""",200,"2026-09-09T13:41:08Z"
"https://listdata.thelist.tas.gov.au/opendata/data/LIST_COASTAL_PROJECTED_STORM_TIDE_20161201_1PCT_AEP_2010_BRIGHTON/municipality_brighton.gdb/a00000004.CatItemsByType.atx","LIST_COASTAL_PROJECTED_STORM_TIDE_20161201_1PCT_AEP_2010_BRIGHTON/municipality_brighton.gdb/a00000004.CatItemsByType.atx","a00000004.CatItemsByType.atx",FALSE,4096,"2019-09-23T16:55:00+1000",4118,"2019-09-23T06:55:06Z","""16609bb-1016-59332e65c2680""",200,"2026-09-09T13:41:08Z"
"https://listdata.thelist.tas.gov.au/opendata/data/LIST_COASTAL_PROJECTED_STORM_TIDE_20161201_1PCT_AEP_2010_BRIGHTON/municipality_brighton.gdb/a00000004.FDO_UUID.atx","LIST_COASTAL_PROJECTED_STORM_TIDE_20161201_1PCT_AEP_2010_BRIGHTON/municipality_brighton.gdb/a00000004.FDO_UUID.atx","a00000004.FDO_UUID.atx",FALSE,4096,"2019-09-23T16:55:00+1000",4118,"2019-09-23T06:55:06Z","""16609bc-1016-59332e65c2680""",200,"2026-09-09T13:41:08Z"
"https://listdata.thelist.tas.gov.au/opendata/data/LIST_COASTAL_PROJECTED_STORM_TIDE_20161201_1PCT_AEP_2010_BRIGHTON/municipality_brighton.gdb/a00000004.gdbindexes","LIST_COASTAL_PROJECTED_STORM_TIDE_20161201_1PCT_AEP_2010_BRIGHTON/municipality_brighton.gdb/a00000004.gdbindexes","a00000004.gdbindexes",FALSE,310,"2019-09-23T16:55:00+1000",310,"2019-09-23T06:55:04Z","""16609bd-136-59332e63da200""",200,"2026-09-09T13:41:08Z"
"https://listdata.thelist.tas.gov.au/opendata/data/LIST_COASTAL_PROJECTED_STORM_TIDE_20161201_1PCT_AEP_2010_BRIGHTON/municipality_brighton.gdb/a00000004.gdbtable","LIST_COASTAL_PROJECTED_STORM_TIDE_20161201_1PCT_AEP_2010_BRIGHTON/municipality_brighton.gdb/a00000004.gdbtable","a00000004.gdbtable",FALSE,19456,"2019-09-23T16:55:00+1000",19670,"2019-09-23T06:55:08Z","""16609be-4cd6-59332e67aab00""",200,"2026-09-09T13:41:08Z"
"https://listdata.thelist.tas.gov.au/opendata/data/LIST_COASTAL_PROJECTED_STORM_TIDE_20161201_1PCT_AEP_2010_BRIGHTON/municipality_brighton.gdb/a00000004.gdbtablx","LIST_COASTAL_PROJECTED_STORM_TIDE_20161201_1PCT_AEP_2010_BRIGHTON/municipality_brighton.gdb/a00000004.gdbtablx","a00000004.gdbtablx",FALSE,5120,"2019-09-23T16:55:00+1000",5152,"2019-09-23T06:55:08Z","""16609bf-1420-59332e67aab00""",200,"2026-09-09T13:41:08Z"
"https://listdata.thelist.tas.gov.au/opendata/data/LIST_COASTAL_PROJECTED_STORM_TIDE_20161201_1PCT_AEP_2010_BRIGHTON/municipality_brighton.gdb/a00000004.spx","LIST_COASTAL_PROJECTED_STORM_TIDE_20161201_1PCT_AEP_2010_BRIGHTON/municipality_brighton.gdb/a00000004.spx","a00000004.spx",FALSE,4096,"2019-09-23T16:55:00+1000",4118,"2019-09-23T06:55:06Z","""16609c0-1016-59332e65c2680""",200,"2026-09-09T13:41:08Z"
"https://listdata.thelist.tas.gov.au/opendata/data/LIST_COASTAL_PROJECTED_STORM_TIDE_20161201_1PCT_AEP_2010_BRIGHTON/municipality_brighton.gdb/a00000005.CatItemTypesByName.atx","LIST_COASTAL_PROJECTED_STORM_TIDE_20161201_1PCT_AEP_2010_BRIGHTON/municipality_brighton.gdb/a00000005.CatItemTypesByName.atx","a00000005.CatItemTypesByName.atx",FALSE,12288,"2019-09-23T16:55:00+1000",12310,"2019-09-23T06:55:04Z","""16609c1-3016-59332e63da200""",200,"2026-09-09T13:41:08Z"
"https://listdata.thelist.tas.gov.au/opendata/data/LIST_COASTAL_PROJECTED_STORM_TIDE_20161201_1PCT_AEP_2010_BRIGHTON/municipality_brighton.gdb/a00000005.CatItemTypesByParentTypeID.atx","LIST_COASTAL_PROJECTED_STORM_TIDE_20161201_1PCT_AEP_2010_BRIGHTON/municipality_brighton.gdb/a00000005.CatItemTypesByParentTypeID.atx","a00000005.CatItemTypesByParentTypeID.atx",FALSE,4096,"2019-09-23T16:55:00+1000",4118,"2019-09-23T06:55:04Z","""16609c2-1016-59332e63da200""",200,"2026-09-09T13:41:08Z"
"https://listdata.thelist.tas.gov.au/opendata/data/LIST_COASTAL_PROJECTED_STORM_TIDE_20161201_1PCT_AEP_2010_BRIGHTON/municipality_brighton.gdb/a00000005.CatItemTypesByUUID.atx","LIST_COASTAL_PROJECTED_STORM_TIDE_20161201_1PCT_AEP_2010_BRIGHTON/municipality_brighton.gdb/a00000005.CatItemTypesByUUID.atx","a00000005.CatItemTypesByUUID.atx",FALSE,4096,"2019-09-23T16:55:00+1000",4118,"2019-09-23T06:55:04Z","""16609c3-1016-59332e63da200""",200,"2026-09-09T13:41:08Z"
"https://listdata.thelist.tas.gov.au/opendata/data/LIST_COASTAL_PROJECTED_STORM_TIDE_20161201_1PCT_AEP_2010_BRIGHTON/municipality_brighton.gdb/a00000005.gdbindexes","LIST_COASTAL_PROJECTED_STORM_TIDE_20161201_1PCT_AEP_2010_BRIGHTON/municipality_brighton.gdb/a00000005.gdbindexes","a00000005.gdbindexes",FALSE,296,"2019-09-23T16:55:00+1000",296,"2019-09-23T06:55:04Z","""16609c4-128-59332e63da200""",200,"2026-09-09T13:41:08Z"
"https://listdata.thelist.tas.gov.au/opendata/data/LIST_COASTAL_PROJECTED_STORM_TIDE_20161201_1PCT_AEP_2010_BRIGHTON/municipality_brighton.gdb/a00000005.gdbtable","LIST_COASTAL_PROJECTED_STORM_TIDE_20161201_1PCT_AEP_2010_BRIGHTON/municipality_brighton.gdb/a00000005.gdbtable","a00000005.gdbtable",FALSE,1843.2,"2019-09-23T16:55:00+1000",1803,"2019-09-23T06:55:04Z","""16609c5-70b-59332e63da200""",200,"2026-09-09T13:41:08Z"
"https://listdata.thelist.tas.gov.au/opendata/data/LIST_COASTAL_PROJECTED_STORM_TIDE_20161201_1PCT_AEP_2010_BRIGHTON/municipality_brighton.gdb/a00000005.gdbtablx","LIST_COASTAL_PROJECTED_STORM_TIDE_20161201_1PCT_AEP_2010_BRIGHTON/municipality_brighton.gdb/a00000005.gdbtablx","a00000005.gdbtablx",FALSE,5120,"2019-09-23T16:55:00+1000",5152,"2019-09-23T06:55:04Z","""16609c6-1420-59332e63da200""",200,"2026-09-09T13:41:08Z"
"https://listdata.thelist.tas.gov.au/opendata/data/LIST_COASTAL_PROJECTED_STORM_TIDE_20161201_1PCT_AEP_2010_BRIGHTON/municipality_brighton.gdb/a00000006.CatRelsByDestinationID.atx","LIST_COASTAL_PROJECTED_STORM_TIDE_20161201_1PCT_AEP_2010_BRIGHTON/municipality_brighton.gdb/a00000006.CatRelsByDestinationID.atx","a00000006.CatRelsByDestinationID.atx",FALSE,4096,"2019-09-23T16:55:00+1000",4118,"2019-09-23T06:55:06Z","""16609c7-1016-59332e65c2680""",200,"2026-09-09T13:41:08Z"
"https://listdata.thelist.tas.gov.au/opendata/data/LIST_COASTAL_PROJECTED_STORM_TIDE_20161201_1PCT_AEP_2010_BRIGHTON/municipality_brighton.gdb/a00000006.CatRelsByOriginID.atx","LIST_COASTAL_PROJECTED_STORM_TIDE_20161201_1PCT_AEP_2010_BRIGHTON/municipality_brighton.gdb/a00000006.CatRelsByOriginID.atx","a00000006.CatRelsByOriginID.atx",FALSE,4096,"2019-09-23T16:55:00+1000",4118,"2019-09-23T06:55:06Z","""16609c8-1016-59332e65c2680""",200,"2026-09-09T13:41:08Z"
"https://listdata.thelist.tas.gov.au/opendata/data/LIST_COASTAL_PROJECTED_STORM_TIDE_20161201_1PCT_AEP_2010_BRIGHTON/municipality_brighton.gdb/a00000006.CatRelsByType.atx","LIST_COASTAL_PROJECTED_STORM_TIDE_20161201_1PCT_AEP_2010_BRIGHTON/municipality_brighton.gdb/a00000006.CatRelsByType.atx","a00000006.CatRelsByType.atx",FALSE,4096,"2019-09-23T16:55:00+1000",4118,"2019-09-23T06:55:06Z","""16609c9-1016-59332e65c2680""",200,"2026-09-09T13:41:08Z"
"https://listdata.thelist.tas.gov.au/opendata/data/LIST_COASTAL_PROJECTED_STORM_TIDE_20161201_1PCT_AEP_2010_BRIGHTON/municipality_brighton.gdb/a00000006.FDO_UUID.atx","LIST_COASTAL_PROJECTED_STORM_TIDE_20161201_1PCT_AEP_2010_BRIGHTON/municipality_brighton.gdb/a00000006.FDO_UUID.atx","a00000006.FDO_UUID.atx",FALSE,4096,"2019-09-23T16:55:00+1000",4118,"2019-09-23T06:55:06Z","""16609ca-1016-59332e65c2680""",200,"2026-09-09T13:41:08Z"
"https://listdata.thelist.tas.gov.au/opendata/data/LIST_COASTAL_PROJECTED_STORM_TIDE_20161201_1PCT_AEP_2010_BRIGHTON/municipality_brighton.gdb/a00000006.gdbindexes","LIST_COASTAL_PROJECTED_STORM_TIDE_20161201_1PCT_AEP_2010_BRIGHTON/municipality_brighton.gdb/a00000006.gdbindexes","a00000006.gdbindexes",FALSE,318,"2019-09-23T16:55:00+1000",318,"2019-09-23T06:55:04Z","""16609cb-13e-59332e63da200""",200,"2026-09-09T13:41:08Z"
"https://listdata.thelist.tas.gov.au/opendata/data/LIST_COASTAL_PROJECTED_STORM_TIDE_20161201_1PCT_AEP_2010_BRIGHTON/municipality_brighton.gdb/a00000006.gdbtable","LIST_COASTAL_PROJECTED_STORM_TIDE_20161201_1PCT_AEP_2010_BRIGHTON/municipality_brighton.gdb/a00000006.gdbtable","a00000006.gdbtable",FALSE,263,"2019-09-23T16:55:00+1000",263,"2019-09-23T06:55:06Z","""16609cc-107-59332e65c2680""",200,"2026-09-09T13:41:08Z"
"https://listdata.thelist.tas.gov.au/opendata/data/LIST_COASTAL_PROJECTED_STORM_TIDE_20161201_1PCT_AEP_2010_BRIGHTON/municipality_brighton.gdb/a00000006.gdbtablx","LIST_COASTAL_PROJECTED_STORM_TIDE_20161201_1PCT_AEP_2010_BRIGHTON/municipality_brighton.gdb/a00000006.gdbtablx","a00000006.gdbtablx",FALSE,5120,"2019-09-23T16:55:00+1000",5152,"2019-09-23T06:55:06Z","""16609cd-1420-59332e65c2680""",200,"2026-09-09T13:41:08Z"
"https://listdata.thelist.tas.gov.au/opendata/data/LIST_COASTAL_PROJECTED_STORM_TIDE_20161201_1PCT_AEP_2010_BRIGHTON/municipality_brighton.gdb/a00000007.CatRelTypesByBackwardLabel.atx","LIST_COASTAL_PROJECTED_STORM_TIDE_20161201_1PCT_AEP_2010_BRIGHTON/municipality_brighton.gdb/a00000007.CatRelTypesByBackwardLabel.atx","a00000007.CatRelTypesByBackwardLabel.atx",FALSE,4096,"2019-09-23T16:55:00+1000",4118,"2019-09-23T06:55:04Z","""16609ce-1016-59332e63da200""",200,"2026-09-09T13:41:08Z"
"https://listdata.thelist.tas.gov.au/opendata/data/LIST_COASTAL_PROJECTED_STORM_TIDE_20161201_1PCT_AEP_2010_BRIGHTON/municipality_brighton.gdb/a00000007.CatRelTypesByDestItemTypeID.atx","LIST_COASTAL_PROJECTED_STORM_TIDE_20161201_1PCT_AEP_2010_BRIGHTON/municipality_brighton.gdb/a00000007.CatRelTypesByDestItemTypeID.atx","a00000007.CatRelTypesByDestItemTypeID.atx",FALSE,4096,"2019-09-23T16:55:00+1000",4118,"2019-09-23T06:55:04Z","""16609cf-1016-59332e63da200""",200,"2026-09-09T13:41:08Z"
"https://listdata.thelist.tas.gov.au/opendata/data/LIST_COASTAL_PROJECTED_STORM_TIDE_20161201_1PCT_AEP_2010_BRIGHTON/municipality_brighton.gdb/a00000007.CatRelTypesByForwardLabel.atx","LIST_COASTAL_PROJECTED_STORM_TIDE_20161201_1PCT_AEP_2010_BRIGHTON/municipality_brighton.gdb/a00000007.CatRelTypesByForwardLabel.atx","a00000007.CatRelTypesByForwardLabel.atx",FALSE,4096,"2019-09-23T16:55:00+1000",4118,"2019-09-23T06:55:04Z","""16609d0-1016-59332e63da200""",200,"2026-09-09T13:41:08Z"
"https://listdata.thelist.tas.gov.au/opendata/data/LIST_COASTAL_PROJECTED_STORM_TIDE_20161201_1PCT_AEP_2010_BRIGHTON/municipality_brighton.gdb/a00000007.CatRelTypesByName.atx","LIST_COASTAL_PROJECTED_STORM_TIDE_20161201_1PCT_AEP_2010_BRIGHTON/municipality_brighton.gdb/a00000007.CatRelTypesByName.atx","a00000007.CatRelTypesByName.atx",FALSE,4096,"2019-09-23T16:55:00+1000",4118,"2019-09-23T06:55:04Z","""16609d1-1016-59332e63da200""",200,"2026-09-09T13:41:08Z"
"https://listdata.thelist.tas.gov.au/opendata/data/LIST_COASTAL_PROJECTED_STORM_TIDE_20161201_1PCT_AEP_2010_BRIGHTON/municipality_brighton.gdb/a00000007.CatRelTypesByOriginItemTypeID.atx","LIST_COASTAL_PROJECTED_STORM_TIDE_20161201_1PCT_AEP_2010_BRIGHTON/municipality_brighton.gdb/a00000007.CatRelTypesByOriginItemTypeID.atx","a00000007.CatRelTypesByOriginItemTypeID.atx",FALSE,4096,"2019-09-23T16:55:00+1000",4118,"2019-09-23T06:55:04Z","""16609d2-1016-59332e63da200""",200,"2026-09-09T13:41:08Z"
"https://listdata.thelist.tas.gov.au/opendata/data/LIST_COASTAL_PROJECTED_STORM_TIDE_20161201_1PCT_AEP_2010_BRIGHTON/municipality_brighton.gdb/a00000007.CatRelTypesByUUID.atx","LIST_COASTAL_PROJECTED_STORM_TIDE_20161201_1PCT_AEP_2010_BRIGHTON/municipality_brighton.gdb/a00000007.CatRelTypesByUUID.atx","a00000007.CatRelTypesByUUID.atx",FALSE,4096,"2019-09-23T16:55:00+1000",4118,"2019-09-23T06:55:04Z","""16609d3-1016-59332e63da200""",200,"2026-09-09T13:41:08Z"
"https://listdata.thelist.tas.gov.au/opendata/data/LIST_COASTAL_PROJECTED_STORM_TIDE_20161201_1PCT_AEP_2010_BRIGHTON/municipality_brighton.gdb/a00000007.gdbindexes","LIST_COASTAL_PROJECTED_STORM_TIDE_20161201_1PCT_AEP_2010_BRIGHTON/municipality_brighton.gdb/a00000007.gdbindexes","a00000007.gdbindexes",FALSE,602,"2019-09-23T16:55:00+1000",602,"2019-09-23T06:55:04Z","""16609d4-25a-59332e63da200""",200,"2026-09-09T13:41:08Z"
"https://listdata.thelist.tas.gov.au/opendata/data/LIST_COASTAL_PROJECTED_STORM_TIDE_20161201_1PCT_AEP_2010_BRIGHTON/municipality_brighton.gdb/a00000007.gdbtable","LIST_COASTAL_PROJECTED_STORM_TIDE_20161201_1PCT_AEP_2010_BRIGHTON/municipality_brighton.gdb/a00000007.gdbtable","a00000007.gdbtable",FALSE,2457.6,,2504,"2019-09-23T06:55:04Z","""16609d5-9c8-59332e63da200""",200,"2026-09-09T13:41:08Z"
"https://listdata.thelist.tas.gov.au/opendata/data/LIST_COASTAL_PROJECTED_STORM_TIDE_20161201_1PCT_AEP_2010_BRIGHTON/municipality_brighton.gdb/a00000007.gdbtablx","LIST_COASTAL_PROJECTED_STORM_TIDE_20161201_1PCT_AEP_2010_BRIGHTON/municipality_brighton.gdb/a00000007.gdbtablx","a00000007.gdbtablx",FALSE,5120,,5152,"2019-09-23T06:55:04Z","""16609d6-1420-59332e63da200""",200,"2026-09-09T13:41:08Z"
"https://listdata.thelist.tas.gov.au/opendata/data/LIST_COASTAL_PROJECTED_STORM_TIDE_20161201_1PCT_AEP_2010_BRIGHTON/municipality_brighton.gdb/a00000009.gdbindexes","LIST_COASTAL_PROJECTED_STORM_TIDE_20161201_1PCT_AEP_2010_BRIGHTON/municipality_brighton.gdb/a00000009.gdbindexes","a00000009.gdbindexes",FALSE,116,,116,"2019-09-23T06:55:08Z","""16609d7-74-59332e67aab00""",200,"2026-09-09T13:41:08Z"
"https://listdata.thelist.tas.gov.au/opendata/data/LIST_COASTAL_PROJECTED_STORM_TIDE_20161201_1PCT_AEP_2010_BRIGHTON/municipality_brighton.gdb/a00000009.gdbtable","LIST_COASTAL_PROJECTED_STORM_TIDE_20161201_1PCT_AEP_2010_BRIGHTON/municipality_brighton.gdb/a00000009.gdbtable","a00000009.gdbtable",FALSE,18432,,18722,"2019-09-23T06:55:08Z","""16609d8-4922-59332e67aab00""",200,"2026-09-09T13:41:08Z"
"https://listdata.thelist.tas.gov.au/opendata/data/LIST_COASTAL_PROJECTED_STORM_TIDE_20161201_1PCT_AEP_2010_BRIGHTON/municipality_brighton.gdb/a00000009.gdbtablx","LIST_COASTAL_PROJECTED_STORM_TIDE_20161201_1PCT_AEP_2010_BRIGHTON/municipality_brighton.gdb/a00000009.gdbtablx","a00000009.gdbtablx",FALSE,5120,,5152,"2019-09-23T06:55:08Z","""16609d9-1420-59332e67aab00""",200,"2026-09-09T13:41:08Z"
"https://listdata.thelist.tas.gov.au/opendata/data/LIST_COASTAL_PROJECTED_STORM_TIDE_20161201_1PCT_AEP_2010_BRIGHTON/municipality_brighton.gdb/a00000009.spx","LIST_COASTAL_PROJECTED_STORM_TIDE_20161201_1PCT_AEP_2010_BRIGHTON/municipality_brighton.gdb/a00000009.spx","a00000009.spx",FALSE,4096,,4118,"2019-09-23T06:55:08Z","""16609da-1016-59332e67aab00""",200,"2026-09-09T13:41:08Z"
"https://listdata.thelist.tas.gov.au/opendata/data/LIST_COASTAL_PROJECTED_STORM_TIDE_20161201_1PCT_AEP_2010_BRIGHTON/municipality_brighton.gdb/gdb","LIST_COASTAL_PROJECTED_STORM_TIDE_20161201_1PCT_AEP_2010_BRIGHTON/municipality_brighton.gdb/gdb","gdb",FALSE,4,,4,"2019-09-23T06:55:02Z","""16609db-4-59332e61f1d80""",200,"2026-09-09T13:41:08Z"
"https://listdata.thelist.tas.gov.au/opendata/data/LIST_COASTAL_PROJECTED_STORM_TIDE_20161201_1PCT_AEP_2010_BRIGHTON/municipality_brighton.gdb/timestamps","LIST_COASTAL_PROJECTED_STORM_TIDE_20161201_1PCT_AEP_2010_BRIGHTON/municipality_brighton.gdb/timestamps","timestamps",FALSE,400,,400,"2019-09-23T06:55:08Z","""16609dc-190-59332e67aab00""",200,"2026-09-09T13:41:08Z"
"https://listdata.thelist.tas.gov.au/opendata/data/LIST_COASTAL_PROJECTED_STORM_TIDE_20161201_1PCT_AEP_2010_BRIGHTON/municipality_brighton.ID","LIST_COASTAL_PROJECTED_STORM_TIDE_20161201_1PCT_AEP_2010_BRIGHTON/municipality_brighton.ID","municipality_brighton.ID",FALSE,4,"2019-09-24T03:31:00+1000",4,"2019-09-23T16:04:04Z","""166097c-4-5933a919e2500""",200,"2026-09-09T13:41:08Z"
"https://listdata.thelist.tas.gov.au/opendata/data/LIST_COASTAL_PROJECTED_STORM_TIDE_20161201_1PCT_AEP_2010_BRIGHTON/municipality_brighton.MAP","LIST_COASTAL_PROJECTED_STORM_TIDE_20161201_1PCT_AEP_2010_BRIGHTON/municipality_brighton.MAP","municipality_brighton.MAP",FALSE,32768,"2019-09-24T03:31:00+1000",32256,"2019-09-23T16:04:04Z","""166097d-7e00-5933a919e2500""",200,"2026-09-09T13:41:08Z"
"https://listdata.thelist.tas.gov.au/opendata/data/LIST_COASTAL_PROJECTED_STORM_TIDE_20161201_1PCT_AEP_2010_BRIGHTON/municipality_brighton.prj","LIST_COASTAL_PROJECTED_STORM_TIDE_20161201_1PCT_AEP_2010_BRIGHTON/municipality_brighton.prj","municipality_brighton.prj",FALSE,408,,408,"2019-09-23T06:55:16Z","""166097e-198-59332e6f4bd00""",200,"2026-09-09T13:41:08Z"
"https://listdata.thelist.tas.gov.au/opendata/data/LIST_COASTAL_PROJECTED_STORM_TIDE_20161201_1PCT_AEP_2010_BRIGHTON/municipality_brighton.sbn","LIST_COASTAL_PROJECTED_STORM_TIDE_20161201_1PCT_AEP_2010_BRIGHTON/municipality_brighton.sbn","municipality_brighton.sbn",FALSE,132,,132,"2019-09-23T06:55:16Z","""166097f-84-59332e6f4bd00""",200,"2026-09-09T13:41:08Z"
"https://listdata.thelist.tas.gov.au/opendata/data/LIST_COASTAL_PROJECTED_STORM_TIDE_20161201_1PCT_AEP_2010_BRIGHTON/municipality_brighton.sbx","LIST_COASTAL_PROJECTED_STORM_TIDE_20161201_1PCT_AEP_2010_BRIGHTON/municipality_brighton.sbx","municipality_brighton.sbx",FALSE,116,,116,"2019-09-23T06:55:16Z","""1660980-74-59332e6f4bd00""",200,"2026-09-09T13:41:08Z"
"https://listdata.thelist.tas.gov.au/opendata/data/LIST_COASTAL_PROJECTED_STORM_TIDE_20161201_1PCT_AEP_2010_BRIGHTON/municipality_brighton.shp","LIST_COASTAL_PROJECTED_STORM_TIDE_20161201_1PCT_AEP_2010_BRIGHTON/municipality_brighton.shp","municipality_brighton.shp",FALSE,60416,,60236,"2019-09-23T06:55:16Z","""1660981-eb4c-59332e6f4bd00""",200,"2026-09-09T13:41:08Z"
"https://listdata.thelist.tas.gov.au/opendata/data/LIST_COASTAL_PROJECTED_STORM_TIDE_20161201_1PCT_AEP_2010_BRIGHTON/municipality_brighton.shp.xml","LIST_COASTAL_PROJECTED_STORM_TIDE_20161201_1PCT_AEP_2010_BRIGHTON/municipality_brighton.shp.xml","municipality_brighton.shp.xml",FALSE,13312,,13491,"2019-09-23T06:55:16Z","""1660982-34b3-59332e6f4bd00""",200,"2026-09-09T13:41:08Z"
"https://listdata.thelist.tas.gov.au/opendata/data/LIST_COASTAL_PROJECTED_STORM_TIDE_20161201_1PCT_AEP_2010_BRIGHTON/municipality_brighton.shx","LIST_COASTAL_PROJECTED_STORM_TIDE_20161201_1PCT_AEP_2010_BRIGHTON/municipality_brighton.shx","municipality_brighton.shx",FALSE,108,,108,"2019-09-23T06:55:16Z","""1660983-6c-59332e6f4bd00""",200,"2026-09-09T13:41:08Z"
"https://listdata.thelist.tas.gov.au/opendata/data/LIST_COASTAL_PROJECTED_STORM_TIDE_20161201_1PCT_AEP_2010_BRIGHTON/municipality_brighton.tab","LIST_COASTAL_PROJECTED_STORM_TIDE_20161201_1PCT_AEP_2010_BRIGHTON/municipality_brighton.tab","municipality_brighton.tab",FALSE,404,,404,"2019-09-23T16:04:04Z","""1660984-194-5933a919e2500""",200,"2026-09-09T13:41:08Z"
"https://listdata.thelist.tas.gov.au/opendata/data/LIST_COASTAL_PROJECTED_STORM_TIDE_20161201_1PCT_AEP_2010_BRIGHTON/readme.txt","LIST_COASTAL_PROJECTED_STORM_TIDE_20161201_1PCT_AEP_2010_BRIGHTON/readme.txt","readme.txt",FALSE,3072,,3029,"2019-09-23T17:31:24Z","""1660971-bd5-5933bc9f23300""",200,"2026-09-09T13:41:08Z"
"https://listdata.thelist.tas.gov.au/opendata/data/LIST_COASTAL_PROJECTED_STORM_TIDE_20161201_1PCT_AEP_2010_BURNIE.zip","LIST_COASTAL_PROJECTED_STORM_TIDE_20161201_1PCT_AEP_2010_BURNIE.zip","LIST_COASTAL_PROJECTED_STORM_TIDE_20161201_1PCT_AEP_2010_BURNIE.zip",FALSE,2306867.2,"2023-05-30T12:27:00+1000",2306170,"2023-05-30T02:05:01Z","""1660887-23307a-5fcdfa18d23c8""",200,"2026-09-09T13:41:08Z"
"https://listdata.thelist.tas.gov.au/opendata/data/LIST_COASTAL_PROJECTED_STORM_TIDE_20161201_1PCT_AEP_2010_CENTRAL_COAST.zip","LIST_COASTAL_PROJECTED_STORM_TIDE_20161201_1PCT_AEP_2010_CENTRAL_COAST.zip","LIST_COASTAL_PROJECTED_STORM_TIDE_20161201_1PCT_AEP_2010_CENTRAL_COAST.zip",FALSE,5557452.8,"2023-05-30T12:22:00+1000",5510408,"2023-05-30T01:45:48Z","""1660888-541508-5fcdf5ccb2c13""",200,"2026-09-09T13:41:08Z"
"https://listdata.thelist.tas.gov.au/opendata/data/LIST_COASTAL_PROJECTED_STORM_TIDE_20161201_1PCT_AEP_2010_CENTRAL_HIGHLANDS.zip","LIST_COASTAL_PROJECTED_STORM_TIDE_20161201_1PCT_AEP_2010_CENTRAL_HIGHLANDS.zip","LIST_COASTAL_PROJECTED_STORM_TIDE_20161201_1PCT_AEP_2010_CENTRAL_HIGHLANDS.zip",FALSE,905216,"2023-05-30T12:30:00+1000",905082,"2023-05-30T02:47:08Z","""166088a-dcf7a-5fce0382943d2""",200,"2026-09-09T13:41:08Z"
"https://listdata.thelist.tas.gov.au/opendata/data/LIST_COASTAL_PROJECTED_STORM_TIDE_20161201_1PCT_AEP_2010_CIRCULAR_HEAD.zip","LIST_COASTAL_PROJECTED_STORM_TIDE_20161201_1PCT_AEP_2010_CIRCULAR_HEAD.zip","LIST_COASTAL_PROJECTED_STORM_TIDE_20161201_1PCT_AEP_2010_CIRCULAR_HEAD.zip",FALSE,41943040,"2023-05-30T11:55:00+1000",41974999,"2023-05-30T01:41:17Z","""166088d-2807cd7-5fcdf4cab7ac7""",200,"2026-09-09T13:41:08Z"
"https://listdata.thelist.tas.gov.au/opendata/data/LIST_COASTAL_PROJECTED_STORM_TIDE_20161201_1PCT_AEP_2010_CLARENCE.zip","LIST_COASTAL_PROJECTED_STORM_TIDE_20161201_1PCT_AEP_2010_CLARENCE.zip","LIST_COASTAL_PROJECTED_STORM_TIDE_20161201_1PCT_AEP_2010_CLARENCE.zip",FALSE,19922944,"2023-05-30T12:35:00+1000",19969855,"2023-05-30T02:09:37Z","""1660881-130b73f-5fcdfb201aab9""",200,"2026-09-09T13:41:08Z"
"https://listdata.thelist.tas.gov.au/opendata/data/LIST_COASTAL_PROJECTED_STORM_TIDE_20161201_1PCT_AEP_2010_DERWENT_VALLEY.zip","LIST_COASTAL_PROJECTED_STORM_TIDE_20161201_1PCT_AEP_2010_DERWENT_VALLEY.zip","LIST_COASTAL_PROJECTED_STORM_TIDE_20161201_1PCT_AEP_2010_DERWENT_VALLEY.zip",FALSE,5138022.4,"2023-05-30T12:25:00+1000",5163745,"2023-05-30T02:42:32Z","""1660879-4ecae1-5fce027b0c6cf""",200,"2026-09-09T13:41:08Z"
"https://listdata.thelist.tas.gov.au/opendata/data/LIST_COASTAL_PROJECTED_STORM_TIDE_20161201_1PCT_AEP_2010_DEVONPORT.zip","LIST_COASTAL_PROJECTED_STORM_TIDE_20161201_1PCT_AEP_2010_DEVONPORT.zip","LIST_COASTAL_PROJECTED_STORM_TIDE_20161201_1PCT_AEP_2010_DEVONPORT.zip",FALSE,2516582.4,"2023-05-30T12:37:00+1000",2557854,"2023-05-30T02:20:28Z","""1660889-27079e-5fcdfd8c6a98f""",200,"2026-09-09T13:41:08Z"
"https://listdata.thelist.tas.gov.au/opendata/data/LIST_COASTAL_PROJECTED_STORM_TIDE_20161201_1PCT_AEP_2010_DORSET.zip","LIST_COASTAL_PROJECTED_STORM_TIDE_20161201_1PCT_AEP_2010_DORSET.zip","LIST_COASTAL_PROJECTED_STORM_TIDE_20161201_1PCT_AEP_2010_DORSET.zip",FALSE,7549747.2,"2023-05-30T12:18:00+1000",7510617,"2023-05-30T02:32:46Z","""166088e-729a59-5fce004bf003c""",200,"2026-09-09T13:41:08Z"
"https://listdata.thelist.tas.gov.au/opendata/data/LIST_COASTAL_PROJECTED_STORM_TIDE_20161201_1PCT_AEP_2010_FLINDERS.zip","LIST_COASTAL_PROJECTED_STORM_TIDE_20161201_1PCT_AEP_2010_FLINDERS.zip","LIST_COASTAL_PROJECTED_STORM_TIDE_20161201_1PCT_AEP_2010_FLINDERS.zip",FALSE,24117248,"2023-05-30T12:15:00+1000",24288573,"2023-05-30T01:52:33Z","""1660890-1729d3d-5fcdf74ee73e3""",200,"2026-09-09T13:41:08Z"
"https://listdata.thelist.tas.gov.au/opendata/data/LIST_COASTAL_PROJECTED_STORM_TIDE_20161201_1PCT_AEP_2010_GEORGE_TOWN.zip","LIST_COASTAL_PROJECTED_STORM_TIDE_20161201_1PCT_AEP_2010_GEORGE_TOWN.zip","LIST_COASTAL_PROJECTED_STORM_TIDE_20161201_1PCT_AEP_2010_GEORGE_TOWN.zip",FALSE,6291456,"2023-05-30T12:44:00+1000",6247127,"2023-05-30T02:11:36Z","""1660893-5f52d7-5fcdfb90d9d8f""",200,"2026-09-09T13:41:08Z"
"https://listdata.thelist.tas.gov.au/opendata/data/LIST_COASTAL_PROJECTED_STORM_TIDE_20161201_1PCT_AEP_2010_GLAMORGAN_SPRING_BAY.zip","LIST_COASTAL_PROJECTED_STORM_TIDE_20161201_1PCT_AEP_2010_GLAMORGAN_SPRING_BAY.zip","LIST_COASTAL_PROJECTED_STORM_TIDE_20161201_1PCT_AEP_2010_GLAMORGAN_SPRING_BAY.zip",FALSE,30408704,"2019-10-17T09:48:00+1100",30070352,"2023-05-30T02:00:37Z","""1660886-1cad650-5fcdf91d0cadd""",200,"2026-09-09T13:41:08Z"
"https://listdata.thelist.tas.gov.au/opendata/data/LIST_COASTAL_PROJECTED_STORM_TIDE_20161201_1PCT_AEP_2010_GLENORCHY.zip","LIST_COASTAL_PROJECTED_STORM_TIDE_20161201_1PCT_AEP_2010_GLENORCHY.zip","LIST_COASTAL_PROJECTED_STORM_TIDE_20161201_1PCT_AEP_2010_GLENORCHY.zip",FALSE,1468006.4,"2023-05-30T11:43:00+1000",1508305,"2023-05-30T01:47:34Z","""166087b-1703d1-5fcdf6326d3ee""",200,"2026-09-09T13:41:08Z"
"https://listdata.thelist.tas.gov.au/opendata/data/LIST_COASTAL_PROJECTED_STORM_TIDE_20161201_1PCT_AEP_2010_HOBART.zip","LIST_COASTAL_PROJECTED_STORM_TIDE_20161201_1PCT_AEP_2010_HOBART.zip","LIST_COASTAL_PROJECTED_STORM_TIDE_20161201_1PCT_AEP_2010_HOBART.zip",FALSE,1363148.8,"2023-05-30T12:13:00+1000",1339475,"2023-05-30T01:49:47Z","""166087a-147053-5fcdf6b0c4d67""",200,"2026-09-09T13:41:08Z"
"https://listdata.thelist.tas.gov.au/opendata/data/LIST_COASTAL_PROJECTED_STORM_TIDE_20161201_1PCT_AEP_2010_HUON_VALLEY.zip","LIST_COASTAL_PROJECTED_STORM_TIDE_20161201_1PCT_AEP_2010_HUON_VALLEY.zip","LIST_COASTAL_PROJECTED_STORM_TIDE_20161201_1PCT_AEP_2010_HUON_VALLEY.zip",FALSE,20971520,"2023-05-30T11:58:00+1000",21026173,"2023-05-30T02:27:46Z","""166088c-140d57d-5fcdff2e49239""",200,"2026-09-09T13:41:08Z"
"https://listdata.thelist.tas.gov.au/opendata/data/LIST_COASTAL_PROJECTED_STORM_TIDE_20161201_1PCT_AEP_2010_KENTISH.zip","LIST_COASTAL_PROJECTED_STORM_TIDE_20161201_1PCT_AEP_2010_KENTISH.zip","LIST_COASTAL_PROJECTED_STORM_TIDE_20161201_1PCT_AEP_2010_KENTISH.zip",FALSE,649216,"2023-05-30T12:02:00+1000",649496,"2023-05-30T02:22:42Z","""1660884-9e918-5fcdfe0be3ce6""",200,"2026-09-09T13:41:08Z"
"https://listdata.thelist.tas.gov.au/opendata/data/LIST_COASTAL_PROJECTED_STORM_TIDE_20161201_1PCT_AEP_2010_KING_ISLAND.zip","LIST_COASTAL_PROJECTED_STORM_TIDE_20161201_1PCT_AEP_2010_KING_ISLAND.zip","LIST_COASTAL_PROJECTED_STORM_TIDE_20161201_1PCT_AEP_2010_KING_ISLAND.zip",FALSE,7340032,"2023-05-30T13:08:00+1000",7388546,"2023-05-30T01:55:03Z","""1660891-70bd82-5fcdf7dea153b""",200,"2026-09-09T13:41:08Z"
"https://listdata.thelist.tas.gov.au/opendata/data/LIST_COASTAL_PROJECTED_STORM_TIDE_20161201_1PCT_AEP_2010_KINGBOROUGH.zip","LIST_COASTAL_PROJECTED_STORM_TIDE_20161201_1PCT_AEP_2010_KINGBOROUGH.zip","LIST_COASTAL_PROJECTED_STORM_TIDE_20161201_1PCT_AEP_2010_KINGBOROUGH.zip",FALSE,16777216,"2023-05-30T13:31:00+1000",16291768,"2023-05-30T02:30:26Z","""1660877-f897b8-5fcdffc67e965""",200,"2026-09-09T13:41:08Z"
"https://listdata.thelist.tas.gov.au/opendata/data/LIST_COASTAL_PROJECTED_STORM_TIDE_20161201_1PCT_AEP_2010_LATROBE.zip","LIST_COASTAL_PROJECTED_STORM_TIDE_20161201_1PCT_AEP_2010_LATROBE.zip","LIST_COASTAL_PROJECTED_STORM_TIDE_20161201_1PCT_AEP_2010_LATROBE.zip",FALSE,8808038.4,"2023-05-30T13:07:00+1000",8770294,"2023-05-30T02:35:09Z","""1660883-85d2f6-5fce00d503e11""",200,"2026-09-09T13:41:08Z"
"https://listdata.thelist.tas.gov.au/opendata/data/LIST_COASTAL_PROJECTED_STORM_TIDE_20161201_1PCT_AEP_2010_LAUNCESTON.zip","LIST_COASTAL_PROJECTED_STORM_TIDE_20161201_1PCT_AEP_2010_LAUNCESTON.zip","LIST_COASTAL_PROJECTED_STORM_TIDE_20161201_1PCT_AEP_2010_LAUNCESTON.zip",FALSE,8388608,"2023-05-30T12:52:00+1000",8434550,"2023-05-30T02:25:06Z","""1660880-80b376-5fcdfe95de7a8""",200,"2026-09-09T13:41:08Z"
"https://listdata.thelist.tas.gov.au/opendata/data/LIST_COASTAL_PROJECTED_STORM_TIDE_20161201_1PCT_AEP_2010_MEANDER_VALLEY.zip","LIST_COASTAL_PROJECTED_STORM_TIDE_20161201_1PCT_AEP_2010_MEANDER_VALLEY.zip","LIST_COASTAL_PROJECTED_STORM_TIDE_20161201_1PCT_AEP_2010_MEANDER_VALLEY.zip",FALSE,840704,"2023-05-30T13:35:00+1000",840852,"2023-05-30T02:37:38Z","""166088b-cd494-5fce016313fbc""",200,"2026-09-09T13:41:08Z"
"https://listdata.thelist.tas.gov.au/opendata/data/LIST_COASTAL_PROJECTED_STORM_TIDE_20161201_1PCT_AEP_2010_NORTHERN_MIDLANDS.zip","LIST_COASTAL_PROJECTED_STORM_TIDE_20161201_1PCT_AEP_2010_NORTHERN_MIDLANDS.zip","LIST_COASTAL_PROJECTED_STORM_TIDE_20161201_1PCT_AEP_2010_NORTHERN_MIDLANDS.zip",FALSE,757760,"2023-05-30T12:49:00+1000",758224,"2023-05-30T02:18:15Z","""166088f-b91d0-5fcdfd0d73045""",200,"2026-09-09T13:41:08Z"
"https://listdata.thelist.tas.gov.au/opendata/data/LIST_COASTAL_PROJECTED_STORM_TIDE_20161201_1PCT_AEP_2010_SORELL.zip","LIST_COASTAL_PROJECTED_STORM_TIDE_20161201_1PCT_AEP_2010_SORELL.zip","LIST_COASTAL_PROJECTED_STORM_TIDE_20161201_1PCT_AEP_2010_SORELL.zip",FALSE,8808038.4,"2023-05-30T13:10:00+1000",8842274,"2023-05-30T02:15:48Z","""166087d-86ec22-5fcdfc8140bef""",200,"2026-09-09T13:41:08Z"
"https://listdata.thelist.tas.gov.au/opendata/data/LIST_COASTAL_PROJECTED_STORM_TIDE_20161201_1PCT_AEP_2010_SOUTHERN_MIDLANDS.zip","LIST_COASTAL_PROJECTED_STORM_TIDE_20161201_1PCT_AEP_2010_SOUTHERN_MIDLANDS.zip","LIST_COASTAL_PROJECTED_STORM_TIDE_20161201_1PCT_AEP_2010_SOUTHERN_MIDLANDS.zip",FALSE,699392,"2023-05-30T13:32:00+1000",699306,"2023-05-30T02:44:48Z","""1660885-aabaa-5fce02fd55c8e""",200,"2026-09-09T13:41:08Z"
"https://listdata.thelist.tas.gov.au/opendata/data/LIST_COASTAL_PROJECTED_STORM_TIDE_20161201_1PCT_AEP_2010_STATEWIDE.zip","LIST_COASTAL_PROJECTED_STORM_TIDE_20161201_1PCT_AEP_2010_STATEWIDE.zip","LIST_COASTAL_PROJECTED_STORM_TIDE_20161201_1PCT_AEP_2010_STATEWIDE.zip",FALSE,74448896,"2023-05-30T13:18:00+1000",73973632,"2019-10-16T22:48:52Z","""166090e-468bf80-5950ee7a94c59""",200,"2026-09-09T13:41:08Z"
"https://listdata.thelist.tas.gov.au/opendata/data/LIST_COASTAL_PROJECTED_STORM_TIDE_20161201_1PCT_AEP_2010_TASMAN.zip","LIST_COASTAL_PROJECTED_STORM_TIDE_20161201_1PCT_AEP_2010_TASMAN.zip","LIST_COASTAL_PROJECTED_STORM_TIDE_20161201_1PCT_AEP_2010_TASMAN.zip",FALSE,15728640,"2023-05-30T13:26:00+1000",15892030,"2023-05-30T01:43:53Z","""1660882-f27e3e-5fcdf55ed5d15""",200,"2026-09-09T13:41:08Z"
"https://listdata.thelist.tas.gov.au/opendata/data/LIST_COASTAL_PROJECTED_STORM_TIDE_20161201_1PCT_AEP_2010_WARATAH_WYNYARD.zip","LIST_COASTAL_PROJECTED_STORM_TIDE_20161201_1PCT_AEP_2010_WARATAH_WYNYARD.zip","LIST_COASTAL_PROJECTED_STORM_TIDE_20161201_1PCT_AEP_2010_WARATAH_WYNYARD.zip",FALSE,4718592,"2023-05-30T12:57:00+1000",4719558,"2023-05-30T02:13:39Z","""166087c-4803c6-5fcdfc06cbdf8""",200,"2026-09-09T13:41:08Z"
"https://listdata.thelist.tas.gov.au/opendata/data/LIST_COASTAL_PROJECTED_STORM_TIDE_20161201_1PCT_AEP_2010_WEST_COAST.zip","LIST_COASTAL_PROJECTED_STORM_TIDE_20161201_1PCT_AEP_2010_WEST_COAST.zip","LIST_COASTAL_PROJECTED_STORM_TIDE_20161201_1PCT_AEP_2010_WEST_COAST.zip",FALSE,16777216,"2023-05-30T13:12:00+1000",16445045,"2023-05-30T01:58:06Z","""1660892-faee75-5fcdf88cded02""",200,"2026-09-09T13:41:08Z"
"https://listdata.thelist.tas.gov.au/opendata/data/LIST_COASTAL_PROJECTED_STORM_TIDE_20161201_1PCT_AEP_2010_WEST_TAMAR.zip","LIST_COASTAL_PROJECTED_STORM_TIDE_20161201_1PCT_AEP_2010_WEST_TAMAR.zip","LIST_COASTAL_PROJECTED_STORM_TIDE_20161201_1PCT_AEP_2010_WEST_TAMAR.zip",FALSE,13631488,"2023-05-30T13:03:00+1000",13249463,"2023-05-30T02:02:49Z","""166087e-ca2bb7-5fcdf99a95e27""",200,"2026-09-09T13:41:08Z"
"https://listdata.thelist.tas.gov.au/opendata/data/LIST_COASTAL_PROJECTED_STORM_TIDE_20161201_1PCT_AEP_2050_BREAK_O_DAY.zip","LIST_COASTAL_PROJECTED_STORM_TIDE_20161201_1PCT_AEP_2050_BREAK_O_DAY.zip","LIST_COASTAL_PROJECTED_STORM_TIDE_20161201_1PCT_AEP_2050_BREAK_O_DAY.zip",FALSE,14680064,"2023-05-30T12:54:00+1000",14771985,"2023-05-30T03:31:06Z","""166089c-e16711-5fce0d565e90a""",200,"2026-09-09T13:41:08Z"
"https://listdata.thelist.tas.gov.au/opendata/data/LIST_COASTAL_PROJECTED_STORM_TIDE_20161201_1PCT_AEP_2050_BRIGHTON.zip","LIST_COASTAL_PROJECTED_STORM_TIDE_20161201_1PCT_AEP_2050_BRIGHTON.zip","LIST_COASTAL_PROJECTED_STORM_TIDE_20161201_1PCT_AEP_2050_BRIGHTON.zip",FALSE,3145728,"2023-05-30T12:55:00+1000",3195705,"2023-05-30T03:08:54Z","""1660895-30c339-5fce085ffd65a""",200,"2026-09-09T13:41:08Z"
"https://listdata.thelist.tas.gov.au/opendata/data/LIST_COASTAL_PROJECTED_STORM_TIDE_20161201_1PCT_AEP_2050_BURNIE.zip","LIST_COASTAL_PROJECTED_STORM_TIDE_20161201_1PCT_AEP_2050_BURNIE.zip","LIST_COASTAL_PROJECTED_STORM_TIDE_20161201_1PCT_AEP_2050_BURNIE.zip",FALSE,2411724.8,"2023-05-30T13:23:00+1000",2373370,"2023-05-30T03:07:12Z","""16608a4-2436fa-5fce07fe6ea41""",200,"2026-09-09T13:41:08Z"
"https://listdata.thelist.tas.gov.au/opendata/data/LIST_COASTAL_PROJECTED_STORM_TIDE_20161201_1PCT_AEP_2050_CENTRAL_COAST.zip","LIST_COASTAL_PROJECTED_STORM_TIDE_20161201_1PCT_AEP_2050_CENTRAL_COAST.zip","LIST_COASTAL_PROJECTED_STORM_TIDE_20161201_1PCT_AEP_2050_CENTRAL_COAST.zip",FALSE,7444889.6,"2023-05-30T13:20:00+1000",7423646,"2023-05-30T02:52:35Z","""16608a5-71469e-5fce04ba6acb4""",200,"2026-09-09T13:41:08Z"
"https://listdata.thelist.tas.gov.au/opendata/data/LIST_COASTAL_PROJECTED_STORM_TIDE_20161201_1PCT_AEP_2050_CENTRAL_HIGHLANDS.zip","LIST_COASTAL_PROJECTED_STORM_TIDE_20161201_1PCT_AEP_2050_CENTRAL_HIGHLANDS.zip","LIST_COASTAL_PROJECTED_STORM_TIDE_20161201_1PCT_AEP_2050_CENTRAL_HIGHLANDS.zip",FALSE,905216,"2023-05-30T13:24:00+1000",905082,"2023-05-30T03:35:10Z","""16608a7-dcf7a-5fce0e3f1c682""",200,"2026-09-09T13:41:08Z"
"https://listdata.thelist.tas.gov.au/opendata/data/LIST_COASTAL_PROJECTED_STORM_TIDE_20161201_1PCT_AEP_2050_CIRCULAR_HEAD.zip","LIST_COASTAL_PROJECTED_STORM_TIDE_20161201_1PCT_AEP_2050_CIRCULAR_HEAD.zip","LIST_COASTAL_PROJECTED_STORM_TIDE_20161201_1PCT_AEP_2050_CIRCULAR_HEAD.zip",FALSE,41943040,"2023-05-30T12:59:00+1000",42249393,"2023-05-30T02:49:22Z","""16608aa-284acb1-5fce040273d99""",200,"2026-09-09T13:41:08Z"
"https://listdata.thelist.tas.gov.au/opendata/data/LIST_COASTAL_PROJECTED_STORM_TIDE_20161201_1PCT_AEP_2050_CLARENCE.zip","LIST_COASTAL_PROJECTED_STORM_TIDE_20161201_1PCT_AEP_2050_CLARENCE.zip","LIST_COASTAL_PROJECTED_STORM_TIDE_20161201_1PCT_AEP_2050_CLARENCE.zip",FALSE,18874368,"2023-05-30T13:28:00+1000",19002454,"2023-05-30T03:10:48Z","""166089e-121f456-5fce08cc78b27""",200,"2026-09-09T13:41:08Z"
"https://listdata.thelist.tas.gov.au/opendata/data/LIST_COASTAL_PROJECTED_STORM_TIDE_20161201_1PCT_AEP_2050_DERWENT_VALLEY.zip","LIST_COASTAL_PROJECTED_STORM_TIDE_20161201_1PCT_AEP_2050_DERWENT_VALLEY.zip","LIST_COASTAL_PROJECTED_STORM_TIDE_20161201_1PCT_AEP_2050_DERWENT_VALLEY.zip",FALSE,4089446.4,"2023-05-30T13:21:00+1000",4081767,"2023-05-30T03:32:42Z","""1660896-3e4867-5fce0db1bd246""",200,"2026-09-09T13:41:08Z"
"https://listdata.thelist.tas.gov.au/opendata/data/LIST_COASTAL_PROJECTED_STORM_TIDE_20161201_1PCT_AEP_2050_DEVONPORT.zip","LIST_COASTAL_PROJECTED_STORM_TIDE_20161201_1PCT_AEP_2050_DEVONPORT.zip","LIST_COASTAL_PROJECTED_STORM_TIDE_20161201_1PCT_AEP_2050_DEVONPORT.zip",FALSE,2516582.4,"2023-05-30T13:29:00+1000",2515946,"2023-05-30T03:18:53Z","""16608a6-2663ea-5fce0a9b73efb""",200,"2026-09-09T13:41:08Z"
"https://listdata.thelist.tas.gov.au/opendata/data/LIST_COASTAL_PROJECTED_STORM_TIDE_20161201_1PCT_AEP_2050_DORSET.zip","LIST_COASTAL_PROJECTED_STORM_TIDE_20161201_1PCT_AEP_2050_DORSET.zip","LIST_COASTAL_PROJECTED_STORM_TIDE_20161201_1PCT_AEP_2050_DORSET.zip",FALSE,6606028.8,"2023-05-30T13:17:00+1000",6565694,"2023-05-30T03:26:32Z","""16608ab-642f3e-5fce0c5130889""",200,"2026-09-09T13:41:08Z"
"https://listdata.thelist.tas.gov.au/opendata/data/LIST_COASTAL_PROJECTED_STORM_TIDE_20161201_1PCT_AEP_2050_FLINDERS.zip","LIST_COASTAL_PROJECTED_STORM_TIDE_20161201_1PCT_AEP_2050_FLINDERS.zip","LIST_COASTAL_PROJECTED_STORM_TIDE_20161201_1PCT_AEP_2050_FLINDERS.zip",FALSE,25165824,"2023-05-30T13:15:00+1000",24649598,"2023-05-30T02:57:49Z","""16608ad-1781f7e-5fce05e60aa2f""",200,"2026-09-09T13:41:08Z"
"https://listdata.thelist.tas.gov.au/opendata/data/LIST_COASTAL_PROJECTED_STORM_TIDE_20161201_1PCT_AEP_2050_GEORGE_TOWN.zip","LIST_COASTAL_PROJECTED_STORM_TIDE_20161201_1PCT_AEP_2050_GEORGE_TOWN.zip","LIST_COASTAL_PROJECTED_STORM_TIDE_20161201_1PCT_AEP_2050_GEORGE_TOWN.zip",FALSE,6815744,"2023-05-30T13:34:00+1000",6850057,"2023-05-30T03:12:37Z","""16608b0-688609-5fce0934b10cb""",200,"2026-09-09T13:41:08Z"
"https://listdata.thelist.tas.gov.au/opendata/data/LIST_COASTAL_PROJECTED_STORM_TIDE_20161201_1PCT_AEP_2050_GLAMORGAN_SPRING_BAY.zip","LIST_COASTAL_PROJECTED_STORM_TIDE_20161201_1PCT_AEP_2050_GLAMORGAN_SPRING_BAY.zip","LIST_COASTAL_PROJECTED_STORM_TIDE_20161201_1PCT_AEP_2050_GLAMORGAN_SPRING_BAY.zip",FALSE,30408704,"2019-10-17T09:51:00+1100",30654704,"2023-05-30T03:03:52Z","""16608a3-1d3c0f0-5fce07402dd0b""",200,"2026-09-09T13:41:08Z"
"https://listdata.thelist.tas.gov.au/opendata/data/LIST_COASTAL_PROJECTED_STORM_TIDE_20161201_1PCT_AEP_2050_GLENORCHY.zip","LIST_COASTAL_PROJECTED_STORM_TIDE_20161201_1PCT_AEP_2050_GLENORCHY.zip","LIST_COASTAL_PROJECTED_STORM_TIDE_20161201_1PCT_AEP_2050_GLENORCHY.zip",FALSE,2831155.2,"2023-05-30T12:51:00+1000",2790066,"2023-05-30T02:54:01Z","""1660898-2a92b2-5fce050c6e10d""",200,"2026-09-09T13:41:08Z"
"https://listdata.thelist.tas.gov.au/opendata/data/LIST_COASTAL_PROJECTED_STORM_TIDE_20161201_1PCT_AEP_2050_HOBART.zip","LIST_COASTAL_PROJECTED_STORM_TIDE_20161201_1PCT_AEP_2050_HOBART.zip","LIST_COASTAL_PROJECTED_STORM_TIDE_20161201_1PCT_AEP_2050_HOBART.zip",FALSE,1468006.4,"2023-05-30T13:14:00+1000",1454707,"2023-05-30T02:55:27Z","""1660897-163273-5fce055e603b9""",200,"2026-09-09T13:41:08Z"
"https://listdata.thelist.tas.gov.au/opendata/data/LIST_COASTAL_PROJECTED_STORM_TIDE_20161201_1PCT_AEP_2050_HUON_VALLEY.zip","LIST_COASTAL_PROJECTED_STORM_TIDE_20161201_1PCT_AEP_2050_HUON_VALLEY.zip","LIST_COASTAL_PROJECTED_STORM_TIDE_20161201_1PCT_AEP_2050_HUON_VALLEY.zip",FALSE,13631488,"2023-05-30T13:01:00+1000",13673679,"2023-05-30T03:23:23Z","""16608a9-d0a4cf-5fce0b9ca0ed5""",200,"2026-09-09T13:41:08Z"
"https://listdata.thelist.tas.gov.au/opendata/data/LIST_COASTAL_PROJECTED_STORM_TIDE_20161201_1PCT_AEP_2050_KENTISH.zip","LIST_COASTAL_PROJECTED_STORM_TIDE_20161201_1PCT_AEP_2050_KENTISH.zip","LIST_COASTAL_PROJECTED_STORM_TIDE_20161201_1PCT_AEP_2050_KENTISH.zip",FALSE,649216,"2023-05-30T13:05:00+1000",649496,"2023-05-30T03:20:18Z","""16608a1-9e918-5fce0aec8329f""",200,"2026-09-09T13:41:08Z"
"https://listdata.thelist.tas.gov.au/opendata/data/LIST_COASTAL_PROJECTED_STORM_TIDE_20161201_1PCT_AEP_2050_KING_ISLAND.zip","LIST_COASTAL_PROJECTED_STORM_TIDE_20161201_1PCT_AEP_2050_KING_ISLAND.zip","LIST_COASTAL_PROJECTED_STORM_TIDE_20161201_1PCT_AEP_2050_KING_ISLAND.zip",FALSE,7340032,"2023-05-30T13:53:00+1000",7335907,"2023-05-30T02:59:34Z","""16608ae-6fefe3-5fce0649f8e25""",200,"2026-09-09T13:41:08Z"
"https://listdata.thelist.tas.gov.au/opendata/data/LIST_COASTAL_PROJECTED_STORM_TIDE_20161201_1PCT_AEP_2050_KINGBOROUGH.zip","LIST_COASTAL_PROJECTED_STORM_TIDE_20161201_1PCT_AEP_2050_KINGBOROUGH.zip","LIST_COASTAL_PROJECTED_STORM_TIDE_20161201_1PCT_AEP_2050_KINGBOROUGH.zip",FALSE,83968,"2023-05-30T14:16:00+1000",83465,"2023-05-30T03:24:58Z","""1660894-14609-5fce0bf771834""",200,"2026-09-09T13:41:08Z"
"https://listdata.thelist.tas.gov.au/opendata/data/LIST_COASTAL_PROJECTED_STORM_TIDE_20161201_1PCT_AEP_2050_LATROBE.zip","LIST_COASTAL_PROJECTED_STORM_TIDE_20161201_1PCT_AEP_2050_LATROBE.zip","LIST_COASTAL_PROJECTED_STORM_TIDE_20161201_1PCT_AEP_2050_LATROBE.zip",FALSE,1782579.2,"2023-05-30T13:52:00+1000",1772342,"2023-05-30T03:28:06Z","""16608a0-1b0b36-5fce0caa9323d""",200,"2026-09-09T13:41:08Z"
"https://listdata.thelist.tas.gov.au/opendata/data/LIST_COASTAL_PROJECTED_STORM_TIDE_20161201_1PCT_AEP_2050_LAUNCESTON.zip","LIST_COASTAL_PROJECTED_STORM_TIDE_20161201_1PCT_AEP_2050_LAUNCESTON.zip","LIST_COASTAL_PROJECTED_STORM_TIDE_20161201_1PCT_AEP_2050_LAUNCESTON.zip",FALSE,7864320,"2023-05-30T13:39:00+1000",7831780,"2023-05-30T03:21:49Z","""166089d-7780e4-5fce0b4314445""",200,"2026-09-09T13:41:08Z"
"https://listdata.thelist.tas.gov.au/opendata/data/LIST_COASTAL_PROJECTED_STORM_TIDE_20161201_1PCT_AEP_2050_MEANDER_VALLEY.zip","LIST_COASTAL_PROJECTED_STORM_TIDE_20161201_1PCT_AEP_2050_MEANDER_VALLEY.zip","LIST_COASTAL_PROJECTED_STORM_TIDE_20161201_1PCT_AEP_2050_MEANDER_VALLEY.zip",FALSE,840704,"2023-05-30T14:21:00+1000",840852,"2023-05-30T03:29:32Z","""16608a8-cd494-5fce0cfc1feef""",200,"2026-09-09T13:41:08Z"
"https://listdata.thelist.tas.gov.au/opendata/data/LIST_COASTAL_PROJECTED_STORM_TIDE_20161201_1PCT_AEP_2050_NORTHERN_MIDLANDS.zip","LIST_COASTAL_PROJECTED_STORM_TIDE_20161201_1PCT_AEP_2050_NORTHERN_MIDLANDS.zip","LIST_COASTAL_PROJECTED_STORM_TIDE_20161201_1PCT_AEP_2050_NORTHERN_MIDLANDS.zip",FALSE,757760,"2023-05-30T13:37:00+1000",758224,"2023-05-30T03:17:20Z","""16608ac-b91d0-5fce0a42ea09b""",200,"2026-09-09T13:41:08Z"
"https://listdata.thelist.tas.gov.au/opendata/data/LIST_COASTAL_PROJECTED_STORM_TIDE_20161201_1PCT_AEP_2050_SORELL.zip","LIST_COASTAL_PROJECTED_STORM_TIDE_20161201_1PCT_AEP_2050_SORELL.zip","LIST_COASTAL_PROJECTED_STORM_TIDE_20161201_1PCT_AEP_2050_SORELL.zip",FALSE,8808038.4,"2023-05-30T13:55:00+1000",8769668,"2023-05-30T03:15:53Z","""166089a-85d084-5fce09efb4f96""",200,"2026-09-09T13:41:08Z"
"https://listdata.thelist.tas.gov.au/opendata/data/LIST_COASTAL_PROJECTED_STORM_TIDE_20161201_1PCT_AEP_2050_SOUTHERN_MIDLANDS.zip","LIST_COASTAL_PROJECTED_STORM_TIDE_20161201_1PCT_AEP_2050_SOUTHERN_MIDLANDS.zip","LIST_COASTAL_PROJECTED_STORM_TIDE_20161201_1PCT_AEP_2050_SOUTHERN_MIDLANDS.zip",FALSE,699392,"2023-05-30T14:18:00+1000",699306,"2023-05-30T03:34:00Z","""16608a2-aabaa-5fce0dfc4cea7""",200,"2026-09-09T13:41:08Z"
"https://listdata.thelist.tas.gov.au/opendata/data/LIST_COASTAL_PROJECTED_STORM_TIDE_20161201_1PCT_AEP_2050_STATEWIDE.zip","LIST_COASTAL_PROJECTED_STORM_TIDE_20161201_1PCT_AEP_2050_STATEWIDE.zip","LIST_COASTAL_PROJECTED_STORM_TIDE_20161201_1PCT_AEP_2050_STATEWIDE.zip",FALSE,73400320,"2023-05-30T14:04:00+1000",73523327,"2019-10-16T22:51:53Z","""166090f-461e07f-5950ef27e2831""",200,"2026-09-09T13:41:08Z"
"https://listdata.thelist.tas.gov.au/opendata/data/LIST_COASTAL_PROJECTED_STORM_TIDE_20161201_1PCT_AEP_2050_TASMAN.zip","LIST_COASTAL_PROJECTED_STORM_TIDE_20161201_1PCT_AEP_2050_TASMAN.zip","LIST_COASTAL_PROJECTED_STORM_TIDE_20161201_1PCT_AEP_2050_TASMAN.zip",FALSE,15728640,"2023-05-30T14:12:00+1000",15698370,"2023-05-30T02:51:05Z","""166089f-ef89c2-5fce046481638""",200,"2026-09-09T13:41:08Z"
"https://listdata.thelist.tas.gov.au/opendata/data/LIST_COASTAL_PROJECTED_STORM_TIDE_20161201_1PCT_AEP_2050_WARATAH_WYNYARD.zip","LIST_COASTAL_PROJECTED_STORM_TIDE_20161201_1PCT_AEP_2050_WARATAH_WYNYARD.zip","LIST_COASTAL_PROJECTED_STORM_TIDE_20161201_1PCT_AEP_2050_WARATAH_WYNYARD.zip",FALSE,4928307.2,"2023-05-30T13:44:00+1000",4876575,"2023-05-30T03:14:22Z","""1660899-4a691f-5fce09990f1f5""",200,"2026-09-09T13:41:08Z"
"https://listdata.thelist.tas.gov.au/opendata/data/LIST_COASTAL_PROJECTED_STORM_TIDE_20161201_1PCT_AEP_2050_WEST_COAST.zip","LIST_COASTAL_PROJECTED_STORM_TIDE_20161201_1PCT_AEP_2050_WEST_COAST.zip","LIST_COASTAL_PROJECTED_STORM_TIDE_20161201_1PCT_AEP_2050_WEST_COAST.zip",FALSE,16777216,"2023-05-30T13:57:00+1000",16541910,"2023-05-30T03:01:59Z","""16608af-fc68d6-5fce06d3c2416""",200,"2026-09-09T13:41:08Z"
"https://listdata.thelist.tas.gov.au/opendata/data/LIST_COASTAL_PROJECTED_STORM_TIDE_20161201_1PCT_AEP_2050_WEST_TAMAR.zip","LIST_COASTAL_PROJECTED_STORM_TIDE_20161201_1PCT_AEP_2050_WEST_TAMAR.zip","LIST_COASTAL_PROJECTED_STORM_TIDE_20161201_1PCT_AEP_2050_WEST_TAMAR.zip",FALSE,10171187.2,"2023-05-30T13:49:00+1000",10204709,"2023-05-30T03:05:33Z","""166089b-9bb625-5fce079fe3d7e""",200,"2026-09-09T13:41:08Z"
"https://listdata.thelist.tas.gov.au/opendata/data/LIST_COASTAL_PROJECTED_STORM_TIDE_20161201_1PCT_AEP_2100_BREAK_O_DAY.zip","LIST_COASTAL_PROJECTED_STORM_TIDE_20161201_1PCT_AEP_2100_BREAK_O_DAY.zip","LIST_COASTAL_PROJECTED_STORM_TIDE_20161201_1PCT_AEP_2100_BREAK_O_DAY.zip",FALSE,16777216,"2023-05-30T13:41:00+1000",16315073,"2023-05-30T04:16:42Z","""16608b9-f8f2c1-5fce17872d427""",200,"2026-09-09T13:41:08Z"
"https://listdata.thelist.tas.gov.au/opendata/data/LIST_COASTAL_PROJECTED_STORM_TIDE_20161201_1PCT_AEP_2100_BRIGHTON.zip","LIST_COASTAL_PROJECTED_STORM_TIDE_20161201_1PCT_AEP_2100_BRIGHTON.zip","LIST_COASTAL_PROJECTED_STORM_TIDE_20161201_1PCT_AEP_2100_BRIGHTON.zip",FALSE,3145728,"2023-05-30T13:42:00+1000",3164949,"2023-05-30T03:53:58Z","""16608b2-304b15-5fce12724a316""",200,"2026-09-09T13:41:08Z"
"https://listdata.thelist.tas.gov.au/opendata/data/LIST_COASTAL_PROJECTED_STORM_TIDE_20161201_1PCT_AEP_2100_BURNIE.zip","LIST_COASTAL_PROJECTED_STORM_TIDE_20161201_1PCT_AEP_2100_BURNIE.zip","LIST_COASTAL_PROJECTED_STORM_TIDE_20161201_1PCT_AEP_2100_BURNIE.zip",FALSE,2516582.4,"2023-05-30T14:09:00+1000",2544683,"2023-05-30T03:52:25Z","""16608c1-26d42b-5fce121a0b43b""",200,"2026-09-09T13:41:08Z"
"https://listdata.thelist.tas.gov.au/opendata/data/LIST_COASTAL_PROJECTED_STORM_TIDE_20161201_1PCT_AEP_2100_CENTRAL_COAST.zip","LIST_COASTAL_PROJECTED_STORM_TIDE_20161201_1PCT_AEP_2100_CENTRAL_COAST.zip","LIST_COASTAL_PROJECTED_STORM_TIDE_20161201_1PCT_AEP_2100_CENTRAL_COAST.zip",FALSE,7864320,"2023-05-30T14:05:00+1000",7837500,"2023-05-30T03:39:59Z","""16608c2-77973c-5fce0f521e846""",200,"2026-09-09T13:41:08Z"
"https://listdata.thelist.tas.gov.au/opendata/data/LIST_COASTAL_PROJECTED_STORM_TIDE_20161201_1PCT_AEP_2100_CENTRAL_HIGHLANDS.zip","LIST_COASTAL_PROJECTED_STORM_TIDE_20161201_1PCT_AEP_2100_CENTRAL_HIGHLANDS.zip","LIST_COASTAL_PROJECTED_STORM_TIDE_20161201_1PCT_AEP_2100_CENTRAL_HIGHLANDS.zip",FALSE,905216,"2023-05-30T14:10:00+1000",905082,"2023-05-30T04:21:08Z","""16608c4-dcf7a-5fce18857752c""",200,"2026-09-09T13:41:08Z"
"https://listdata.thelist.tas.gov.au/opendata/data/LIST_COASTAL_PROJECTED_STORM_TIDE_20161201_1PCT_AEP_2100_CIRCULAR_HEAD.zip","LIST_COASTAL_PROJECTED_STORM_TIDE_20161201_1PCT_AEP_2100_CIRCULAR_HEAD.zip","LIST_COASTAL_PROJECTED_STORM_TIDE_20161201_1PCT_AEP_2100_CIRCULAR_HEAD.zip",FALSE,42991616,"2023-05-30T13:45:00+1000",43314468,"2023-05-30T03:37:03Z","""16608c7-294ed24-5fce0eaa7255e""",200,"2026-09-09T13:41:08Z"
"https://listdata.thelist.tas.gov.au/opendata/data/LIST_COASTAL_PROJECTED_STORM_TIDE_20161201_1PCT_AEP_2100_CLARENCE.zip","LIST_COASTAL_PROJECTED_STORM_TIDE_20161201_1PCT_AEP_2100_CLARENCE.zip","LIST_COASTAL_PROJECTED_STORM_TIDE_20161201_1PCT_AEP_2100_CLARENCE.zip",FALSE,19922944,"2023-05-30T14:13:00+1000",20029426,"2023-05-30T03:55:52Z","""16608bb-1319ff2-5fce12df865e2""",200,"2026-09-09T13:41:08Z"
"https://listdata.thelist.tas.gov.au/opendata/data/LIST_COASTAL_PROJECTED_STORM_TIDE_20161201_1PCT_AEP_2100_DERWENT_VALLEY.zip","LIST_COASTAL_PROJECTED_STORM_TIDE_20161201_1PCT_AEP_2100_DERWENT_VALLEY.zip","LIST_COASTAL_PROJECTED_STORM_TIDE_20161201_1PCT_AEP_2100_DERWENT_VALLEY.zip",FALSE,3670016,"2023-05-30T14:07:00+1000",3685122,"2023-05-30T04:18:12Z","""16608b3-383b02-5fce17dd55e2a""",200,"2026-09-09T13:41:08Z"
"https://listdata.thelist.tas.gov.au/opendata/data/LIST_COASTAL_PROJECTED_STORM_TIDE_20161201_1PCT_AEP_2100_DEVONPORT.zip","LIST_COASTAL_PROJECTED_STORM_TIDE_20161201_1PCT_AEP_2100_DEVONPORT.zip","LIST_COASTAL_PROJECTED_STORM_TIDE_20161201_1PCT_AEP_2100_DEVONPORT.zip",FALSE,2726297.6,"2023-05-30T14:15:00+1000",2708299,"2023-05-30T04:04:28Z","""16608c3-29534b-5fce14cb553ce""",200,"2026-09-09T13:41:08Z"
"https://listdata.thelist.tas.gov.au/opendata/data/LIST_COASTAL_PROJECTED_STORM_TIDE_20161201_1PCT_AEP_2100_DORSET.zip","LIST_COASTAL_PROJECTED_STORM_TIDE_20161201_1PCT_AEP_2100_DORSET.zip","LIST_COASTAL_PROJECTED_STORM_TIDE_20161201_1PCT_AEP_2100_DORSET.zip",FALSE,7864320,"2023-05-30T14:02:00+1000",7841702,"2023-05-30T04:12:02Z","""16608c8-77a7a6-5fce167c2e7f6""",200,"2026-09-09T13:41:08Z"
"https://listdata.thelist.tas.gov.au/opendata/data/LIST_COASTAL_PROJECTED_STORM_TIDE_20161201_1PCT_AEP_2100_FLINDERS.zip","LIST_COASTAL_PROJECTED_STORM_TIDE_20161201_1PCT_AEP_2100_FLINDERS.zip","LIST_COASTAL_PROJECTED_STORM_TIDE_20161201_1PCT_AEP_2100_FLINDERS.zip",FALSE,23068672,"2023-05-30T14:01:00+1000",23396204,"2023-05-30T03:44:15Z","""16608ca-164ff6c-5fce10465d785""",200,"2026-09-09T13:41:08Z"
"https://listdata.thelist.tas.gov.au/opendata/data/LIST_COASTAL_PROJECTED_STORM_TIDE_20161201_1PCT_AEP_2100_GEORGE_TOWN.zip","LIST_COASTAL_PROJECTED_STORM_TIDE_20161201_1PCT_AEP_2100_GEORGE_TOWN.zip","LIST_COASTAL_PROJECTED_STORM_TIDE_20161201_1PCT_AEP_2100_GEORGE_TOWN.zip",FALSE,7235174.4,"2023-05-30T14:19:00+1000",7242267,"2023-05-30T03:57:42Z","""16608cd-6e821b-5fce134845818""",200,"2026-09-09T13:41:08Z"
"https://listdata.thelist.tas.gov.au/opendata/data/LIST_COASTAL_PROJECTED_STORM_TIDE_20161201_1PCT_AEP_2100_GLAMORGAN_SPRING_BAY.zip","LIST_COASTAL_PROJECTED_STORM_TIDE_20161201_1PCT_AEP_2100_GLAMORGAN_SPRING_BAY.zip","LIST_COASTAL_PROJECTED_STORM_TIDE_20161201_1PCT_AEP_2100_GLAMORGAN_SPRING_BAY.zip",FALSE,33554432,"2019-10-17T10:03:00+1100",33871256,"2023-05-30T03:49:24Z","""16608c0-204d598-5fce116d79ea7""",200,"2026-09-09T13:41:08Z"
"https://listdata.thelist.tas.gov.au/opendata/data/LIST_COASTAL_PROJECTED_STORM_TIDE_20161201_1PCT_AEP_2100_GLENORCHY.zip","LIST_COASTAL_PROJECTED_STORM_TIDE_20161201_1PCT_AEP_2100_GLENORCHY.zip","LIST_COASTAL_PROJECTED_STORM_TIDE_20161201_1PCT_AEP_2100_GLENORCHY.zip",FALSE,2831155.2,"2023-05-30T13:38:00+1000",2819768,"2023-05-30T03:41:31Z","""16608b5-2b06b8-5fce0fa9f0cfe""",200,"2026-09-09T13:41:08Z"
"https://listdata.thelist.tas.gov.au/opendata/data/LIST_COASTAL_PROJECTED_STORM_TIDE_20161201_1PCT_AEP_2100_HOBART.zip","LIST_COASTAL_PROJECTED_STORM_TIDE_20161201_1PCT_AEP_2100_HOBART.zip","LIST_COASTAL_PROJECTED_STORM_TIDE_20161201_1PCT_AEP_2100_HOBART.zip",FALSE,1153433.6,"2023-05-30T13:59:00+1000",1113316,"2023-05-30T03:42:26Z","""16608b4-10fce4-5fce0fde56ff1""",200,"2026-09-09T13:41:08Z"
"https://listdata.thelist.tas.gov.au/opendata/data/LIST_COASTAL_PROJECTED_STORM_TIDE_20161201_1PCT_AEP_2100_HUON_VALLEY.zip","LIST_COASTAL_PROJECTED_STORM_TIDE_20161201_1PCT_AEP_2100_HUON_VALLEY.zip","LIST_COASTAL_PROJECTED_STORM_TIDE_20161201_1PCT_AEP_2100_HUON_VALLEY.zip",FALSE,20971520,"2023-05-30T13:47:00+1000",21256515,"2023-05-30T04:09:00Z","""16608c6-1445943-5fce15ce8a577""",200,"2026-09-09T13:41:08Z"
"https://listdata.thelist.tas.gov.au/opendata/data/LIST_COASTAL_PROJECTED_STORM_TIDE_20161201_1PCT_AEP_2100_KENTISH.zip","LIST_COASTAL_PROJECTED_STORM_TIDE_20161201_1PCT_AEP_2100_KENTISH.zip","LIST_COASTAL_PROJECTED_STORM_TIDE_20161201_1PCT_AEP_2100_KENTISH.zip",FALSE,649216,"2023-05-30T13:50:00+1000",649496,"2023-05-30T04:05:56Z","""16608be-9e918-5fce151f9948f""",200,"2026-09-09T13:41:08Z"
"https://listdata.thelist.tas.gov.au/opendata/data/LIST_COASTAL_PROJECTED_STORM_TIDE_20161201_1PCT_AEP_2100_KING_ISLAND.zip","LIST_COASTAL_PROJECTED_STORM_TIDE_20161201_1PCT_AEP_2100_KING_ISLAND.zip","LIST_COASTAL_PROJECTED_STORM_TIDE_20161201_1PCT_AEP_2100_KING_ISLAND.zip",FALSE,7654604.8,"2025-07-18T09:23:00+1000",7624114,"2023-05-30T03:45:47Z","""16608cb-7455b2-5fce109eab839""",200,"2026-09-09T13:41:08Z"
"https://listdata.thelist.tas.gov.au/opendata/data/LIST_COASTAL_PROJECTED_STORM_TIDE_20161201_1PCT_AEP_2100_KINGBOROUGH.zip","LIST_COASTAL_PROJECTED_STORM_TIDE_20161201_1PCT_AEP_2100_KINGBOROUGH.zip","LIST_COASTAL_PROJECTED_STORM_TIDE_20161201_1PCT_AEP_2100_KINGBOROUGH.zip",FALSE,14680064,"2025-07-18T09:23:00+1000",14496288,"2023-05-30T04:10:29Z","""16608b1-dd3220-5fce16240fa3c""",200,"2026-09-09T13:41:08Z"
"https://listdata.thelist.tas.gov.au/opendata/data/LIST_COASTAL_PROJECTED_STORM_TIDE_20161201_1PCT_AEP_2100_LATROBE.zip","LIST_COASTAL_PROJECTED_STORM_TIDE_20161201_1PCT_AEP_2100_LATROBE.zip","LIST_COASTAL_PROJECTED_STORM_TIDE_20161201_1PCT_AEP_2100_LATROBE.zip",FALSE,9227468.8,"2025-07-18T09:24:00+1000",9198629,"2023-05-30T04:13:32Z","""16608bd-8c5c25-5fce16d2b7fdc""",200,"2026-09-09T13:41:08Z"
"https://listdata.thelist.tas.gov.au/opendata/data/LIST_COASTAL_PROJECTED_STORM_TIDE_20161201_1PCT_AEP_2100_LAUNCESTON.zip","LIST_COASTAL_PROJECTED_STORM_TIDE_20161201_1PCT_AEP_2100_LAUNCESTON.zip","LIST_COASTAL_PROJECTED_STORM_TIDE_20161201_1PCT_AEP_2100_LAUNCESTON.zip",FALSE,5557452.8,"2025-07-18T09:24:00+1000",5532297,"2023-05-30T04:07:24Z","""16608ba-546a89-5fce15736b341""",200,"2026-09-09T13:41:08Z"
"https://listdata.thelist.tas.gov.au/opendata/data/LIST_COASTAL_PROJECTED_STORM_TIDE_20161201_1PCT_AEP_2100_MEANDER_VALLEY.zip","LIST_COASTAL_PROJECTED_STORM_TIDE_20161201_1PCT_AEP_2100_MEANDER_VALLEY.zip","LIST_COASTAL_PROJECTED_STORM_TIDE_20161201_1PCT_AEP_2100_MEANDER_VALLEY.zip",FALSE,840704,"2025-07-10T09:26:00+1000",840852,"2023-05-30T04:15:03Z","""16608c5-cd494-5fce172906936""",200,"2026-09-09T13:41:08Z"
"https://listdata.thelist.tas.gov.au/opendata/data/LIST_COASTAL_PROJECTED_STORM_TIDE_20161201_1PCT_AEP_2100_NORTHERN_MIDLANDS.zip","LIST_COASTAL_PROJECTED_STORM_TIDE_20161201_1PCT_AEP_2100_NORTHERN_MIDLANDS.zip","LIST_COASTAL_PROJECTED_STORM_TIDE_20161201_1PCT_AEP_2100_NORTHERN_MIDLANDS.zip",FALSE,757760,"2025-07-11T08:37:00+1000",758224,"2023-05-30T04:02:49Z","""16608c9-b91d0-5fce146d15d5a""",200,"2026-09-09T13:41:08Z"
"https://listdata.thelist.tas.gov.au/opendata/data/LIST_COASTAL_PROJECTED_STORM_TIDE_20161201_1PCT_AEP_2100_SORELL.zip","LIST_COASTAL_PROJECTED_STORM_TIDE_20161201_1PCT_AEP_2100_SORELL.zip","LIST_COASTAL_PROJECTED_STORM_TIDE_20161201_1PCT_AEP_2100_SORELL.zip",FALSE,9437184,"2025-07-11T08:37:00+1000",9438625,"2023-05-30T04:01:12Z","""16608b7-9005a1-5fce14106b8c4""",200,"2026-09-09T13:41:08Z"
"https://listdata.thelist.tas.gov.au/opendata/data/LIST_COASTAL_PROJECTED_STORM_TIDE_20161201_1PCT_AEP_2100_SOUTHERN_MIDLANDS.zip","LIST_COASTAL_PROJECTED_STORM_TIDE_20161201_1PCT_AEP_2100_SOUTHERN_MIDLANDS.zip","LIST_COASTAL_PROJECTED_STORM_TIDE_20161201_1PCT_AEP_2100_SOUTHERN_MIDLANDS.zip",FALSE,699392,"2025-07-11T08:32:00+1000",699306,"2023-05-30T04:19:32Z","""16608bf-aabaa-5fce18293042b""",200,"2026-09-09T13:41:08Z"
"https://listdata.thelist.tas.gov.au/opendata/data/LIST_COASTAL_PROJECTED_STORM_TIDE_20161201_1PCT_AEP_2100_STATEWIDE.zip","LIST_COASTAL_PROJECTED_STORM_TIDE_20161201_1PCT_AEP_2100_STATEWIDE.zip","LIST_COASTAL_PROJECTED_STORM_TIDE_20161201_1PCT_AEP_2100_STATEWIDE.zip",FALSE,75497472,"2025-07-11T08:35:00+1000",75216425,"2019-10-16T23:03:10Z","""1660910-47bb629-5950f1ad06a49""",200,"2026-09-09T13:41:08Z"
"https://listdata.thelist.tas.gov.au/opendata/data/LIST_COASTAL_PROJECTED_STORM_TIDE_20161201_1PCT_AEP_2100_TASMAN.zip","LIST_COASTAL_PROJECTED_STORM_TIDE_20161201_1PCT_AEP_2100_TASMAN.zip","LIST_COASTAL_PROJECTED_STORM_TIDE_20161201_1PCT_AEP_2100_TASMAN.zip",FALSE,15728640,"2025-07-11T08:36:00+1000",15814623,"2023-05-30T03:38:29Z","""16608bc-f14fdf-5fce0efcf9a4f""",200,"2026-09-09T13:41:08Z"
"https://listdata.thelist.tas.gov.au/opendata/data/LIST_COASTAL_PROJECTED_STORM_TIDE_20161201_1PCT_AEP_2100_WARATAH_WYNYARD.zip","LIST_COASTAL_PROJECTED_STORM_TIDE_20161201_1PCT_AEP_2100_WARATAH_WYNYARD.zip","LIST_COASTAL_PROJECTED_STORM_TIDE_20161201_1PCT_AEP_2100_WARATAH_WYNYARD.zip",FALSE,4718592,"2025-07-11T08:32:00+1000",4707995,"2023-05-30T03:59:29Z","""16608b6-47d69b-5fce13ae85a4e""",200,"2026-09-09T13:41:08Z"
"https://listdata.thelist.tas.gov.au/opendata/data/LIST_COASTAL_PROJECTED_STORM_TIDE_20161201_1PCT_AEP_2100_WEST_COAST.zip","LIST_COASTAL_PROJECTED_STORM_TIDE_20161201_1PCT_AEP_2100_WEST_COAST.zip","LIST_COASTAL_PROJECTED_STORM_TIDE_20161201_1PCT_AEP_2100_WEST_COAST.zip",FALSE,16777216,"2025-07-11T08:37:00+1000",16604923,"2023-05-30T03:47:53Z","""16608cc-fd5efb-5fce11166c454""",200,"2026-09-09T13:41:08Z"
"https://listdata.thelist.tas.gov.au/opendata/data/LIST_COASTAL_PROJECTED_STORM_TIDE_20161201_1PCT_AEP_2100_WEST_TAMAR.zip","LIST_COASTAL_PROJECTED_STORM_TIDE_20161201_1PCT_AEP_2100_WEST_TAMAR.zip","LIST_COASTAL_PROJECTED_STORM_TIDE_20161201_1PCT_AEP_2100_WEST_TAMAR.zip",FALSE,10276044.8,"2025-07-11T08:37:00+1000",10226283,"2023-05-30T03:50:55Z","""16608b8-9c0a6b-5fce11c421601""",200,"2026-09-09T13:41:08Z"
"https://listdata.thelist.tas.gov.au/opendata/data/LIST_COASTAL_VULNERABILITY_CLAYEY_SHORES_STATEWIDE.zip","LIST_COASTAL_VULNERABILITY_CLAYEY_SHORES_STATEWIDE.zip","LIST_COASTAL_VULNERABILITY_CLAYEY_SHORES_STATEWIDE.zip",FALSE,870400,"2025-07-11T08:36:00+1000",870272,"2025-07-17T23:23:42Z","""166070a-d4780-63a284cdac0a9""",200,"2026-09-09T13:41:08Z"
"https://listdata.thelist.tas.gov.au/opendata/data/LIST_COASTAL_VULNERABILITY_ROCKY_SHORES_STATEWIDE.zip","LIST_COASTAL_VULNERABILITY_ROCKY_SHORES_STATEWIDE.zip","LIST_COASTAL_VULNERABILITY_ROCKY_SHORES_STATEWIDE.zip",FALSE,5242880,"2025-07-11T08:32:00+1000",5237625,"2025-07-17T23:23:57Z","""166070b-4feb79-63a284db43a8e""",200,"2026-09-09T13:41:08Z"
"https://listdata.thelist.tas.gov.au/opendata/data/LIST_COASTAL_VULNERABILITY_SOFT_SHORES_STATEWIDE.zip","LIST_COASTAL_VULNERABILITY_SOFT_SHORES_STATEWIDE.zip","LIST_COASTAL_VULNERABILITY_SOFT_SHORES_STATEWIDE.zip",FALSE,3984588.8,"2025-07-11T08:34:00+1000",4031392,"2025-07-17T23:24:10Z","""166070c-3d83a0-63a284e7f553b""",200,"2026-09-09T13:41:08Z"
"https://listdata.thelist.tas.gov.au/opendata/data/LIST_COASTAL_VULNERABILITY_UNCLASSIFIED_STATEWIDE.zip","LIST_COASTAL_VULNERABILITY_UNCLASSIFIED_STATEWIDE.zip","LIST_COASTAL_VULNERABILITY_UNCLASSIFIED_STATEWIDE.zip",FALSE,1992294.4,"2025-07-11T08:35:00+1000",2031606,"2025-07-17T23:24:22Z","""166070d-1efff6-63a284f39e918""",200,"2026-09-09T13:41:08Z"
"https://listdata.thelist.tas.gov.au/opendata/data/LIST_COASTLINE_STATEWIDE.zip","LIST_COASTLINE_STATEWIDE.zip","LIST_COASTLINE_STATEWIDE.zip",FALSE,121634816,"2025-07-11T08:36:00+1000",121970655,"2025-07-09T23:26:04Z","""1660475-7451fdf-6398766958977""",200,"2026-09-09T13:41:08Z"
"https://listdata.thelist.tas.gov.au/opendata/data/LIST_COMMUNITY_FACILITIES_BREAK_O_DAY.zip","LIST_COMMUNITY_FACILITIES_BREAK_O_DAY.zip","LIST_COMMUNITY_FACILITIES_BREAK_O_DAY.zip",FALSE,2097152,"2025-07-11T08:33:00+1000",2145291,"2025-07-10T22:37:14Z","""1660547-20bc0b-6399ad5c017b5""",200,"2026-09-09T13:41:08Z"
"https://listdata.thelist.tas.gov.au/opendata/data/LIST_COMMUNITY_FACILITIES_BRIGHTON.zip","LIST_COMMUNITY_FACILITIES_BRIGHTON.zip","LIST_COMMUNITY_FACILITIES_BRIGHTON.zip",FALSE,747520,"2025-07-11T08:33:00+1000",747622,"2025-07-10T22:37:25Z","""1660548-b6866-6399ad6730bea""",200,"2026-09-09T13:41:08Z"
"https://listdata.thelist.tas.gov.au/opendata/data/LIST_COMMUNITY_FACILITIES_BURNIE.zip","LIST_COMMUNITY_FACILITIES_BURNIE.zip","LIST_COMMUNITY_FACILITIES_BURNIE.zip",FALSE,1468006.4,"2025-07-11T08:31:00+1000",1444837,"2025-07-10T22:32:04Z","""1660549-160be5-6399ac345ae3c""",200,"2026-09-09T13:41:08Z"
"https://listdata.thelist.tas.gov.au/opendata/data/LIST_COMMUNITY_FACILITIES_CENTRAL_COAST.zip","LIST_COMMUNITY_FACILITIES_CENTRAL_COAST.zip","LIST_COMMUNITY_FACILITIES_CENTRAL_COAST.zip",FALSE,1677721.6,"2025-07-11T08:32:00+1000",1655207,"2025-07-10T22:35:59Z","""166054a-1941a7-6399ad152eb8e""",200,"2026-09-09T13:41:08Z"
"https://listdata.thelist.tas.gov.au/opendata/data/LIST_COMMUNITY_FACILITIES_CENTRAL_HIGHLANDS.zip","LIST_COMMUNITY_FACILITIES_CENTRAL_HIGHLANDS.zip","LIST_COMMUNITY_FACILITIES_CENTRAL_HIGHLANDS.zip",FALSE,1258291.2,"2025-07-11T08:34:00+1000",1208367,"2025-07-10T22:36:49Z","""166054b-12702f-6399ad44e85be""",200,"2026-09-09T13:41:08Z"
"https://listdata.thelist.tas.gov.au/opendata/data/LIST_COMMUNITY_FACILITIES_CIRCULAR_HEAD.zip","LIST_COMMUNITY_FACILITIES_CIRCULAR_HEAD.zip","LIST_COMMUNITY_FACILITIES_CIRCULAR_HEAD.zip",FALSE,7864320,"2025-07-11T08:34:00+1000",7813807,"2025-07-10T22:32:17Z","""166054c-773aaf-6399ac4109421""",200,"2026-09-09T13:41:08Z"
"https://listdata.thelist.tas.gov.au/opendata/data/LIST_COMMUNITY_FACILITIES_CLARENCE.zip","LIST_COMMUNITY_FACILITIES_CLARENCE.zip","LIST_COMMUNITY_FACILITIES_CLARENCE.zip",FALSE,2202009.6,"2025-07-11T08:33:00+1000",2197839,"2025-07-10T22:37:37Z","""166054d-21894f-6399ad72909fb""",200,"2026-09-09T13:41:08Z"
"https://listdata.thelist.tas.gov.au/opendata/data/LIST_COMMUNITY_FACILITIES_DERWENT_VALLEY.zip","LIST_COMMUNITY_FACILITIES_DERWENT_VALLEY.zip","LIST_COMMUNITY_FACILITIES_DERWENT_VALLEY.zip",FALSE,1048576,"2025-07-11T08:34:00+1000",1044517,"2025-07-10T22:37:01Z","""166054e-ff025-6399ad505054c""",200,"2026-09-09T13:41:08Z"
"https://listdata.thelist.tas.gov.au/opendata/data/LIST_COMMUNITY_FACILITIES_DEVONPORT.zip","LIST_COMMUNITY_FACILITIES_DEVONPORT.zip","LIST_COMMUNITY_FACILITIES_DEVONPORT.zip",FALSE,960512,"2025-07-11T08:33:00+1000",960467,"2025-07-10T22:36:11Z","""166054f-ea7d3-6399ad20a405e""",200,"2026-09-09T13:41:08Z"
"https://listdata.thelist.tas.gov.au/opendata/data/LIST_COMMUNITY_FACILITIES_DORSET.zip","LIST_COMMUNITY_FACILITIES_DORSET.zip","LIST_COMMUNITY_FACILITIES_DORSET.zip",FALSE,2411724.8,"2025-07-11T08:35:00+1000",2427058,"2025-07-10T22:32:29Z","""1660550-2508b2-6399ac4caf761""",200,"2026-09-09T13:41:08Z"
"https://listdata.thelist.tas.gov.au/opendata/data/LIST_COMMUNITY_FACILITIES_FLINDERS.zip","LIST_COMMUNITY_FACILITIES_FLINDERS.zip","LIST_COMMUNITY_FACILITIES_FLINDERS.zip",FALSE,9961472,"2025-07-11T08:35:00+1000",9951251,"2025-07-10T22:34:44Z","""1660551-97d813-6399accdb1d14""",200,"2026-09-09T13:41:08Z"
"https://listdata.thelist.tas.gov.au/opendata/data/LIST_COMMUNITY_FACILITIES_GEORGE_TOWN.zip","LIST_COMMUNITY_FACILITIES_GEORGE_TOWN.zip","LIST_COMMUNITY_FACILITIES_GEORGE_TOWN.zip",FALSE,1468006.4,"2025-07-11T08:34:00+1000",1520400,"2025-07-10T22:35:23Z","""1660552-173310-6399acf2362c2""",200,"2026-09-09T13:41:08Z"
"https://listdata.thelist.tas.gov.au/opendata/data/LIST_COMMUNITY_FACILITIES_GLAMORGAN_SPRING_BAY.zip","LIST_COMMUNITY_FACILITIES_GLAMORGAN_SPRING_BAY.zip","LIST_COMMUNITY_FACILITIES_GLAMORGAN_SPRING_BAY.zip",FALSE,5347737.6,"2025-07-11T08:33:00+1000",5302248,"2025-07-10T22:36:37Z","""1660553-50e7e8-6399ad38de961""",200,"2026-09-09T13:41:08Z"
"https://listdata.thelist.tas.gov.au/opendata/data/LIST_COMMUNITY_FACILITIES_GLENORCHY.zip","LIST_COMMUNITY_FACILITIES_GLENORCHY.zip","LIST_COMMUNITY_FACILITIES_GLENORCHY.zip",FALSE,906240,"2025-07-11T08:32:00+1000",906232,"2025-07-10T22:33:06Z","""1660554-dd3f8-6399ac6fea998""",200,"2026-09-09T13:41:08Z"
"https://listdata.thelist.tas.gov.au/opendata/data/LIST_COMMUNITY_FACILITIES_HOBART.zip","LIST_COMMUNITY_FACILITIES_HOBART.zip","LIST_COMMUNITY_FACILITIES_HOBART.zip",FALSE,1153433.6,"2025-07-11T08:35:00+1000",1154380,"2025-07-10T22:33:54Z","""1660555-119d4c-6399ac9e05d56""",200,"2026-09-09T13:41:08Z"
"https://listdata.thelist.tas.gov.au/opendata/data/LIST_COMMUNITY_FACILITIES_HUON_VALLEY.zip","LIST_COMMUNITY_FACILITIES_HUON_VALLEY.zip","LIST_COMMUNITY_FACILITIES_HUON_VALLEY.zip",FALSE,5452595.2,"2025-07-11T08:36:00+1000",5444256,"2025-07-10T22:31:51Z","""1660556-5312a0-6399ac27db634""",200,"2026-09-09T13:41:08Z"
"https://listdata.thelist.tas.gov.au/opendata/data/LIST_COMMUNITY_FACILITIES_KENTISH.zip","LIST_COMMUNITY_FACILITIES_KENTISH.zip","LIST_COMMUNITY_FACILITIES_KENTISH.zip",FALSE,945152,"2025-07-18T09:24:00+1000",944771,"2025-07-10T22:32:54Z","""1660557-e6a83-6399ac6432a8a""",200,"2026-09-09T13:41:08Z"
"https://listdata.thelist.tas.gov.au/opendata/data/LIST_COMMUNITY_FACILITIES_KING_ISLAND.zip","LIST_COMMUNITY_FACILITIES_KING_ISLAND.zip","LIST_COMMUNITY_FACILITIES_KING_ISLAND.zip",FALSE,4613734.4,"2025-07-10T09:27:00+1000",4591730,"2025-07-10T22:34:57Z","""1660558-461072-6399acd97d4bb""",200,"2026-09-09T13:41:08Z"
"https://listdata.thelist.tas.gov.au/opendata/data/LIST_COMMUNITY_FACILITIES_KINGBOROUGH.zip","LIST_COMMUNITY_FACILITIES_KINGBOROUGH.zip","LIST_COMMUNITY_FACILITIES_KINGBOROUGH.zip",FALSE,2726297.6,"2025-07-10T09:27:00+1000",2752792,"2025-07-10T22:34:07Z","""1660559-2a0118-6399aca9e2303""",200,"2026-09-09T13:41:08Z"
"https://listdata.thelist.tas.gov.au/opendata/data/LIST_COMMUNITY_FACILITIES_LATROBE.zip","LIST_COMMUNITY_FACILITIES_LATROBE.zip","LIST_COMMUNITY_FACILITIES_LATROBE.zip",FALSE,1048576,"2025-07-18T10:06:00+1000",1094638,"2025-07-10T22:33:30Z","""166055a-10b3ee-6399ac871c111""",200,"2026-09-09T13:41:08Z"
"https://listdata.thelist.tas.gov.au/opendata/data/LIST_COMMUNITY_FACILITIES_LAUNCESTON.zip","LIST_COMMUNITY_FACILITIES_LAUNCESTON.zip","LIST_COMMUNITY_FACILITIES_LAUNCESTON.zip",FALSE,1048576,"2021-09-02T10:07:00+1000",1025766,"2025-07-10T22:34:19Z","""166055b-fa6e6-6399acb534200""",200,"2026-09-09T13:41:08Z"
"https://listdata.thelist.tas.gov.au/opendata/data/LIST_COMMUNITY_FACILITIES_MEANDER_VALLEY.zip","LIST_COMMUNITY_FACILITIES_MEANDER_VALLEY.zip","LIST_COMMUNITY_FACILITIES_MEANDER_VALLEY.zip",FALSE,1153433.6,"2025-11-26T10:11:00+1100",1155661,"2025-07-10T22:33:42Z","""166055c-11a24d-6399ac9290cb6""",200,"2026-09-09T13:41:08Z"
"https://listdata.thelist.tas.gov.au/opendata/data/LIST_COMMUNITY_FACILITIES_NORTHERN_MIDLANDS.zip","LIST_COMMUNITY_FACILITIES_NORTHERN_MIDLANDS.zip","LIST_COMMUNITY_FACILITIES_NORTHERN_MIDLANDS.zip",FALSE,1048576,"2021-01-13T15:27:00+1100",1086605,"2025-07-10T22:35:35Z","""166055d-10948d-6399acfe15c56""",200,"2026-09-09T13:41:08Z"
"https://listdata.thelist.tas.gov.au/opendata/data/LIST_COMMUNITY_FACILITIES_SORELL.zip","LIST_COMMUNITY_FACILITIES_SORELL.zip","LIST_COMMUNITY_FACILITIES_SORELL.zip",FALSE,1153433.6,"2021-01-13T15:15:00+1100",1168669,"2025-07-10T22:35:47Z","""166055e-11d51d-6399ad0998031""",200,"2026-09-09T13:41:08Z"
"https://listdata.thelist.tas.gov.au/opendata/data/LIST_COMMUNITY_FACILITIES_SOUTHERN_MIDLANDS.zip","LIST_COMMUNITY_FACILITIES_SOUTHERN_MIDLANDS.zip","LIST_COMMUNITY_FACILITIES_SOUTHERN_MIDLANDS.zip",FALSE,951296,"2021-01-13T15:16:00+1100",951413,"2025-07-10T22:34:31Z","""166055f-e8475-6399acc0f5e7b""",200,"2026-09-09T13:41:08Z"
"https://listdata.thelist.tas.gov.au/opendata/data/LIST_COMMUNITY_FACILITIES_TASMAN.zip","LIST_COMMUNITY_FACILITIES_TASMAN.zip","LIST_COMMUNITY_FACILITIES_TASMAN.zip",FALSE,3774873.6,"2021-01-13T15:17:00+1100",3811646,"2025-07-10T22:33:19Z","""1660560-3a293e-6399ac7bd53cb""",200,"2026-09-09T13:41:08Z"
"https://listdata.thelist.tas.gov.au/opendata/data/LIST_COMMUNITY_FACILITIES_WARATAH_WYNYARD.zip","LIST_COMMUNITY_FACILITIES_WARATAH_WYNYARD.zip","LIST_COMMUNITY_FACILITIES_WARATAH_WYNYARD.zip",FALSE,1572864,"2021-01-13T15:26:00+1100",1562892,"2025-07-10T22:32:41Z","""1660561-17d90c-6399ac57f0d46""",200,"2026-09-09T13:41:08Z"
"https://listdata.thelist.tas.gov.au/opendata/data/LIST_COMMUNITY_FACILITIES_WEST_COAST.zip","LIST_COMMUNITY_FACILITIES_WEST_COAST.zip","LIST_COMMUNITY_FACILITIES_WEST_COAST.zip",FALSE,8283750.4,"2021-01-13T15:18:00+1100",8324941,"2025-07-10T22:35:10Z","""1660562-7f074d-6399ace686dd9""",200,"2026-09-09T13:41:08Z"
"https://listdata.thelist.tas.gov.au/opendata/data/LIST_COMMUNITY_FACILITIES_WEST_TAMAR.zip","LIST_COMMUNITY_FACILITIES_WEST_TAMAR.zip","LIST_COMMUNITY_FACILITIES_WEST_TAMAR.zip",FALSE,1363148.8,"2021-01-13T15:27:00+1100",1346470,"2025-07-10T22:36:24Z","""1660580-148ba6-6399ad2c93f85""",200,"2026-09-09T13:41:08Z"
"https://listdata.thelist.tas.gov.au/opendata/data/LIST_CORRELATED_RECONNAISSANCE_SOILS_SOIL_TYPES_STATEWIDE.zip","LIST_CORRELATED_RECONNAISSANCE_SOILS_SOIL_TYPES_STATEWIDE.zip","LIST_CORRELATED_RECONNAISSANCE_SOILS_SOIL_TYPES_STATEWIDE.zip",FALSE,11534336,"2021-01-13T15:23:00+1100",11258778,"2025-07-17T23:24:36Z","""1660710-abcb9a-63a285014e3ee""",200,"2026-09-09T13:41:08Z"
"https://listdata.thelist.tas.gov.au/opendata/data/LIST_CROWN_LEASES_STATEWIDE.zip","LIST_CROWN_LEASES_STATEWIDE.zip","LIST_CROWN_LEASES_STATEWIDE.zip",FALSE,5138022.4,"2021-01-13T15:23:00+1100",5162871,"2025-07-09T23:27:45Z","""16605fd-4ec777-639876c96b801""",200,"2026-09-09T13:41:08Z"
"https://listdata.thelist.tas.gov.au/opendata/data/LIST_CROWN_LICENCES_STATEWIDE.zip","LIST_CROWN_LICENCES_STATEWIDE.zip","LIST_CROWN_LICENCES_STATEWIDE.zip",FALSE,9122611.2,"2021-01-13T15:28:00+1100",9172882,"2025-07-09T23:27:56Z","""16605fe-8bf792-639876d3acde3""",200,"2026-09-09T13:41:08Z"
"https://listdata.thelist.tas.gov.au/opendata/data/LIST_DANISH_SEINE_FISHING_STATEWIDE.zip","LIST_DANISH_SEINE_FISHING_STATEWIDE.zip","LIST_DANISH_SEINE_FISHING_STATEWIDE.zip",FALSE,24117248,"2021-01-13T15:20:00+1100",24448044,"2025-07-18T00:06:04Z","""1660c23-1750c2c-63a28e45d6bb3""",200,"2026-09-09T13:41:08Z"
"https://listdata.thelist.tas.gov.au/opendata/data/LIST_DANISH_SEINE_STATEWIDE.zip","LIST_DANISH_SEINE_STATEWIDE.zip","LIST_DANISH_SEINE_STATEWIDE.zip",FALSE,19922944,"2021-01-13T15:30:00+1100",20077323,"2021-09-02T00:07:16Z","""1660c1d-1325b0b-5caf7f730ad71""",200,"2026-09-09T13:41:08Z"
"https://listdata.thelist.tas.gov.au/opendata/data/LIST_DEER_MANAGEMENT_ZONES_STATEWIDE.zip","LIST_DEER_MANAGEMENT_ZONES_STATEWIDE.zip","LIST_DEER_MANAGEMENT_ZONES_STATEWIDE.zip",FALSE,1363148.8,"2021-01-13T15:24:00+1100",1404109,"2025-11-25T23:11:04Z","""1660c25-156ccd-6447364d6f200""",200,"2026-09-09T13:41:08Z"
"https://listdata.thelist.tas.gov.au/opendata/data/LIST_DEM_25M_BREAK_O_DAY.zip","LIST_DEM_25M_BREAK_O_DAY.zip","LIST_DEM_25M_BREAK_O_DAY.zip",FALSE,95420416,"2021-01-13T15:31:00+1100",95245826,"2021-01-13T04:27:09Z","""1660583-5ad5602-5b8c08d693dcd""",200,"2026-09-09T13:41:08Z"
"https://listdata.thelist.tas.gov.au/opendata/data/LIST_DEM_25M_BRIGHTON.zip","LIST_DEM_25M_BRIGHTON.zip","LIST_DEM_25M_BRIGHTON.zip",FALSE,5662310.4,"2021-01-13T15:29:00+1100",5617408,"2021-01-13T04:15:19Z","""1660584-55b700-5b8c0631affce""",200,"2026-09-09T13:41:08Z"
"https://listdata.thelist.tas.gov.au/opendata/data/LIST_DEM_25M_BURNIE.zip","LIST_DEM_25M_BURNIE.zip","LIST_DEM_25M_BURNIE.zip",FALSE,15728640,"2021-01-13T15:31:00+1100",15237190,"2021-01-13T04:16:53Z","""1660585-e88046-5b8c068b2c913""",200,"2026-09-09T13:41:08Z"
"https://listdata.thelist.tas.gov.au/opendata/data/LIST_DEM_25M_CENTRAL_COAST.zip","LIST_DEM_25M_CENTRAL_COAST.zip","LIST_DEM_25M_CENTRAL_COAST.zip",FALSE,23068672,"2021-01-13T15:22:00+1100",23097871,"2021-01-13T04:17:19Z","""1660586-160720f-5b8c06a463ff2""",200,"2026-09-09T13:41:08Z"
"https://listdata.thelist.tas.gov.au/opendata/data/LIST_DEM_25M_CENTRAL_HIGHLANDS.zip","LIST_DEM_25M_CENTRAL_HIGHLANDS.zip","LIST_DEM_25M_CENTRAL_HIGHLANDS.zip",FALSE,171966464,"2021-01-13T15:30:00+1100",172154936,"2021-01-13T04:26:15Z","""1660587-a42e038-5b8c08a388bc0""",200,"2026-09-09T13:41:08Z"
"https://listdata.thelist.tas.gov.au/opendata/data/LIST_DEM_25M_CIRCULAR_HEAD.zip","LIST_DEM_25M_CIRCULAR_HEAD.zip","LIST_DEM_25M_CIRCULAR_HEAD.zip",FALSE,211812352,"2021-01-13T15:20:00+1100",211580255,"2021-01-13T04:18:45Z","""1660588-c9c755f-5b8c06f647c69""",200,"2026-09-09T13:41:08Z"
"https://listdata.thelist.tas.gov.au/opendata/data/LIST_DEM_25M_CLARENCE.zip","LIST_DEM_25M_CLARENCE.zip","LIST_DEM_25M_CLARENCE.zip",FALSE,15728640,"2021-01-13T15:23:00+1100",15418378,"2021-01-13T04:27:37Z","""1660589-eb440a-5b8c08f1bd7ad""",200,"2026-09-09T13:41:08Z"
"https://listdata.thelist.tas.gov.au/opendata/data/LIST_DEM_25M_DERWENT_VALLEY.zip","LIST_DEM_25M_DERWENT_VALLEY.zip","LIST_DEM_25M_DERWENT_VALLEY.zip",FALSE,106954752,"2021-01-13T15:33:00+1100",107296081,"2021-01-13T04:23:06Z","""166058a-6653551-5b8c07ef40cae""",200,"2026-09-09T13:41:08Z"
"https://listdata.thelist.tas.gov.au/opendata/data/LIST_DEM_25M_DEVONPORT.zip","LIST_DEM_25M_DEVONPORT.zip","LIST_DEM_25M_DEVONPORT.zip",FALSE,3040870.4,"2021-01-13T15:32:00+1100",3081172,"2021-01-13T04:23:34Z","""166058b-2f03d4-5b8c080a2435c""",200,"2026-09-09T13:41:08Z"
"https://listdata.thelist.tas.gov.au/opendata/data/LIST_DEM_25M_DORSET.zip","LIST_DEM_25M_DORSET.zip","LIST_DEM_25M_DORSET.zip",FALSE,83886080,"2021-01-13T15:29:00+1100",83427041,"2021-01-13T04:28:15Z","""166058c-4f8fee1-5b8c091543f9c""",200,"2026-09-09T13:41:08Z"
"https://listdata.thelist.tas.gov.au/opendata/data/LIST_DEM_25M_FLINDERS.zip","LIST_DEM_25M_FLINDERS.zip","LIST_DEM_25M_FLINDERS.zip",FALSE,291504128,"2021-01-13T15:28:00+1100",291627189,"2021-01-13T04:20:04Z","""166058d-1161e0b5-5b8c074118640""",200,"2026-09-09T13:41:08Z"
"https://listdata.thelist.tas.gov.au/opendata/data/LIST_DEM_25M_GEORGE_TOWN.zip","LIST_DEM_25M_GEORGE_TOWN.zip","LIST_DEM_25M_GEORGE_TOWN.zip",FALSE,17825792,"2021-01-13T15:25:00+1100",17784881,"2021-01-13T04:30:15Z","""166058e-10f6031-5b8c0987ea671""",200,"2026-09-09T13:41:08Z"
"https://listdata.thelist.tas.gov.au/opendata/data/LIST_DEM_25M_GLAMORGAN_SPRING_BAY.zip","LIST_DEM_25M_GLAMORGAN_SPRING_BAY.zip","LIST_DEM_25M_GLAMORGAN_SPRING_BAY.zip",FALSE,88080384,"2021-01-13T15:16:00+1100",88456652,"2021-01-13T04:24:56Z","""166058f-545bdcc-5b8c0858257ae""",200,"2026-09-09T13:41:08Z"
"https://listdata.thelist.tas.gov.au/opendata/data/LIST_DEM_25M_GLENORCHY.zip","LIST_DEM_25M_GLENORCHY.zip","LIST_DEM_25M_GLENORCHY.zip",FALSE,4404019.2,"2021-01-13T15:15:00+1100",4444661,"2021-01-13T04:31:05Z","""1660590-43d1f5-5b8c09b811449""",200,"2026-09-09T13:41:08Z"
"https://listdata.thelist.tas.gov.au/opendata/data/LIST_DEM_25M_HOBART.zip","LIST_DEM_25M_HOBART.zip","LIST_DEM_25M_HOBART.zip",FALSE,2621440,"2021-01-13T15:21:00+1100",2638452,"2021-01-13T04:29:51Z","""1660591-284274-5b8c0970e7797""",200,"2026-09-09T13:41:08Z"
"https://listdata.thelist.tas.gov.au/opendata/data/LIST_DEM_25M_HUON_VALLEY.zip","LIST_DEM_25M_HUON_VALLEY.zip","LIST_DEM_25M_HUON_VALLEY.zip",FALSE,152043520,"2021-01-13T15:33:00+1100",152522496,"2021-01-13T04:31:47Z","""1660592-9174f00-5b8c09dff9c3d""",200,"2026-09-09T13:41:08Z"
"https://listdata.thelist.tas.gov.au/opendata/data/LIST_DEM_25M_KENTISH.zip","LIST_DEM_25M_KENTISH.zip","LIST_DEM_25M_KENTISH.zip",FALSE,35651584,"2017-06-29T10:10:00+1000",35698982,"2021-01-13T04:22:31Z","""1660593-220b926-5b8c07cde38b8""",200,"2026-09-09T13:41:08Z"
"https://listdata.thelist.tas.gov.au/opendata/data/LIST_DEM_25M_KING_ISLAND.zip","LIST_DEM_25M_KING_ISLAND.zip","LIST_DEM_25M_KING_ISLAND.zip",FALSE,28311552,"2025-07-17T12:11:00+1000",28674166,"2021-01-13T04:20:52Z","""1660594-1b58876-5b8c076f33668""",200,"2026-09-09T13:41:08Z"
"https://listdata.thelist.tas.gov.au/opendata/data/LIST_DEM_25M_KINGBOROUGH.zip","LIST_DEM_25M_KINGBOROUGH.zip","LIST_DEM_25M_KINGBOROUGH.zip",FALSE,27262976,"2025-07-18T10:27:00+1000",27233776,"2021-01-13T04:30:43Z","""1660595-19f8df0-5b8c09a2c847d""",200,"2026-09-09T13:41:08Z"
"https://listdata.thelist.tas.gov.au/opendata/data/LIST_DEM_25M_LATROBE.zip","LIST_DEM_25M_LATROBE.zip","LIST_DEM_25M_LATROBE.zip",FALSE,14680064,"2025-07-17T12:11:00+1000",14845915,"2021-01-13T04:23:56Z","""1660596-e287db-5b8c081ef1f9a""",200,"2026-09-09T13:41:08Z"
"https://listdata.thelist.tas.gov.au/opendata/data/LIST_DEM_25M_LAUNCESTON.zip","LIST_DEM_25M_LAUNCESTON.zip","LIST_DEM_25M_LAUNCESTON.zip",FALSE,39845888,"2025-07-17T12:03:00+1000",39531813,"2021-01-13T04:33:01Z","""1660597-25b3525-5b8c0a26e3810""",200,"2026-09-09T13:41:08Z"
"https://listdata.thelist.tas.gov.au/opendata/data/LIST_DEM_25M_MEANDER_VALLEY.zip","LIST_DEM_25M_MEANDER_VALLEY.zip","LIST_DEM_25M_MEANDER_VALLEY.zip",FALSE,95420416,"2025-07-17T12:09:00+1000",95575172,"2021-01-13T04:32:30Z","""1660598-5b25c84-5b8c0a09071cf""",200,"2026-09-09T13:41:08Z"
"https://listdata.thelist.tas.gov.au/opendata/data/LIST_DEM_25M_NORTHERN_MIDLANDS.zip","LIST_DEM_25M_NORTHERN_MIDLANDS.zip","LIST_DEM_25M_NORTHERN_MIDLANDS.zip",FALSE,133169152,"2025-07-17T12:10:00+1000",133480414,"2021-01-13T04:29:20Z","""1660599-7f4bfde-5b8c0953b2f2e""",200,"2026-09-09T13:41:08Z"
"https://listdata.thelist.tas.gov.au/opendata/data/LIST_DEM_25M_SORELL.zip","LIST_DEM_25M_SORELL.zip","LIST_DEM_25M_SORELL.zip",FALSE,15728640,"2025-07-17T12:04:00+1000",15832097,"2021-01-13T04:28:42Z","""166059a-f19421-5b8c092f92954""",200,"2026-09-09T13:41:08Z"
"https://listdata.thelist.tas.gov.au/opendata/data/LIST_DEM_25M_SOUTHERN_MIDLANDS.zip","LIST_DEM_25M_SOUTHERN_MIDLANDS.zip","LIST_DEM_25M_SOUTHERN_MIDLANDS.zip",FALSE,66060288,"2025-07-17T12:11:00+1000",65690374,"2021-01-13T04:25:30Z","""166059b-3ea5b06-5b8c087824835""",200,"2026-09-09T13:41:08Z"
"https://listdata.thelist.tas.gov.au/opendata/data/LIST_DEM_25M_TASMAN.zip","LIST_DEM_25M_TASMAN.zip","LIST_DEM_25M_TASMAN.zip",FALSE,24117248,"2025-07-17T12:10:00+1000",24070610,"2021-01-13T04:16:28Z","""166059c-16f49d2-5b8c0673f56fc""",200,"2026-09-09T13:41:08Z"
"https://listdata.thelist.tas.gov.au/opendata/data/LIST_DEM_25M_WARATAH_WYNYARD.zip","LIST_DEM_25M_WARATAH_WYNYARD.zip","LIST_DEM_25M_WARATAH_WYNYARD.zip",FALSE,82837504,"2025-07-17T12:09:00+1000",82696625,"2021-01-13T04:15:52Z","""166059d-4edd9b1-5b8c065173119""",200,"2026-09-09T13:41:08Z"
"https://listdata.thelist.tas.gov.au/opendata/data/LIST_DEM_25M_WEST_COAST.zip","LIST_DEM_25M_WEST_COAST.zip","LIST_DEM_25M_WEST_COAST.zip",FALSE,268435456,"2025-07-17T12:04:00+1000",268199486,"2021-01-13T04:21:49Z","""166059e-ffc663e-5b8c07a54f26b""",200,"2026-09-09T13:41:08Z"
"https://listdata.thelist.tas.gov.au/opendata/data/LIST_DEM_25M_WEST_TAMAR.zip","LIST_DEM_25M_WEST_TAMAR.zip","LIST_DEM_25M_WEST_TAMAR.zip",FALSE,22020096,"2025-07-17T12:07:00+1000",22105328,"2021-01-13T04:33:28Z","""166059f-1514cf0-5b8c0a407a7cb""",200,"2026-09-09T13:41:08Z"
"https://listdata.thelist.tas.gov.au/opendata/data/LIST_DHHS_AMBULANCE_STATION_LOCATIONS_STATEWIDE.zip","LIST_DHHS_AMBULANCE_STATION_LOCATIONS_STATEWIDE.zip","LIST_DHHS_AMBULANCE_STATION_LOCATIONS_STATEWIDE.zip",FALSE,70656,"2025-07-17T12:08:00+1000",70571,"2017-06-29T00:10:37Z","""1660577-113ab-5530e215876cb""",200,"2026-09-09T13:41:08Z"
"https://listdata.thelist.tas.gov.au/opendata/data/LIST_DOE_SCHOOL_INTAKE_AREAS_STATEWIDE.zip","LIST_DOE_SCHOOL_INTAKE_AREAS_STATEWIDE.zip","LIST_DOE_SCHOOL_INTAKE_AREAS_STATEWIDE.zip",FALSE,30408704,"2025-07-17T12:10:00+1000",30050471,"2025-07-18T00:27:42Z","""16607e0-1ca88a7-63a2931b7e89c""",200,"2026-09-09T13:41:08Z"
"https://listdata.thelist.tas.gov.au/opendata/data/LIST_EASEMENTS_BREAK_O_DAY.zip","LIST_EASEMENTS_BREAK_O_DAY.zip","LIST_EASEMENTS_BREAK_O_DAY.zip",FALSE,3145728,"2025-07-17T12:05:00+1000",3170888,"2025-07-17T02:11:02Z","""16605ff-306248-63a168569aa2a""",200,"2026-09-09T13:41:08Z"
"https://listdata.thelist.tas.gov.au/opendata/data/LIST_EASEMENTS_BRIGHTON.zip","LIST_EASEMENTS_BRIGHTON.zip","LIST_EASEMENTS_BRIGHTON.zip",FALSE,2097152,"2025-07-17T12:06:00+1000",2102350,"2025-07-17T02:11:15Z","""1660600-20144e-63a168637aad7""",200,"2026-09-09T13:41:08Z"
"https://listdata.thelist.tas.gov.au/opendata/data/LIST_EASEMENTS_BURNIE.zip","LIST_EASEMENTS_BURNIE.zip","LIST_EASEMENTS_BURNIE.zip",FALSE,2411724.8,"2025-07-17T12:03:00+1000",2410974,"2025-07-17T02:03:57Z","""1660601-24c9de-63a166c1383d7""",200,"2026-09-09T13:41:08Z"
"https://listdata.thelist.tas.gov.au/opendata/data/LIST_EASEMENTS_CENTRAL_COAST.zip","LIST_EASEMENTS_CENTRAL_COAST.zip","LIST_EASEMENTS_CENTRAL_COAST.zip",FALSE,2621440,"2025-07-17T12:05:00+1000",2587868,"2025-07-17T02:09:39Z","""1660602-277cdc-63a1680824d8d""",200,"2026-09-09T13:41:08Z"
"https://listdata.thelist.tas.gov.au/opendata/data/LIST_EASEMENTS_CENTRAL_HIGHLANDS.zip","LIST_EASEMENTS_CENTRAL_HIGHLANDS.zip","LIST_EASEMENTS_CENTRAL_HIGHLANDS.zip",FALSE,2097152,"2025-07-17T12:06:00+1000",2115902,"2025-07-17T02:10:34Z","""1660603-20493e-63a1683c96d5b""",200,"2026-09-09T13:41:08Z"
"https://listdata.thelist.tas.gov.au/opendata/data/LIST_EASEMENTS_CIRCULAR_HEAD.zip","LIST_EASEMENTS_CIRCULAR_HEAD.zip","LIST_EASEMENTS_CIRCULAR_HEAD.zip",FALSE,8283750.4,"2025-07-17T12:07:00+1000",8257676,"2025-07-17T02:04:26Z","""1660604-7e008c-63a166dcf2aa2""",200,"2026-09-09T13:41:08Z"
"https://listdata.thelist.tas.gov.au/opendata/data/LIST_EASEMENTS_CLARENCE.zip","LIST_EASEMENTS_CLARENCE.zip","LIST_EASEMENTS_CLARENCE.zip",FALSE,2202009.6,"2025-07-17T12:05:00+1000",2220838,"2025-07-17T02:11:30Z","""1660605-21e326-63a1687114259""",200,"2026-09-09T13:41:08Z"
"https://listdata.thelist.tas.gov.au/opendata/data/LIST_EASEMENTS_DERWENT_VALLEY.zip","LIST_EASEMENTS_DERWENT_VALLEY.zip","LIST_EASEMENTS_DERWENT_VALLEY.zip",FALSE,1992294.4,"2025-07-17T12:06:00+1000",2010625,"2025-07-17T02:10:48Z","""1660606-1eae01-63a16849bdfe4""",200,"2026-09-09T13:41:08Z"
"https://listdata.thelist.tas.gov.au/opendata/data/LIST_EASEMENTS_DEVONPORT.zip","LIST_EASEMENTS_DEVONPORT.zip","LIST_EASEMENTS_DEVONPORT.zip",FALSE,1572864,"2025-07-17T12:06:00+1000",1586487,"2025-07-17T02:09:52Z","""1660607-183537-63a1681478182""",200,"2026-09-09T13:41:08Z"
"https://listdata.thelist.tas.gov.au/opendata/data/LIST_EASEMENTS_DORSET.zip","LIST_EASEMENTS_DORSET.zip","LIST_EASEMENTS_DORSET.zip",FALSE,2726297.6,"2025-07-17T12:09:00+1000",2745070,"2025-07-17T02:04:41Z","""1660608-29e2ee-63a166eb5658c""",200,"2026-09-09T13:41:08Z"
"https://listdata.thelist.tas.gov.au/opendata/data/LIST_EASEMENTS_FLINDERS.zip","LIST_EASEMENTS_FLINDERS.zip","LIST_EASEMENTS_FLINDERS.zip",FALSE,10066329.6,"2025-07-17T12:09:00+1000",10106065,"2025-07-17T02:07:39Z","""1660609-9a34d1-63a1679529b54""",200,"2026-09-09T13:41:08Z"
"https://listdata.thelist.tas.gov.au/opendata/data/LIST_EASEMENTS_GEORGE_TOWN.zip","LIST_EASEMENTS_GEORGE_TOWN.zip","LIST_EASEMENTS_GEORGE_TOWN.zip",FALSE,1992294.4,"2025-07-17T12:07:00+1000",1945930,"2025-07-17T02:08:59Z","""166060a-1db14a-63a167e13203d""",200,"2026-09-09T13:41:08Z"
"https://listdata.thelist.tas.gov.au/opendata/data/LIST_EASEMENTS_GLAMORGAN_SPRING_BAY.zip","LIST_EASEMENTS_GLAMORGAN_SPRING_BAY.zip","LIST_EASEMENTS_GLAMORGAN_SPRING_BAY.zip",FALSE,5976883.2,"2025-07-17T12:05:00+1000",6011112,"2025-07-17T02:10:21Z","""166060b-5bb8e8-63a1682ffb54e""",200,"2026-09-09T13:41:08Z"
"https://listdata.thelist.tas.gov.au/opendata/data/LIST_EASEMENTS_GLENORCHY.zip","LIST_EASEMENTS_GLENORCHY.zip","LIST_EASEMENTS_GLENORCHY.zip",FALSE,968704,"2025-07-17T12:04:00+1000",968200,"2025-07-17T02:05:20Z","""166060c-ec608-63a16710d63c5""",200,"2026-09-09T13:41:08Z"
"https://listdata.thelist.tas.gov.au/opendata/data/LIST_EASEMENTS_HOBART.zip","LIST_EASEMENTS_HOBART.zip","LIST_EASEMENTS_HOBART.zip",FALSE,4718592,"2025-07-17T12:08:00+1000",4726332,"2025-07-17T02:06:19Z","""166060d-481e3c-63a167492472a""",200,"2026-09-09T13:41:08Z"
"https://listdata.thelist.tas.gov.au/opendata/data/LIST_EASEMENTS_HUON_VALLEY.zip","LIST_EASEMENTS_HUON_VALLEY.zip","LIST_EASEMENTS_HUON_VALLEY.zip",FALSE,6710886.4,"2025-07-17T12:10:00+1000",6670046,"2025-07-17T02:03:43Z","""166060e-65c6de-63a166b3e491f""",200,"2026-09-09T13:41:08Z"
"https://listdata.thelist.tas.gov.au/opendata/data/LIST_EASEMENTS_KENTISH.zip","LIST_EASEMENTS_KENTISH.zip","LIST_EASEMENTS_KENTISH.zip",FALSE,1258291.2,"2025-07-17T12:02:00+1000",1305684,"2025-07-17T02:05:07Z","""166060f-13ec54-63a167042b8a0""",200,"2026-09-09T13:41:08Z"
"https://listdata.thelist.tas.gov.au/opendata/data/LIST_EASEMENTS_KING_ISLAND.zip","LIST_EASEMENTS_KING_ISLAND.zip","LIST_EASEMENTS_KING_ISLAND.zip",FALSE,4718592,"2025-07-18T09:40:00+1000",4752750,"2025-07-17T02:07:56Z","""1660610-48856e-63a167a59f2b4""",200,"2026-09-09T13:41:08Z"
"https://listdata.thelist.tas.gov.au/opendata/data/LIST_EASEMENTS_KINGBOROUGH.zip","LIST_EASEMENTS_KINGBOROUGH.zip","LIST_EASEMENTS_KINGBOROUGH.zip",FALSE,6291456,"2019-11-28T14:05:00+1100",6242733,"2025-07-17T02:06:36Z","""1660611-5f41ad-63a167595e808""",200,"2026-09-09T13:41:08Z"
"https://listdata.thelist.tas.gov.au/opendata/data/LIST_EASEMENTS_LATROBE.zip","LIST_EASEMENTS_LATROBE.zip","LIST_EASEMENTS_LATROBE.zip",FALSE,1572864,"2026-09-04T17:33:00+1000",1554962,"2025-07-17T02:05:49Z","""1660612-17ba12-63a1672c8e100""",200,"2026-09-09T13:41:08Z"
"https://listdata.thelist.tas.gov.au/opendata/data/LIST_EASEMENTS_LAUNCESTON.zip","LIST_EASEMENTS_LAUNCESTON.zip","LIST_EASEMENTS_LAUNCESTON.zip",FALSE,2726297.6,"2026-09-04T17:32:00+1000",2699926,"2025-07-17T02:06:51Z","""1660613-293296-63a1676725139""",200,"2026-09-09T13:41:08Z"
"https://listdata.thelist.tas.gov.au/opendata/data/LIST_EASEMENTS_MEANDER_VALLEY.zip","LIST_EASEMENTS_MEANDER_VALLEY.zip","LIST_EASEMENTS_MEANDER_VALLEY.zip",FALSE,2411724.8,"2026-09-04T17:32:00+1000",2419063,"2025-07-17T02:06:04Z","""1660614-24e977-63a1673a62533""",200,"2026-09-09T13:41:08Z"
"https://listdata.thelist.tas.gov.au/opendata/data/LIST_EASEMENTS_NORTHERN_MIDLANDS.zip","LIST_EASEMENTS_NORTHERN_MIDLANDS.zip","LIST_EASEMENTS_NORTHERN_MIDLANDS.zip",FALSE,1992294.4,"2017-12-20T11:35:00+1100",1960062,"2025-07-17T02:09:13Z","""1660615-1de87e-63a167ee8c899""",200,"2026-09-09T13:41:08Z"
"https://listdata.thelist.tas.gov.au/opendata/data/LIST_EASEMENTS_SORELL.zip","LIST_EASEMENTS_SORELL.zip","LIST_EASEMENTS_SORELL.zip",FALSE,2097152,"2025-08-14T11:32:00+1000",2091339,"2025-07-17T02:09:26Z","""1660616-1fe94b-63a167fb02fe9""",200,"2026-09-09T13:41:08Z"
"https://listdata.thelist.tas.gov.au/opendata/data/LIST_EASEMENTS_SOUTHERN_MIDLANDS.zip","LIST_EASEMENTS_SOUTHERN_MIDLANDS.zip","LIST_EASEMENTS_SOUTHERN_MIDLANDS.zip",FALSE,1782579.2,"2025-07-17T14:44:00+1000",1792644,"2025-07-17T02:07:04Z","""1660617-1b5a84-63a1677378799""",200,"2026-09-09T13:41:08Z"
"https://listdata.thelist.tas.gov.au/opendata/data/LIST_EASEMENTS_TASMAN.zip","LIST_EASEMENTS_TASMAN.zip","LIST_EASEMENTS_TASMAN.zip",FALSE,4508876.8,"2025-07-17T14:44:00+1000",4479005,"2025-07-17T02:05:36Z","""1660618-44581d-63a1671fe28dc""",200,"2026-09-09T13:41:08Z"
"https://listdata.thelist.tas.gov.au/opendata/data/LIST_EASEMENTS_WARATAH_WYNYARD.zip","LIST_EASEMENTS_WARATAH_WYNYARD.zip","LIST_EASEMENTS_WARATAH_WYNYARD.zip",FALSE,2202009.6,"2025-07-17T14:35:00+1000",2234678,"2025-07-17T02:04:54Z","""1660619-221936-63a166f7e6821""",200,"2026-09-09T13:41:08Z"
"https://listdata.thelist.tas.gov.au/opendata/data/LIST_EASEMENTS_WEST_COAST.zip","LIST_EASEMENTS_WEST_COAST.zip","LIST_EASEMENTS_WEST_COAST.zip",FALSE,8493465.6,"2025-07-17T14:42:00+1000",8454584,"2025-07-17T02:08:45Z","""166061a-8101b8-63a167d497291""",200,"2026-09-09T13:41:08Z"
"https://listdata.thelist.tas.gov.au/opendata/data/LIST_EASEMENTS_WEST_TAMAR.zip","LIST_EASEMENTS_WEST_TAMAR.zip","LIST_EASEMENTS_WEST_TAMAR.zip",FALSE,2936012.8,"2025-07-17T14:43:00+1000",2896701,"2025-07-17T02:10:06Z","""166061b-2c333d-63a16821d6a8f""",200,"2026-09-09T13:41:08Z"
"https://listdata.thelist.tas.gov.au/opendata/data/LIST_ELECTORAL_DIVS_STATEWIDE.zip","LIST_ELECTORAL_DIVS_STATEWIDE.zip","LIST_ELECTORAL_DIVS_STATEWIDE.zip",FALSE,30408704,"2025-07-17T14:36:00+1000",30185046,"2025-07-17T02:02:51Z","""166061c-1cc9656-63a16682a7c05""",200,"2026-09-09T13:41:08Z"
"https://listdata.thelist.tas.gov.au/opendata/data/LIST_EPA_REGULATED_SITES_DOCUMENTS_STATEWIDE.zip","LIST_EPA_REGULATED_SITES_DOCUMENTS_STATEWIDE.zip","LIST_EPA_REGULATED_SITES_DOCUMENTS_STATEWIDE.zip",FALSE,20480,"2025-07-17T14:44:00+1000",20438,"2019-11-28T03:05:24Z","""166090a-4fd6-5985f626e11d9""",200,"2026-09-09T13:41:08Z"
"https://listdata.thelist.tas.gov.au/opendata/data/LIST_EPA_REGULATED_SITES_STATEWIDE.zip","LIST_EPA_REGULATED_SITES_STATEWIDE.zip","LIST_EPA_REGULATED_SITES_STATEWIDE.zip",FALSE,627712,"2025-07-17T14:43:00+1000",627716,"2025-07-17T23:40:36Z","""1660917-99404-63a288944de12""",200,"2026-09-09T13:41:08Z"
"https://listdata.thelist.tas.gov.au/opendata/data/LIST_FIRE_HISTORY_LAST_STATEWIDE.zip","LIST_FIRE_HISTORY_LAST_STATEWIDE.zip","LIST_FIRE_HISTORY_LAST_STATEWIDE.zip",FALSE,87031808,"2025-07-17T14:42:00+1000",87341362,"2026-09-04T07:33:21Z","""1660c80-534b932-65aa3486ccc47""",200,"2026-09-09T13:41:08Z"
"https://listdata.thelist.tas.gov.au/opendata/data/LIST_FIRE_HISTORY_STATEWIDE.zip","LIST_FIRE_HISTORY_STATEWIDE.zip","LIST_FIRE_HISTORY_STATEWIDE.zip",FALSE,66060288,"2025-07-17T14:37:00+1000",65539488,"2026-09-04T07:32:52Z","""16607e7-3e80da0-65aa346b2d312""",200,"2026-09-09T13:41:08Z"
"https://listdata.thelist.tas.gov.au/opendata/data/LIST_FMAC_BOUNDARIES_STATEWIDE.zip","LIST_FMAC_BOUNDARIES_STATEWIDE.zip","LIST_FMAC_BOUNDARIES_STATEWIDE.zip",FALSE,9856614.4,"2025-07-17T14:40:00+1000",9829052,"2026-09-04T07:32:28Z","""16607e6-95fabc-65aa34543360d""",200,"2026-09-09T13:41:08Z"
"https://listdata.thelist.tas.gov.au/opendata/data/LIST_FMP_DATA_CSV_STATEWIDE.zip","LIST_FMP_DATA_CSV_STATEWIDE.zip","LIST_FMP_DATA_CSV_STATEWIDE.zip",FALSE,1468006.4,"2025-07-17T14:41:00+1000",1419698,"2017-12-20T00:35:24Z","""1660640-15a9b2-560bac25cd887""",200,"2026-09-09T13:41:08Z"
"https://listdata.thelist.tas.gov.au/opendata/data/LIST_FMP_DATA_STATEWIDE.zip","LIST_FMP_DATA_STATEWIDE.zip","LIST_FMP_DATA_STATEWIDE.zip",FALSE,4299161.6,"2025-07-17T14:43:00+1000",4269205,"2025-08-14T01:32:15Z","""16606a2-412495-63c493e4acdcf""",200,"2026-09-09T13:41:08Z"
"https://listdata.thelist.tas.gov.au/opendata/data/LIST_FUTURE_POTENTIAL_PRODUCTION_FOREST_BREAK_O_DAY.zip","LIST_FUTURE_POTENTIAL_PRODUCTION_FOREST_BREAK_O_DAY.zip","LIST_FUTURE_POTENTIAL_PRODUCTION_FOREST_BREAK_O_DAY.zip",FALSE,2936012.8,"2025-07-17T14:37:00+1000",2906382,"2025-07-17T04:44:09Z","""1660956-2c590e-63a18a908cd0c""",200,"2026-09-09T13:41:08Z"
"https://listdata.thelist.tas.gov.au/opendata/data/LIST_FUTURE_POTENTIAL_PRODUCTION_FOREST_BRIGHTON.zip","LIST_FUTURE_POTENTIAL_PRODUCTION_FOREST_BRIGHTON.zip","LIST_FUTURE_POTENTIAL_PRODUCTION_FOREST_BRIGHTON.zip",FALSE,693248,"2025-07-17T14:39:00+1000",693229,"2025-07-17T04:44:25Z","""1660947-a93ed-63a18a9fc8ad3""",200,"2026-09-09T13:41:08Z"
"https://listdata.thelist.tas.gov.au/opendata/data/LIST_FUTURE_POTENTIAL_PRODUCTION_FOREST_BURNIE.zip","LIST_FUTURE_POTENTIAL_PRODUCTION_FOREST_BURNIE.zip","LIST_FUTURE_POTENTIAL_PRODUCTION_FOREST_BURNIE.zip",FALSE,1363148.8,"2025-07-17T14:35:00+1000",1363103,"2025-07-17T04:35:58Z","""166094f-14cc9f-63a188bc67663""",200,"2026-09-09T13:41:08Z"
"https://listdata.thelist.tas.gov.au/opendata/data/LIST_FUTURE_POTENTIAL_PRODUCTION_FOREST_CENTRAL_COAST.zip","LIST_FUTURE_POTENTIAL_PRODUCTION_FOREST_CENTRAL_COAST.zip","LIST_FUTURE_POTENTIAL_PRODUCTION_FOREST_CENTRAL_COAST.zip",FALSE,1677721.6,"2025-07-17T14:37:00+1000",1703627,"2025-07-17T04:42:27Z","""1660950-19fecb-63a18a2f165be""",200,"2026-09-09T13:41:08Z"
"https://listdata.thelist.tas.gov.au/opendata/data/LIST_FUTURE_POTENTIAL_PRODUCTION_FOREST_CENTRAL_HIGHLANDS.zip","LIST_FUTURE_POTENTIAL_PRODUCTION_FOREST_CENTRAL_HIGHLANDS.zip","LIST_FUTURE_POTENTIAL_PRODUCTION_FOREST_CENTRAL_HIGHLANDS.zip",FALSE,1363148.8,"2025-07-17T14:39:00+1000",1318476,"2025-07-17T04:43:34Z","""166095c-141e4c-63a18a6f5780d""",200,"2026-09-09T13:41:08Z"
"https://listdata.thelist.tas.gov.au/opendata/data/LIST_FUTURE_POTENTIAL_PRODUCTION_FOREST_CIRCULAR_HEAD.zip","LIST_FUTURE_POTENTIAL_PRODUCTION_FOREST_CIRCULAR_HEAD.zip","LIST_FUTURE_POTENTIAL_PRODUCTION_FOREST_CIRCULAR_HEAD.zip",FALSE,8808038.4,"2025-07-17T14:40:00+1000",8779778,"2025-07-17T04:36:37Z","""1660952-85f802-63a188e19b5e0""",200,"2026-09-09T13:41:08Z"
"https://listdata.thelist.tas.gov.au/opendata/data/LIST_FUTURE_POTENTIAL_PRODUCTION_FOREST_CLARENCE.zip","LIST_FUTURE_POTENTIAL_PRODUCTION_FOREST_CLARENCE.zip","LIST_FUTURE_POTENTIAL_PRODUCTION_FOREST_CLARENCE.zip",FALSE,1992294.4,"2025-07-17T14:38:00+1000",1959744,"2025-07-17T04:44:41Z","""166094b-1de740-63a18aaefe2db""",200,"2026-09-09T13:41:08Z"
"https://listdata.thelist.tas.gov.au/opendata/data/LIST_FUTURE_POTENTIAL_PRODUCTION_FOREST_DERWENT_VALLEY.zip","LIST_FUTURE_POTENTIAL_PRODUCTION_FOREST_DERWENT_VALLEY.zip","LIST_FUTURE_POTENTIAL_PRODUCTION_FOREST_DERWENT_VALLEY.zip",FALSE,1048576,"2025-07-17T14:39:00+1000",1015189,"2025-07-17T04:43:52Z","""1660948-f7d95-63a18a7fafde1""",200,"2026-09-09T13:41:08Z"
"https://listdata.thelist.tas.gov.au/opendata/data/LIST_FUTURE_POTENTIAL_PRODUCTION_FOREST_DEVONPORT.zip","LIST_FUTURE_POTENTIAL_PRODUCTION_FOREST_DEVONPORT.zip","LIST_FUTURE_POTENTIAL_PRODUCTION_FOREST_DEVONPORT.zip",FALSE,802816,"2025-07-17T14:38:00+1000",802531,"2025-07-17T04:42:43Z","""1660951-c3ee3-63a18a3deaa74""",200,"2026-09-09T13:41:08Z"
"https://listdata.thelist.tas.gov.au/opendata/data/LIST_FUTURE_POTENTIAL_PRODUCTION_FOREST_DORSET.zip","LIST_FUTURE_POTENTIAL_PRODUCTION_FOREST_DORSET.zip","LIST_FUTURE_POTENTIAL_PRODUCTION_FOREST_DORSET.zip",FALSE,2936012.8,"2025-07-17T14:41:00+1000",2898615,"2025-07-17T04:37:00Z","""1660957-2c3ab7-63a188f6d4a12""",200,"2026-09-09T13:41:08Z"
"https://listdata.thelist.tas.gov.au/opendata/data/LIST_FUTURE_POTENTIAL_PRODUCTION_FOREST_FLINDERS.zip","LIST_FUTURE_POTENTIAL_PRODUCTION_FOREST_FLINDERS.zip","LIST_FUTURE_POTENTIAL_PRODUCTION_FOREST_FLINDERS.zip",FALSE,9856614.4,"2025-07-17T14:42:00+1000",9871491,"2025-07-17T04:40:09Z","""1660953-96a083-63a189ab58ddc""",200,"2026-09-09T13:41:08Z"
"https://listdata.thelist.tas.gov.au/opendata/data/LIST_FUTURE_POTENTIAL_PRODUCTION_FOREST_GEORGE_TOWN.zip","LIST_FUTURE_POTENTIAL_PRODUCTION_FOREST_GEORGE_TOWN.zip","LIST_FUTURE_POTENTIAL_PRODUCTION_FOREST_GEORGE_TOWN.zip",FALSE,1572864,"2025-07-17T14:39:00+1000",1524937,"2025-07-17T04:41:37Z","""166095e-1744c9-63a189fee63cf""",200,"2026-09-09T13:41:08Z"
"https://listdata.thelist.tas.gov.au/opendata/data/LIST_FUTURE_POTENTIAL_PRODUCTION_FOREST_GLAMORGAN_SPRING_BAY.zip","LIST_FUTURE_POTENTIAL_PRODUCTION_FOREST_GLAMORGAN_SPRING_BAY.zip","LIST_FUTURE_POTENTIAL_PRODUCTION_FOREST_GLAMORGAN_SPRING_BAY.zip",FALSE,5557452.8,"2025-07-17T14:38:00+1000",5577473,"2025-07-17T04:43:17Z","""166094e-551b01-63a18a5f114c9""",200,"2026-09-09T13:41:08Z"
"https://listdata.thelist.tas.gov.au/opendata/data/LIST_FUTURE_POTENTIAL_PRODUCTION_FOREST_GLENORCHY.zip","LIST_FUTURE_POTENTIAL_PRODUCTION_FOREST_GLENORCHY.zip","LIST_FUTURE_POTENTIAL_PRODUCTION_FOREST_GLENORCHY.zip",FALSE,743424,"2025-07-17T14:37:00+1000",743021,"2025-07-17T04:37:52Z","""166095b-b566d-63a189286fa71""",200,"2026-09-09T13:41:08Z"
"https://listdata.thelist.tas.gov.au/opendata/data/LIST_FUTURE_POTENTIAL_PRODUCTION_FOREST_HOBART.zip","LIST_FUTURE_POTENTIAL_PRODUCTION_FOREST_HOBART.zip","LIST_FUTURE_POTENTIAL_PRODUCTION_FOREST_HOBART.zip",FALSE,684032,"2025-07-17T14:41:00+1000",684330,"2025-07-17T04:39:02Z","""1660960-a712a-63a1896b1d1dd""",200,"2026-09-09T13:41:08Z"
"https://listdata.thelist.tas.gov.au/opendata/data/LIST_FUTURE_POTENTIAL_PRODUCTION_FOREST_HUON_VALLEY.zip","LIST_FUTURE_POTENTIAL_PRODUCTION_FOREST_HUON_VALLEY.zip","LIST_FUTURE_POTENTIAL_PRODUCTION_FOREST_HUON_VALLEY.zip",FALSE,5347737.6,"2025-07-17T14:42:00+1000",5352264,"2025-07-17T04:35:37Z","""1660962-51ab48-63a188a848c4e""",200,"2026-09-09T13:41:08Z"
"https://listdata.thelist.tas.gov.au/opendata/data/LIST_FUTURE_POTENTIAL_PRODUCTION_FOREST_KENTISH.zip","LIST_FUTURE_POTENTIAL_PRODUCTION_FOREST_KENTISH.zip","LIST_FUTURE_POTENTIAL_PRODUCTION_FOREST_KENTISH.zip",FALSE,951296,"2025-07-17T12:11:00+1000",951467,"2025-07-17T04:37:36Z","""1660959-e84ab-63a189199e565""",200,"2026-09-09T13:41:08Z"
"https://listdata.thelist.tas.gov.au/opendata/data/LIST_FUTURE_POTENTIAL_PRODUCTION_FOREST_KING_ISLAND.zip","LIST_FUTURE_POTENTIAL_PRODUCTION_FOREST_KING_ISLAND.zip","LIST_FUTURE_POTENTIAL_PRODUCTION_FOREST_KING_ISLAND.zip",FALSE,4508876.8,"2025-07-10T09:23:00+1000",4506578,"2025-07-17T04:40:26Z","""1660954-44c3d2-63a189bb41155""",200,"2026-09-09T13:41:08Z"
"https://listdata.thelist.tas.gov.au/opendata/data/LIST_FUTURE_POTENTIAL_PRODUCTION_FOREST_KINGBOROUGH.zip","LIST_FUTURE_POTENTIAL_PRODUCTION_FOREST_KINGBOROUGH.zip","LIST_FUTURE_POTENTIAL_PRODUCTION_FOREST_KINGBOROUGH.zip",FALSE,2621440,"2025-07-18T10:07:00+1000",2631108,"2025-07-17T04:39:19Z","""166095f-2825c4-63a1897b94c00""",200,"2026-09-09T13:41:08Z"
"https://listdata.thelist.tas.gov.au/opendata/data/LIST_FUTURE_POTENTIAL_PRODUCTION_FOREST_LATROBE.zip","LIST_FUTURE_POTENTIAL_PRODUCTION_FOREST_LATROBE.zip","LIST_FUTURE_POTENTIAL_PRODUCTION_FOREST_LATROBE.zip",FALSE,1153433.6,"2025-07-10T09:24:00+1000",1106487,"2025-07-17T04:38:28Z","""166094d-10e237-63a1894b58e19""",200,"2026-09-09T13:41:08Z"
"https://listdata.thelist.tas.gov.au/opendata/data/LIST_FUTURE_POTENTIAL_PRODUCTION_FOREST_LAUNCESTON.zip","LIST_FUTURE_POTENTIAL_PRODUCTION_FOREST_LAUNCESTON.zip","LIST_FUTURE_POTENTIAL_PRODUCTION_FOREST_LAUNCESTON.zip",FALSE,854016,"2025-07-10T08:51:00+1000",854190,"2025-07-17T04:39:35Z","""1660961-d08ae-63a1898b63f8d""",200,"2026-09-09T13:41:08Z"
"https://listdata.thelist.tas.gov.au/opendata/data/LIST_FUTURE_POTENTIAL_PRODUCTION_FOREST_MEANDER_VALLEY.zip","LIST_FUTURE_POTENTIAL_PRODUCTION_FOREST_MEANDER_VALLEY.zip","LIST_FUTURE_POTENTIAL_PRODUCTION_FOREST_MEANDER_VALLEY.zip",FALSE,1153433.6,"2025-07-10T09:15:00+1000",1126244,"2025-07-17T04:38:45Z","""1660963-112f64-63a1895b88f17""",200,"2026-09-09T13:41:08Z"
"https://listdata.thelist.tas.gov.au/opendata/data/LIST_FUTURE_POTENTIAL_PRODUCTION_FOREST_NORTHERN_MIDLANDS.zip","LIST_FUTURE_POTENTIAL_PRODUCTION_FOREST_NORTHERN_MIDLANDS.zip","LIST_FUTURE_POTENTIAL_PRODUCTION_FOREST_NORTHERN_MIDLANDS.zip",FALSE,1258291.2,"2025-07-10T09:20:00+1000",1248586,"2025-07-17T04:41:54Z","""1660958-130d4a-63a18a0f14a24""",200,"2026-09-09T13:41:08Z"
"https://listdata.thelist.tas.gov.au/opendata/data/LIST_FUTURE_POTENTIAL_PRODUCTION_FOREST_SORELL.zip","LIST_FUTURE_POTENTIAL_PRODUCTION_FOREST_SORELL.zip","LIST_FUTURE_POTENTIAL_PRODUCTION_FOREST_SORELL.zip",FALSE,1153433.6,"2025-07-10T08:53:00+1000",1107464,"2025-07-17T04:42:10Z","""166094a-10e608-63a18a1f01da6""",200,"2026-09-09T13:41:08Z"
"https://listdata.thelist.tas.gov.au/opendata/data/LIST_FUTURE_POTENTIAL_PRODUCTION_FOREST_SOUTHERN_MIDLANDS.zip","LIST_FUTURE_POTENTIAL_PRODUCTION_FOREST_SOUTHERN_MIDLANDS.zip","LIST_FUTURE_POTENTIAL_PRODUCTION_FOREST_SOUTHERN_MIDLANDS.zip",FALSE,953344,"2025-07-10T09:24:00+1000",953464,"2025-07-17T04:39:53Z","""166095a-e8c78-63a1899bcfaac""",200,"2026-09-09T13:41:08Z"
"https://listdata.thelist.tas.gov.au/opendata/data/LIST_FUTURE_POTENTIAL_PRODUCTION_FOREST_TASMAN.zip","LIST_FUTURE_POTENTIAL_PRODUCTION_FOREST_TASMAN.zip","LIST_FUTURE_POTENTIAL_PRODUCTION_FOREST_TASMAN.zip",FALSE,3879731.2,"2025-07-10T09:23:00+1000",3841596,"2025-07-17T04:38:11Z","""166094c-3a9e3c-63a1893ac7144""",200,"2026-09-09T13:41:08Z"
"https://listdata.thelist.tas.gov.au/opendata/data/LIST_FUTURE_POTENTIAL_PRODUCTION_FOREST_WARATAH_WYNYARD.zip","LIST_FUTURE_POTENTIAL_PRODUCTION_FOREST_WARATAH_WYNYARD.zip","LIST_FUTURE_POTENTIAL_PRODUCTION_FOREST_WARATAH_WYNYARD.zip",FALSE,2306867.2,"2025-07-10T09:16:00+1000",2333651,"2025-07-17T04:37:19Z","""1660949-239bd3-63a189091db53""",200,"2026-09-09T13:41:08Z"
"https://listdata.thelist.tas.gov.au/opendata/data/LIST_FUTURE_POTENTIAL_PRODUCTION_FOREST_WEST_COAST.zip","LIST_FUTURE_POTENTIAL_PRODUCTION_FOREST_WEST_COAST.zip","LIST_FUTURE_POTENTIAL_PRODUCTION_FOREST_WEST_COAST.zip",FALSE,9646899.2,"2025-07-10T08:54:00+1000",9677580,"2025-07-17T04:41:19Z","""1660955-93ab0c-63a189edacc94""",200,"2026-09-09T13:41:08Z"
"https://listdata.thelist.tas.gov.au/opendata/data/LIST_FUTURE_POTENTIAL_PRODUCTION_FOREST_WEST_TAMAR.zip","LIST_FUTURE_POTENTIAL_PRODUCTION_FOREST_WEST_TAMAR.zip","LIST_FUTURE_POTENTIAL_PRODUCTION_FOREST_WEST_TAMAR.zip",FALSE,1258291.2,"2025-07-10T09:08:00+1000",1285165,"2025-07-17T04:42:59Z","""166095d-139c2d-63a18a4ddbca4""",200,"2026-09-09T13:41:08Z"
"https://listdata.thelist.tas.gov.au/opendata/data/LIST_GROUNDWATER_BOREHOLES_STATEWIDE.zip","LIST_GROUNDWATER_BOREHOLES_STATEWIDE.zip","LIST_GROUNDWATER_BOREHOLES_STATEWIDE.zip",FALSE,2936012.8,"2025-07-10T09:12:00+1000",2936338,"2025-07-17T02:11:44Z","""1660c30-2cce12-63a1687f232cc""",200,"2026-09-09T13:41:08Z"
"https://listdata.thelist.tas.gov.au/opendata/data/LIST_HERITAGE_REGISTER_STATEWIDE.zip","LIST_HERITAGE_REGISTER_STATEWIDE.zip","LIST_HERITAGE_REGISTER_STATEWIDE.zip",FALSE,1153433.6,"2025-07-10T09:17:00+1000",1204273,"2025-07-18T00:07:46Z","""1660c35-126031-63a28ea6b9f41""",200,"2026-09-09T13:41:08Z"
"https://listdata.thelist.tas.gov.au/opendata/data/LIST_HYDAREA_BREAK_O_DAY.zip","LIST_HYDAREA_BREAK_O_DAY.zip","LIST_HYDAREA_BREAK_O_DAY.zip",FALSE,39845888,"2025-07-10T08:58:00+1000",39966541,"2025-07-09T23:23:50Z","""16604b6-261d74d-639875e96575b""",200,"2026-09-09T13:41:08Z"
"https://listdata.thelist.tas.gov.au/opendata/data/LIST_HYDAREA_BRIGHTON.zip","LIST_HYDAREA_BRIGHTON.zip","LIST_HYDAREA_BRIGHTON.zip",FALSE,6186598.4,"2025-07-10T09:03:00+1000",6150884,"2025-07-09T23:24:13Z","""16604b7-5ddae4-639875ff15858""",200,"2026-09-09T13:41:08Z"
"https://listdata.thelist.tas.gov.au/opendata/data/LIST_HYDAREA_BURNIE.zip","LIST_HYDAREA_BURNIE.zip","LIST_HYDAREA_BURNIE.zip",FALSE,15728640,"2025-07-10T08:50:00+1000",15324983,"2025-07-09T22:51:41Z","""16604b8-e9d737-63986eb9fe953""",200,"2026-09-09T13:41:08Z"
"https://listdata.thelist.tas.gov.au/opendata/data/LIST_HYDAREA_CENTRAL_COAST.zip","LIST_HYDAREA_CENTRAL_COAST.zip","LIST_HYDAREA_CENTRAL_COAST.zip",FALSE,22020096,"2025-07-10T08:57:00+1000",21861824,"2025-07-09T23:15:01Z","""16604b9-14d95c0-639873f0f988e""",200,"2026-09-09T13:41:08Z"
"https://listdata.thelist.tas.gov.au/opendata/data/LIST_HYDAREA_CENTRAL_HIGHLANDS.zip","LIST_HYDAREA_CENTRAL_HIGHLANDS.zip","LIST_HYDAREA_CENTRAL_HIGHLANDS.zip",FALSE,126877696,"2025-07-10T09:04:00+1000",126765558,"2025-07-09T23:20:27Z","""16604ba-78e49f6-6398752758a3d""",200,"2026-09-09T13:41:08Z"
"https://listdata.thelist.tas.gov.au/opendata/data/LIST_HYDAREA_CIRCULAR_HEAD.zip","LIST_HYDAREA_CIRCULAR_HEAD.zip","LIST_HYDAREA_CIRCULAR_HEAD.zip",FALSE,133169152,"2025-07-10T09:09:00+1000",133125208,"2025-07-09T22:53:47Z","""16604bb-7ef5458-63986f32367ae""",200,"2026-09-09T13:41:08Z"
"https://listdata.thelist.tas.gov.au/opendata/data/LIST_HYDAREA_CLARENCE.zip","LIST_HYDAREA_CLARENCE.zip","LIST_HYDAREA_CLARENCE.zip",FALSE,24117248,"2025-07-10T09:00:00+1000",24085357,"2025-07-09T23:24:46Z","""16604bc-16f836d-6398761ee2db7""",200,"2026-09-09T13:41:08Z"
"https://listdata.thelist.tas.gov.au/opendata/data/LIST_HYDAREA_DERWENT_VALLEY.zip","LIST_HYDAREA_DERWENT_VALLEY.zip","LIST_HYDAREA_DERWENT_VALLEY.zip",FALSE,29360128,"2025-07-10T09:05:00+1000",29079621,"2025-07-09T23:23:01Z","""16604bd-1bbb845-639875ba28cc2""",200,"2026-09-09T13:41:08Z"
"https://listdata.thelist.tas.gov.au/opendata/data/LIST_HYDAREA_DEVONPORT.zip","LIST_HYDAREA_DEVONPORT.zip","LIST_HYDAREA_DEVONPORT.zip",FALSE,6606028.8,"2025-07-10T09:03:00+1000",6655635,"2025-07-09T23:16:15Z","""16604be-658e93-6398743716cc8""",200,"2026-09-09T13:41:08Z"
"https://listdata.thelist.tas.gov.au/opendata/data/LIST_HYDAREA_DORSET.zip","LIST_HYDAREA_DORSET.zip","LIST_HYDAREA_DORSET.zip",FALSE,55574528,"2025-07-10T09:13:00+1000",55222328,"2025-07-09T22:54:33Z","""16604bf-34aa038-63986f5d94766""",200,"2026-09-09T13:41:08Z"
"https://listdata.thelist.tas.gov.au/opendata/data/LIST_HYDAREA_FLINDERS.zip","LIST_HYDAREA_FLINDERS.zip","LIST_HYDAREA_FLINDERS.zip",FALSE,180355072,"2025-07-10T09:13:00+1000",180651490,"2025-07-09T23:08:31Z","""16604c0-ac485e2-6398727d10f60""",200,"2026-09-09T13:41:08Z"
"https://listdata.thelist.tas.gov.au/opendata/data/LIST_HYDAREA_GEORGE_TOWN.zip","LIST_HYDAREA_GEORGE_TOWN.zip","LIST_HYDAREA_GEORGE_TOWN.zip",FALSE,15728640,"2025-07-10T09:05:00+1000",15786237,"2025-07-09T23:12:14Z","""16604c1-f0e0fd-639873519ffc4""",200,"2026-09-09T13:41:08Z"
"https://listdata.thelist.tas.gov.au/opendata/data/LIST_HYDAREA_GLAMORGAN_SPRING_BAY.zip","LIST_HYDAREA_GLAMORGAN_SPRING_BAY.zip","LIST_HYDAREA_GLAMORGAN_SPRING_BAY.zip",FALSE,77594624,"2025-07-10T08:58:00+1000",77820908,"2025-07-09T23:17:43Z","""16604c2-4a373ec-6398748bb448a""",200,"2026-09-09T13:41:08Z"
"https://listdata.thelist.tas.gov.au/opendata/data/LIST_HYDAREA_GLENORCHY.zip","LIST_HYDAREA_GLENORCHY.zip","LIST_HYDAREA_GLENORCHY.zip",FALSE,3565158.4,"2025-07-10T08:56:00+1000",3523712,"2025-07-09T22:58:00Z","""16604c3-35c480-639870234d0e9""",200,"2026-09-09T13:41:08Z"
"https://listdata.thelist.tas.gov.au/opendata/data/LIST_HYDAREA_HOBART.zip","LIST_HYDAREA_HOBART.zip","LIST_HYDAREA_HOBART.zip",FALSE,1782579.2,"2025-07-10T09:11:00+1000",1788029,"2025-07-09T23:03:58Z","""16604c4-1b487d-63987178b4fa6""",200,"2026-09-09T13:41:08Z"
"https://listdata.thelist.tas.gov.au/opendata/data/LIST_HYDAREA_HUON_VALLEY.zip","LIST_HYDAREA_HUON_VALLEY.zip","LIST_HYDAREA_HUON_VALLEY.zip",FALSE,92274688,"2025-07-10T09:16:00+1000",91880507,"2025-07-09T22:50:28Z","""16604c5-579fc3b-63986e743f19f""",200,"2026-09-09T13:41:08Z"
"https://listdata.thelist.tas.gov.au/opendata/data/LIST_HYDAREA_KENTISH.zip","LIST_HYDAREA_KENTISH.zip","LIST_HYDAREA_KENTISH.zip",FALSE,15728640,"2025-07-10T12:32:00+1000",15886736,"2025-07-09T22:57:42Z","""16604c6-f26990-6398701261e4d""",200,"2026-09-09T13:41:08Z"
"https://listdata.thelist.tas.gov.au/opendata/data/LIST_HYDAREA_KING_ISLAND.zip","LIST_HYDAREA_KING_ISLAND.zip","LIST_HYDAREA_KING_ISLAND.zip",FALSE,87031808,"2025-07-10T12:03:00+1000",86921509,"2025-07-09T23:09:43Z","""16604c7-52e5125-639872c150848""",200,"2026-09-09T13:41:08Z"
"https://listdata.thelist.tas.gov.au/opendata/data/LIST_HYDAREA_KINGBOROUGH.zip","LIST_HYDAREA_KINGBOROUGH.zip","LIST_HYDAREA_KINGBOROUGH.zip",FALSE,44040192,"2025-07-10T12:33:00+1000",44288806,"2025-07-09T23:04:36Z","""16604c8-2a3cb26-6398719ccb6e7""",200,"2026-09-09T13:41:08Z"
"https://listdata.thelist.tas.gov.au/opendata/data/LIST_HYDAREA_LATROBE.zip","LIST_HYDAREA_LATROBE.zip","LIST_HYDAREA_LATROBE.zip",FALSE,15728640,"2025-07-10T12:24:00+1000",15362782,"2025-07-09T23:00:12Z","""16604c9-ea6ade-639870a180e97""",200,"2026-09-09T13:41:08Z"
"https://listdata.thelist.tas.gov.au/opendata/data/LIST_HYDAREA_LAUNCESTON.zip","LIST_HYDAREA_LAUNCESTON.zip","LIST_HYDAREA_LAUNCESTON.zip",FALSE,12582912,"2025-07-10T12:30:00+1000",12188891,"2025-07-09T23:05:06Z","""16604ca-b9fcdb-639871b91372d""",200,"2026-09-09T13:41:08Z"
"https://listdata.thelist.tas.gov.au/opendata/data/LIST_HYDAREA_MEANDER_VALLEY.zip","LIST_HYDAREA_MEANDER_VALLEY.zip","LIST_HYDAREA_MEANDER_VALLEY.zip",FALSE,80740352,"2025-07-10T12:04:00+1000",80454705,"2025-07-09T23:03:42Z","""16604cb-4cba431-6398716920421""",200,"2026-09-09T13:41:08Z"
"https://listdata.thelist.tas.gov.au/opendata/data/LIST_HYDAREA_NORTHERN_MIDLANDS.zip","LIST_HYDAREA_NORTHERN_MIDLANDS.zip","LIST_HYDAREA_NORTHERN_MIDLANDS.zip",FALSE,31457280,"2025-07-10T12:33:00+1000",30981645,"2025-07-09T23:13:10Z","""16604cc-1d8be0d-63987386b77d0""",200,"2026-09-09T13:41:08Z"
"https://listdata.thelist.tas.gov.au/opendata/data/LIST_HYDAREA_SORELL.zip","LIST_HYDAREA_SORELL.zip","LIST_HYDAREA_SORELL.zip",FALSE,15728640,"2025-07-10T12:31:00+1000",15574205,"2025-07-09T23:13:41Z","""16604cd-eda4bd-639873a4ab293""",200,"2026-09-09T13:41:08Z"
"https://listdata.thelist.tas.gov.au/opendata/data/LIST_HYDAREA_SOUTHERN_MIDLANDS.zip","LIST_HYDAREA_SOUTHERN_MIDLANDS.zip","LIST_HYDAREA_SOUTHERN_MIDLANDS.zip",FALSE,32505856,"2025-07-10T12:25:00+1000",32180898,"2025-07-09T23:05:42Z","""16604ce-1eb0aa2-639871dbc7e50""",200,"2026-09-09T13:41:08Z"
"https://listdata.thelist.tas.gov.au/opendata/data/LIST_HYDAREA_TASMAN.zip","LIST_HYDAREA_TASMAN.zip","LIST_HYDAREA_TASMAN.zip",FALSE,37748736,"2025-07-10T12:06:00+1000",37813524,"2025-07-09T22:58:31Z","""16604cf-240fd14-6398704118186""",200,"2026-09-09T13:41:08Z"
"https://listdata.thelist.tas.gov.au/opendata/data/LIST_HYDAREA_WARATAH_WYNYARD.zip","LIST_HYDAREA_WARATAH_WYNYARD.zip","LIST_HYDAREA_WARATAH_WYNYARD.zip",FALSE,30408704,"2025-07-10T12:14:00+1000",30448554,"2025-07-09T22:56:07Z","""16604d0-1d09baa-63986fb7788fc""",200,"2026-09-09T13:41:08Z"
"https://listdata.thelist.tas.gov.au/opendata/data/LIST_HYDAREA_WEST_COAST.zip","LIST_HYDAREA_WEST_COAST.zip","LIST_HYDAREA_WEST_COAST.zip",FALSE,133169152,"2025-07-10T12:22:00+1000",133199041,"2025-07-09T23:11:49Z","""16604d1-7f074c1-63987339940e4""",200,"2026-09-09T13:41:08Z"
"https://listdata.thelist.tas.gov.au/opendata/data/LIST_HYDAREA_WEST_TAMAR.zip","LIST_HYDAREA_WEST_TAMAR.zip","LIST_HYDAREA_WEST_TAMAR.zip",FALSE,17825792,"2025-07-10T12:26:00+1000",17700305,"2025-07-09T23:16:43Z","""16604d2-10e15d1-63987451ef0d5""",200,"2026-09-09T13:41:08Z"
"https://listdata.thelist.tas.gov.au/opendata/data/LIST_HYDLINE_BREAK_O_DAY.zip","LIST_HYDLINE_BREAK_O_DAY.zip","LIST_HYDLINE_BREAK_O_DAY.zip",FALSE,164626432,"2025-07-10T12:08:00+1000",164493454,"2025-07-10T02:32:50Z","""16604d3-9cdf88e-6398a027ebc5f""",200,"2026-09-09T13:41:08Z"
"https://listdata.thelist.tas.gov.au/opendata/data/LIST_HYDLINE_BRIGHTON.zip","LIST_HYDLINE_BRIGHTON.zip","LIST_HYDLINE_BRIGHTON.zip",FALSE,14680064,"2025-07-10T12:11:00+1000",14960295,"2025-07-10T02:33:12Z","""16604d4-e446a7-6398a03d06238""",200,"2026-09-09T13:41:08Z"
"https://listdata.thelist.tas.gov.au/opendata/data/LIST_HYDLINE_BURNIE.zip","LIST_HYDLINE_BURNIE.zip","LIST_HYDLINE_BURNIE.zip",FALSE,63963136,"2025-07-10T12:02:00+1000",63548360,"2025-07-10T02:03:05Z","""16604d5-3c9abc8-63989981b9678""",200,"2026-09-09T13:41:08Z"
"https://listdata.thelist.tas.gov.au/opendata/data/LIST_HYDLINE_CENTRAL_COAST.zip","LIST_HYDLINE_CENTRAL_COAST.zip","LIST_HYDLINE_CENTRAL_COAST.zip",FALSE,75497472,"2025-07-10T12:08:00+1000",75091310,"2025-07-10T02:24:43Z","""16604d6-479cd6e-63989e57f9a4a""",200,"2026-09-09T13:41:08Z"
"https://listdata.thelist.tas.gov.au/opendata/data/LIST_HYDLINE_CENTRAL_HIGHLANDS.zip","LIST_HYDLINE_CENTRAL_HIGHLANDS.zip","LIST_HYDLINE_CENTRAL_HIGHLANDS.zip",FALSE,383778816,"2025-07-10T12:12:00+1000",384114049,"2025-07-10T02:30:30Z","""16604d7-16e51d81-63989fa2f6f70""",200,"2026-09-09T13:41:08Z"
"https://listdata.thelist.tas.gov.au/opendata/data/LIST_HYDLINE_CIRCULAR_HEAD.zip","LIST_HYDLINE_CIRCULAR_HEAD.zip","LIST_HYDLINE_CIRCULAR_HEAD.zip",FALSE,239075328,"2025-07-10T12:15:00+1000",238752605,"2025-07-10T02:04:52Z","""16604d8-e3b135d-639899e828433""",200,"2026-09-09T13:41:08Z"
"https://listdata.thelist.tas.gov.au/opendata/data/LIST_HYDLINE_CLARENCE.zip","LIST_HYDLINE_CLARENCE.zip","LIST_HYDLINE_CLARENCE.zip",FALSE,34603008,"2025-07-10T12:09:00+1000",34876925,"2025-07-10T02:33:40Z","""16604d9-2142dfd-6398a0578337a""",200,"2026-09-09T13:41:08Z"
"https://listdata.thelist.tas.gov.au/opendata/data/LIST_HYDLINE_DERWENT_VALLEY.zip","LIST_HYDLINE_DERWENT_VALLEY.zip","LIST_HYDLINE_DERWENT_VALLEY.zip",FALSE,142606336,"2025-07-10T12:12:00+1000",142590504,"2025-07-10T02:31:39Z","""16604da-87fc228-63989fe3ffe54""",200,"2026-09-09T13:41:08Z"
"https://listdata.thelist.tas.gov.au/opendata/data/LIST_HYDLINE_DEVONPORT.zip","LIST_HYDLINE_DEVONPORT.zip","LIST_HYDLINE_DEVONPORT.zip",FALSE,10485760,"2025-07-10T12:11:00+1000",10439612,"2025-07-10T02:25:04Z","""16604db-9f4bbc-63989e6bea8af""",200,"2026-09-09T13:41:08Z"
"https://listdata.thelist.tas.gov.au/opendata/data/LIST_HYDLINE_DORSET.zip","LIST_HYDLINE_DORSET.zip","LIST_HYDLINE_DORSET.zip",FALSE,165675008,"2025-07-10T12:23:00+1000",165151846,"2025-07-10T02:06:11Z","""16604dc-9d80466-63989a32a6116""",200,"2026-09-09T13:41:08Z"
"https://listdata.thelist.tas.gov.au/opendata/data/LIST_HYDLINE_FLINDERS.zip","LIST_HYDLINE_FLINDERS.zip","LIST_HYDLINE_FLINDERS.zip",FALSE,150994944,"2025-07-10T12:24:00+1000",150619146,"2025-07-10T02:14:59Z","""16604dd-8fa440a-63989c2a6e156""",200,"2026-09-09T13:41:08Z"
"https://listdata.thelist.tas.gov.au/opendata/data/LIST_HYDLINE_GEORGE_TOWN.zip","LIST_HYDLINE_GEORGE_TOWN.zip","LIST_HYDLINE_GEORGE_TOWN.zip",FALSE,31457280,"2025-07-10T12:13:00+1000",31350904,"2025-07-10T02:22:20Z","""16604de-1de6078-63989dcfa9953""",200,"2026-09-09T13:41:08Z"
"https://listdata.thelist.tas.gov.au/opendata/data/LIST_HYDLINE_GLAMORGAN_SPRING_BAY.zip","LIST_HYDLINE_GLAMORGAN_SPRING_BAY.zip","LIST_HYDLINE_GLAMORGAN_SPRING_BAY.zip",FALSE,162529280,"2025-07-10T12:09:00+1000",162593639,"2025-07-10T02:26:52Z","""16604df-9b0fb67-63989ed22a7da""",200,"2026-09-09T13:41:08Z"
"https://listdata.thelist.tas.gov.au/opendata/data/LIST_HYDLINE_GLENORCHY.zip","LIST_HYDLINE_GLENORCHY.zip","LIST_HYDLINE_GLENORCHY.zip",FALSE,5557452.8,"2025-07-10T12:07:00+1000",5579124,"2025-07-10T02:08:33Z","""16604e0-552174-63989abaa5143""",200,"2026-09-09T13:41:08Z"
"https://listdata.thelist.tas.gov.au/opendata/data/LIST_HYDLINE_HOBART.zip","LIST_HYDLINE_HOBART.zip","LIST_HYDLINE_HOBART.zip",FALSE,4404019.2,"2025-07-10T12:21:00+1000",4443439,"2025-07-10T02:11:34Z","""16604e1-43cd2f-63989b67256eb""",200,"2026-09-09T13:41:08Z"
"https://listdata.thelist.tas.gov.au/opendata/data/LIST_HYDLINE_HUON_VALLEY.zip","LIST_HYDLINE_HUON_VALLEY.zip","LIST_HYDLINE_HUON_VALLEY.zip",FALSE,305135616,"2025-07-10T12:25:00+1000",305169433,"2025-07-10T02:02:25Z","""16604e2-12308419-6398995b84e3e""",200,"2026-09-09T13:41:08Z"
"https://listdata.thelist.tas.gov.au/opendata/data/LIST_HYDLINE_KENTISH.zip","LIST_HYDLINE_KENTISH.zip","LIST_HYDLINE_KENTISH.zip",FALSE,58720256,"2025-07-10T12:40:00+1000",58543646,"2025-07-10T02:08:12Z","""16604e3-37d4e1e-63989aa6d45b9""",200,"2026-09-09T13:41:08Z"
"https://listdata.thelist.tas.gov.au/opendata/data/LIST_HYDLINE_KING_ISLAND.zip","LIST_HYDLINE_KING_ISLAND.zip","LIST_HYDLINE_KING_ISLAND.zip",FALSE,84934656,"2025-07-10T12:34:00+1000",85140552,"2025-07-10T02:15:43Z","""16604e4-5132448-63989c546e327""",200,"2026-09-09T13:41:08Z"
"https://listdata.thelist.tas.gov.au/opendata/data/LIST_HYDLINE_KINGBOROUGH.zip","LIST_HYDLINE_KINGBOROUGH.zip","LIST_HYDLINE_KINGBOROUGH.zip",FALSE,60817408,"2025-07-10T12:40:00+1000",61235784,"2025-07-10T02:12:09Z","""16604e5-3a66248-63989b887a33d""",200,"2026-09-09T13:41:08Z"
"https://listdata.thelist.tas.gov.au/opendata/data/LIST_HYDLINE_LATROBE.zip","LIST_HYDLINE_LATROBE.zip","LIST_HYDLINE_LATROBE.zip",FALSE,31457280,"2025-07-10T12:38:00+1000",31978811,"2025-07-10T02:09:40Z","""16604e6-1e7f53b-63989af9f3c61""",200,"2026-09-09T13:41:08Z"
"https://listdata.thelist.tas.gov.au/opendata/data/LIST_HYDLINE_LAUNCESTON.zip","LIST_HYDLINE_LAUNCESTON.zip","LIST_HYDLINE_LAUNCESTON.zip",FALSE,51380224,"2025-07-10T12:39:00+1000",51144677,"2025-07-10T02:12:42Z","""16604e7-30c67e5-63989ba85b720""",200,"2026-09-09T13:41:08Z"
"https://listdata.thelist.tas.gov.au/opendata/data/LIST_HYDLINE_MEANDER_VALLEY.zip","LIST_HYDLINE_MEANDER_VALLEY.zip","LIST_HYDLINE_MEANDER_VALLEY.zip",FALSE,200278016,"2025-07-10T12:34:00+1000",200059834,"2025-07-10T02:11:15Z","""16604e8-becabba-63989b550935e""",200,"2026-09-09T13:41:08Z"
"https://listdata.thelist.tas.gov.au/opendata/data/LIST_HYDLINE_NORTHERN_MIDLANDS.zip","LIST_HYDLINE_NORTHERN_MIDLANDS.zip","LIST_HYDLINE_NORTHERN_MIDLANDS.zip",FALSE,167772160,"2025-07-10T12:40:00+1000",167576122,"2025-07-10T02:23:35Z","""16604e9-9fd023a-63989e16422a2""",200,"2026-09-09T13:41:08Z"
"https://listdata.thelist.tas.gov.au/opendata/data/LIST_HYDLINE_SORELL.zip","LIST_HYDLINE_SORELL.zip","LIST_HYDLINE_SORELL.zip",FALSE,37748736,"2025-07-10T12:39:00+1000",37680190,"2025-07-10T02:24:02Z","""16604ea-23ef43e-63989e30e5abd""",200,"2026-09-09T13:41:08Z"
"https://listdata.thelist.tas.gov.au/opendata/data/LIST_HYDLINE_SOUTHERN_MIDLANDS.zip","LIST_HYDLINE_SOUTHERN_MIDLANDS.zip","LIST_HYDLINE_SOUTHERN_MIDLANDS.zip",FALSE,133169152,"2025-07-10T12:38:00+1000",132736280,"2025-07-10T02:13:46Z","""16604eb-7e96518-63989be545196""",200,"2026-09-09T13:41:08Z"
"https://listdata.thelist.tas.gov.au/opendata/data/LIST_HYDLINE_TASMAN.zip","LIST_HYDLINE_TASMAN.zip","LIST_HYDLINE_TASMAN.zip",FALSE,72351744,"2025-07-10T12:34:00+1000",71843595,"2025-07-10T02:09:13Z","""16604ec-4483f0b-63989ae083dac""",200,"2026-09-09T13:41:08Z"
"https://listdata.thelist.tas.gov.au/opendata/data/LIST_HYDLINE_WARATAH_WYNYARD.zip","LIST_HYDLINE_WARATAH_WYNYARD.zip","LIST_HYDLINE_WARATAH_WYNYARD.zip",FALSE,187695104,"2025-07-10T12:37:00+1000",187435345,"2025-07-10T02:07:37Z","""16604ed-b2c0951-63989a852ffdc""",200,"2026-09-09T13:41:08Z"
"https://listdata.thelist.tas.gov.au/opendata/data/LIST_HYDLINE_WEST_COAST.zip","LIST_HYDLINE_WEST_COAST.zip","LIST_HYDLINE_WEST_COAST.zip",FALSE,596639744,"2025-07-10T12:38:00+1000",596486569,"2025-07-10T02:21:54Z","""16604ee-238da9a9-63989db6095be""",200,"2026-09-09T13:41:08Z"
"https://listdata.thelist.tas.gov.au/opendata/data/LIST_HYDLINE_WEST_TAMAR.zip","LIST_HYDLINE_WEST_TAMAR.zip","LIST_HYDLINE_WEST_TAMAR.zip",FALSE,39845888,"2025-07-10T12:39:00+1000",40345427,"2025-07-10T02:25:33Z","""16604ef-2679f53-63989e87895bb""",200,"2026-09-09T13:41:08Z"
"https://listdata.thelist.tas.gov.au/opendata/data/LIST_HYDPNT_BREAK_O_DAY.zip","LIST_HYDPNT_BREAK_O_DAY.zip","LIST_HYDPNT_BREAK_O_DAY.zip",FALSE,3250585.6,"2025-07-10T12:35:00+1000",3280085,"2025-07-10T02:40:01Z","""16604f0-320cd5-6398a1c2ceb0f""",200,"2026-09-09T13:41:08Z"
"https://listdata.thelist.tas.gov.au/opendata/data/LIST_HYDPNT_BRIGHTON.zip","LIST_HYDPNT_BRIGHTON.zip","LIST_HYDPNT_BRIGHTON.zip",FALSE,1048576,"2025-07-10T12:36:00+1000",1001565,"2025-07-10T02:40:13Z","""16604f1-f485d-6398a1ced3bbf""",200,"2026-09-09T13:41:08Z"
"https://listdata.thelist.tas.gov.au/opendata/data/LIST_HYDPNT_BURNIE.zip","LIST_HYDPNT_BURNIE.zip","LIST_HYDPNT_BURNIE.zip",FALSE,1572864,"2025-07-10T12:33:00+1000",1576202,"2025-07-10T02:34:08Z","""16604f2-180d0a-6398a072220da""",200,"2026-09-09T13:41:08Z"
"https://listdata.thelist.tas.gov.au/opendata/data/LIST_HYDPNT_CENTRAL_COAST.zip","LIST_HYDPNT_CENTRAL_COAST.zip","LIST_HYDPNT_CENTRAL_COAST.zip",FALSE,1887436.8,"2025-07-10T12:35:00+1000",1899126,"2025-07-10T02:38:40Z","""16604f3-1cfa76-6398a175f212b""",200,"2026-09-09T13:41:08Z"
"https://listdata.thelist.tas.gov.au/opendata/data/LIST_HYDPNT_CENTRAL_HIGHLANDS.zip","LIST_HYDPNT_CENTRAL_HIGHLANDS.zip","LIST_HYDPNT_CENTRAL_HIGHLANDS.zip",FALSE,1782579.2,"2025-07-10T12:36:00+1000",1816845,"2025-07-10T02:39:34Z","""16604f4-1bb90d-6398a1a9af8e3""",200,"2026-09-09T13:41:08Z"
"https://listdata.thelist.tas.gov.au/opendata/data/LIST_HYDPNT_CIRCULAR_HEAD.zip","LIST_HYDPNT_CIRCULAR_HEAD.zip","LIST_HYDPNT_CIRCULAR_HEAD.zip",FALSE,10171187.2,"2025-07-10T12:37:00+1000",10149704,"2025-07-10T02:34:23Z","""16604f5-9adf48-6398a080bf991""",200,"2026-09-09T13:41:08Z"
"https://listdata.thelist.tas.gov.au/opendata/data/LIST_HYDPNT_CLARENCE.zip","LIST_HYDPNT_CLARENCE.zip","LIST_HYDPNT_CLARENCE.zip",FALSE,3460300.8,"2025-07-10T12:35:00+1000",3488647,"2025-07-10T02:40:27Z","""16604f6-353b87-6398a1db8f73a""",200,"2026-09-09T13:41:08Z"
"https://listdata.thelist.tas.gov.au/opendata/data/LIST_HYDPNT_DERWENT_VALLEY.zip","LIST_HYDPNT_DERWENT_VALLEY.zip","LIST_HYDPNT_DERWENT_VALLEY.zip",FALSE,1363148.8,"2025-07-10T12:36:00+1000",1398059,"2025-07-10T02:39:47Z","""16604f7-15552b-6398a1b5e80f8""",200,"2026-09-09T13:41:08Z"
"https://listdata.thelist.tas.gov.au/opendata/data/LIST_HYDPNT_DEVONPORT.zip","LIST_HYDPNT_DEVONPORT.zip","LIST_HYDPNT_DEVONPORT.zip",FALSE,1048576,"2025-07-10T12:35:00+1000",1075202,"2025-07-10T02:38:53Z","""16604f8-106802-6398a1824e321""",200,"2026-09-09T13:41:08Z"
"https://listdata.thelist.tas.gov.au/opendata/data/LIST_HYDPNT_DORSET.zip","LIST_HYDPNT_DORSET.zip","LIST_HYDPNT_DORSET.zip",FALSE,2831155.2,"2025-07-10T12:38:00+1000",2782780,"2025-07-10T02:34:36Z","""16604f9-2a763c-6398a08cfc418""",200,"2026-09-09T13:41:08Z"
"https://listdata.thelist.tas.gov.au/opendata/data/LIST_HYDPNT_FLINDERS.zip","LIST_HYDPNT_FLINDERS.zip","LIST_HYDPNT_FLINDERS.zip",FALSE,36700160,"2025-07-10T12:38:00+1000",37061455,"2025-07-10T02:37:19Z","""16604fa-235834f-6398a128a7c87""",200,"2026-09-09T13:41:08Z"
"https://listdata.thelist.tas.gov.au/opendata/data/LIST_HYDPNT_GEORGE_TOWN.zip","LIST_HYDPNT_GEORGE_TOWN.zip","LIST_HYDPNT_GEORGE_TOWN.zip",FALSE,1887436.8,"2025-07-10T12:36:00+1000",1903250,"2025-07-10T02:38:02Z","""16604fb-1d0a92-6398a15194242""",200,"2026-09-09T13:41:08Z"
"https://listdata.thelist.tas.gov.au/opendata/data/LIST_HYDPNT_GLAMORGAN_SPRING_BAY.zip","LIST_HYDPNT_GLAMORGAN_SPRING_BAY.zip","LIST_HYDPNT_GLAMORGAN_SPRING_BAY.zip",FALSE,8283750.4,"2021-01-12T15:36:00+1100",8289595,"2025-07-10T02:39:21Z","""16604fc-7e7d3b-6398a19d2db9d""",200,"2026-09-09T13:41:08Z"
"https://listdata.thelist.tas.gov.au/opendata/data/LIST_HYDPNT_GLENORCHY.zip","LIST_HYDPNT_GLENORCHY.zip","LIST_HYDPNT_GLENORCHY.zip",FALSE,1048576,"2025-07-10T12:35:00+1000",1017804,"2025-07-10T02:35:17Z","""16604fd-f87cc-6398a0b421dd3""",200,"2026-09-09T13:41:08Z"
"https://listdata.thelist.tas.gov.au/opendata/data/LIST_HYDPNT_HOBART.zip","LIST_HYDPNT_HOBART.zip","LIST_HYDPNT_HOBART.zip",FALSE,950272,"2025-07-10T12:34:00+1000",950118,"2025-07-10T02:36:10Z","""16604fe-e7f66-6398a0e6fade5""",200,"2026-09-09T13:41:08Z"
"https://listdata.thelist.tas.gov.au/opendata/data/LIST_HYDPNT_HUON_VALLEY.zip","LIST_HYDPNT_HUON_VALLEY.zip","LIST_HYDPNT_HUON_VALLEY.zip",FALSE,7549747.2,"2025-07-10T12:37:00+1000",7521617,"2025-07-10T02:33:55Z","""16604ff-72c551-6398a065b2d3b""",200,"2026-09-09T13:41:08Z"
"https://listdata.thelist.tas.gov.au/opendata/data/LIST_HYDPNT_KENTISH.zip","LIST_HYDPNT_KENTISH.zip","LIST_HYDPNT_KENTISH.zip",FALSE,1153433.6,"2025-07-10T12:39:00+1000",1145836,"2025-07-10T02:35:03Z","""1660500-117bec-6398a0a6df5dd""",200,"2026-09-09T13:41:08Z"
"https://listdata.thelist.tas.gov.au/opendata/data/LIST_HYDPNT_KING_ISLAND.zip","LIST_HYDPNT_KING_ISLAND.zip","LIST_HYDPNT_KING_ISLAND.zip",FALSE,5557452.8,"2026-06-10T16:22:00+1000",5514773,"2025-07-10T02:37:33Z","""1660501-542615-6398a13653ebb""",200,"2026-09-09T13:41:08Z"
"https://listdata.thelist.tas.gov.au/opendata/data/LIST_HYDPNT_KINGBOROUGH.zip","LIST_HYDPNT_KINGBOROUGH.zip","LIST_HYDPNT_KINGBOROUGH.zip",FALSE,5767168,"2019-01-18T11:43:00+1100",5790257,"2025-07-10T02:36:25Z","""1660502-585a31-6398a0f52040c""",200,"2026-09-09T13:41:08Z"
"https://listdata.thelist.tas.gov.au/opendata/data/LIST_HYDPNT_LATROBE.zip","LIST_HYDPNT_LATROBE.zip","LIST_HYDPNT_LATROBE.zip",FALSE,1258291.2,"2026-06-10T16:22:00+1000",1237683,"2025-07-10T02:35:44Z","""1660503-12e2b3-6398a0ce4c380""",200,"2026-09-09T13:41:08Z"
"https://listdata.thelist.tas.gov.au/opendata/data/LIST_HYDPNT_LAUNCESTON.zip","LIST_HYDPNT_LAUNCESTON.zip","LIST_HYDPNT_LAUNCESTON.zip",FALSE,1048576,"2026-06-10T16:22:00+1000",997858,"2025-07-10T02:36:37Z","""1660504-f39e2-6398a100970ca""",200,"2026-09-09T13:41:08Z"
"https://listdata.thelist.tas.gov.au/opendata/data/LIST_HYDPNT_MEANDER_VALLEY.zip","LIST_HYDPNT_MEANDER_VALLEY.zip","LIST_HYDPNT_MEANDER_VALLEY.zip",FALSE,1677721.6,"2026-06-10T16:22:00+1000",1725605,"2025-07-10T02:35:57Z","""1660505-1a54a5-6398a0da82dbc""",200,"2026-09-09T13:41:08Z"
"https://listdata.thelist.tas.gov.au/opendata/data/LIST_HYDPNT_NORTHERN_MIDLANDS.zip","LIST_HYDPNT_NORTHERN_MIDLANDS.zip","LIST_HYDPNT_NORTHERN_MIDLANDS.zip",FALSE,1258291.2,"2026-06-10T16:22:00+1000",1214265,"2025-07-10T02:38:15Z","""1660506-128739-6398a15d84471""",200,"2026-09-09T13:41:08Z"
"https://listdata.thelist.tas.gov.au/opendata/data/LIST_HYDPNT_SORELL.zip","LIST_HYDPNT_SORELL.zip","LIST_HYDPNT_SORELL.zip",FALSE,1468006.4,"2026-06-10T16:22:00+1000",1417745,"2025-07-10T02:38:27Z","""1660507-15a211-6398a1698ffe2""",200,"2026-09-09T13:41:08Z"
"https://listdata.thelist.tas.gov.au/opendata/data/LIST_HYDPNT_SOUTHERN_MIDLANDS.zip","LIST_HYDPNT_SOUTHERN_MIDLANDS.zip","LIST_HYDPNT_SOUTHERN_MIDLANDS.zip",FALSE,1258291.2,"2026-06-10T16:23:00+1000",1240232,"2025-07-10T02:36:50Z","""1660508-12eca8-6398a10cc755a""",200,"2026-09-09T13:41:08Z"
"https://listdata.thelist.tas.gov.au/opendata/data/LIST_HYDPNT_STATEWIDE.zip","LIST_HYDPNT_STATEWIDE.zip","LIST_HYDPNT_STATEWIDE.zip",FALSE,10485760,"2018-07-05T22:05:00+1000",10659214,"2021-01-12T04:36:30Z","""1660bf3-a2a58e-5b8ac910bf0b0""",200,"2026-09-09T13:41:08Z"
"https://listdata.thelist.tas.gov.au/opendata/data/LIST_HYDPNT_TASMAN.zip","LIST_HYDPNT_TASMAN.zip","LIST_HYDPNT_TASMAN.zip",FALSE,5452595.2,"2025-07-18T09:23:00+1000",5445686,"2025-07-10T02:35:32Z","""1660509-531836-6398a0c224a36""",200,"2026-09-09T13:41:08Z"
"https://listdata.thelist.tas.gov.au/opendata/data/LIST_HYDPNT_WARATAH_WYNYARD.zip","LIST_HYDPNT_WARATAH_WYNYARD.zip","LIST_HYDPNT_WARATAH_WYNYARD.zip",FALSE,1887436.8,"2019-09-24T02:12:00+1000",1842698,"2025-07-10T02:34:50Z","""166050a-1c1e0a-6398a09a03cf1""",200,"2026-09-09T13:41:08Z"
"https://listdata.thelist.tas.gov.au/opendata/data/LIST_HYDPNT_WEST_COAST.zip","LIST_HYDPNT_WEST_COAST.zip","LIST_HYDPNT_WEST_COAST.zip",FALSE,11534336,"2019-09-24T02:04:00+1000",11109158,"2025-07-10T02:37:49Z","""166050b-a98326-6398a145250af""",200,"2026-09-09T13:41:08Z"
"https://listdata.thelist.tas.gov.au/opendata/data/LIST_HYDPNT_WEST_TAMAR.zip","LIST_HYDPNT_WEST_TAMAR.zip","LIST_HYDPNT_WEST_TAMAR.zip",FALSE,1468006.4,"2019-09-24T02:17:00+1000",1459459,"2025-07-10T02:39:06Z","""166050c-164503-6398a18ee3899""",200,"2026-09-09T13:41:08Z"
"https://listdata.thelist.tas.gov.au/opendata/data/LIST_INLAND_ACID_SULFATE_SOILS_STATEWIDE.zip","LIST_INLAND_ACID_SULFATE_SOILS_STATEWIDE.zip","LIST_INLAND_ACID_SULFATE_SOILS_STATEWIDE.zip",FALSE,54525952,"2019-09-24T02:18:00+1000",54654727,"2019-01-18T00:43:46Z","""16607e3-341f707-57fb0cdba9713""",200,"2026-09-09T13:41:08Z"
"https://listdata.thelist.tas.gov.au/opendata/data/LIST_IRRIGATION_TASMANIA_DAMS_STATEWIDE.zip","LIST_IRRIGATION_TASMANIA_DAMS_STATEWIDE.zip","LIST_IRRIGATION_TASMANIA_DAMS_STATEWIDE.zip",FALSE,1153433.6,"2019-09-24T02:29:00+1000",1137755,"2026-06-10T06:22:01Z","""16607d8-115c5b-653e042ef2d30""",200,"2026-09-09T13:41:08Z"
"https://listdata.thelist.tas.gov.au/opendata/data/LIST_IRRIGATION_TASMANIA_HYDROPOWER_STATEWIDE.zip","LIST_IRRIGATION_TASMANIA_HYDROPOWER_STATEWIDE.zip","LIST_IRRIGATION_TASMANIA_HYDROPOWER_STATEWIDE.zip",FALSE,37888,"2019-09-24T02:19:00+1000",38126,"2026-06-10T06:22:11Z","""16607da-94ee-653e0438ebc6a""",200,"2026-09-09T13:41:08Z"
"https://listdata.thelist.tas.gov.au/opendata/data/LIST_IRRIGATION_TASMANIA_IRRIGATION_DISTRICTS_STATEWIDE.zip","LIST_IRRIGATION_TASMANIA_IRRIGATION_DISTRICTS_STATEWIDE.zip","LIST_IRRIGATION_TASMANIA_IRRIGATION_DISTRICTS_STATEWIDE.zip",FALSE,1572864,"2019-09-24T02:13:00+1000",1532639,"2026-06-10T06:22:22Z","""16607db-1762df-653e0443da6fd""",200,"2026-09-09T13:41:08Z"
"https://listdata.thelist.tas.gov.au/opendata/data/LIST_IRRIGATION_TASMANIA_PIPELINE_STATEWIDE.zip","LIST_IRRIGATION_TASMANIA_PIPELINE_STATEWIDE.zip","LIST_IRRIGATION_TASMANIA_PIPELINE_STATEWIDE.zip",FALSE,3040870.4,"2019-09-24T02:07:00+1000",3083110,"2026-06-10T06:22:35Z","""16607dc-2f0b66-653e044f9716b""",200,"2026-09-09T13:41:08Z"
"https://listdata.thelist.tas.gov.au/opendata/data/LIST_IRRIGATION_TASMANIA_PUMPSTATION_STATEWIDE.zip","LIST_IRRIGATION_TASMANIA_PUMPSTATION_STATEWIDE.zip","LIST_IRRIGATION_TASMANIA_PUMPSTATION_STATEWIDE.zip",FALSE,49152,"2019-09-24T02:19:00+1000",49622,"2026-06-10T06:22:47Z","""16607dd-c1d6-653e045af3f6c""",200,"2026-09-09T13:41:08Z"
"https://listdata.thelist.tas.gov.au/opendata/data/LIST_IRRIGATION_TASMANIA_TRADE_ZONE_STATEWIDE.zip","LIST_IRRIGATION_TASMANIA_TRADE_ZONE_STATEWIDE.zip","LIST_IRRIGATION_TASMANIA_TRADE_ZONE_STATEWIDE.zip",FALSE,1782579.2,"2019-09-24T02:20:00+1000",1776823,"2026-06-10T06:22:58Z","""166090d-1b1cb7-653e04657bd30""",200,"2026-09-09T13:41:08Z"
"https://listdata.thelist.tas.gov.au/opendata/data/LIST_IRRIGATION_TASMANIA_TRANSMISSION_LINE_STATEWIDE.zip","LIST_IRRIGATION_TASMANIA_TRANSMISSION_LINE_STATEWIDE.zip","LIST_IRRIGATION_TASMANIA_TRANSMISSION_LINE_STATEWIDE.zip",FALSE,65536,"2019-09-24T02:21:00+1000",65507,"2026-06-10T06:23:09Z","""166096f-ffe3-653e04704f17d""",200,"2026-09-09T13:41:08Z"
"https://listdata.thelist.tas.gov.au/opendata/data/LIST_LAND%20CAPABILITY_MODELLED_STATEWIDE.zip","LIST_LAND CAPABILITY_MODELLED_STATEWIDE.zip","LIST_LAND CAPABILITY_MODELLED_STATEWIDE.zip",FALSE,52428800,"2019-09-24T02:31:00+1000",52378352,"2018-07-05T12:05:21Z","""1660706-31f3af0-5703f5c93b706""",200,"2026-09-09T13:41:08Z"
"https://listdata.thelist.tas.gov.au/opendata/data/LIST_LAND%20CAPABILITY_STATEWIDE.zip","LIST_LAND CAPABILITY_STATEWIDE.zip","LIST_LAND CAPABILITY_STATEWIDE.zip",FALSE,41943040,"2019-09-24T02:16:00+1000",41780360,"2025-07-17T23:23:13Z","""16607d7-27d8488-63a284b1dd6d7""",200,"2026-09-09T13:41:08Z"
"https://listdata.thelist.tas.gov.au/opendata/data/LIST_LAND_DISTRICTS_STATEWIDE.zip","LIST_LAND_DISTRICTS_STATEWIDE.zip","LIST_LAND_DISTRICTS_STATEWIDE.zip",FALSE,2621440,"2021-01-15T11:12:00+1100",2576416,"2025-07-17T03:11:53Z","""1660664-275020-63a175f067e7c""",200,"2026-09-09T13:41:08Z"
"https://listdata.thelist.tas.gov.au/opendata/data/LIST_LAND_TENURE_STATEWIDE.zip","LIST_LAND_TENURE_STATEWIDE.zip","LIST_LAND_TENURE_STATEWIDE.zip",FALSE,155189248,"2021-01-15T11:46:00+1100",155327973,"2025-07-09T23:27:11Z","""16605bd-9421de5-639876a8fb936""",200,"2026-09-09T13:41:08Z"
"https://listdata.thelist.tas.gov.au/opendata/data/LIST_LAND_USE_2002_BRS_STATEWIDE.zip","LIST_LAND_USE_2002_BRS_STATEWIDE.zip","LIST_LAND_USE_2002_BRS_STATEWIDE.zip",FALSE,105906176,"2021-01-15T11:24:00+1100",106125118,"2021-01-15T00:02:06Z","""1660703-653573e-5b8e5153abaae""",200,"2026-09-09T13:41:08Z"
"https://listdata.thelist.tas.gov.au/opendata/data/LIST_LAND_USE_2009_2010_BRS_BREAK_O_DAY.zip","LIST_LAND_USE_2009_2010_BRS_BREAK_O_DAY.zip","LIST_LAND_USE_2009_2010_BRS_BREAK_O_DAY.zip",FALSE,91226112,"2021-01-15T11:49:00+1100",90873749,"2021-01-15T00:33:16Z","""1660717-56a9f95-5b8e584abad9c""",200,"2026-09-09T13:41:08Z"
"https://listdata.thelist.tas.gov.au/opendata/data/LIST_LAND_USE_2009_2010_BRS_BRIGHTON.zip","LIST_LAND_USE_2009_2010_BRS_BRIGHTON.zip","LIST_LAND_USE_2009_2010_BRS_BRIGHTON.zip",FALSE,4718592,"2021-01-15T11:44:00+1100",4750672,"2021-01-15T00:03:14Z","""166071a-487d50-5b8e5194bd205""",200,"2026-09-09T13:41:08Z"
"https://listdata.thelist.tas.gov.au/opendata/data/LIST_LAND_USE_2009_2010_BRS_BURNIE.zip","LIST_LAND_USE_2009_2010_BRS_BURNIE.zip","LIST_LAND_USE_2009_2010_BRS_BURNIE.zip",FALSE,31457280,"2021-01-15T11:51:00+1100",31619595,"2021-01-15T00:07:56Z","""1660726-1e27a0b-5b8e52a19b5b7""",200,"2026-09-09T13:41:08Z"
"https://listdata.thelist.tas.gov.au/opendata/data/LIST_LAND_USE_2009_2010_BRS_CENTRAL_COAST.zip","LIST_LAND_USE_2009_2010_BRS_CENTRAL_COAST.zip","LIST_LAND_USE_2009_2010_BRS_CENTRAL_COAST.zip",FALSE,28311552,"2021-01-15T11:17:00+1100",28070702,"2021-01-15T00:09:20Z","""1660719-1ac532e-5b8e52f1ced12""",200,"2026-09-09T13:41:08Z"
"https://listdata.thelist.tas.gov.au/opendata/data/LIST_LAND_USE_2009_2010_BRS_CENTRAL_HIGHLANDS.zip","LIST_LAND_USE_2009_2010_BRS_CENTRAL_HIGHLANDS.zip","LIST_LAND_USE_2009_2010_BRS_CENTRAL_HIGHLANDS.zip",FALSE,106954752,"2021-01-15T11:47:00+1100",107192179,"2021-01-15T00:30:19Z","""166071b-6639f73-5b8e57a1afb8f""",200,"2026-09-09T13:41:08Z"
"https://listdata.thelist.tas.gov.au/opendata/data/LIST_LAND_USE_2009_2010_BRS_CIRCULAR_HEAD.zip","LIST_LAND_USE_2009_2010_BRS_CIRCULAR_HEAD.zip","LIST_LAND_USE_2009_2010_BRS_CIRCULAR_HEAD.zip",FALSE,75497472,"2021-01-15T11:14:00+1100",75688949,"2021-01-15T00:11:27Z","""1660728-482ebf5-5b8e536a6acba""",200,"2026-09-09T13:41:08Z"
"https://listdata.thelist.tas.gov.au/opendata/data/LIST_LAND_USE_2009_2010_BRS_CLARENCE.zip","LIST_LAND_USE_2009_2010_BRS_CLARENCE.zip","LIST_LAND_USE_2009_2010_BRS_CLARENCE.zip",FALSE,12582912,"2021-01-15T11:22:00+1100",12295120,"2021-01-15T00:34:42Z","""166072e-bb9bd0-5b8e589c916a1""",200,"2026-09-09T13:41:08Z"
"https://listdata.thelist.tas.gov.au/opendata/data/LIST_LAND_USE_2009_2010_BRS_DERWENT_VALLEY.zip","LIST_LAND_USE_2009_2010_BRS_DERWENT_VALLEY.zip","LIST_LAND_USE_2009_2010_BRS_DERWENT_VALLEY.zip",FALSE,36700160,"2021-01-15T13:27:00+1100",36879335,"2021-01-15T00:20:05Z","""166071c-232bbe7-5b8e55585fcb1""",200,"2026-09-09T13:41:08Z"
"https://listdata.thelist.tas.gov.au/opendata/data/LIST_LAND_USE_2009_2010_BRS_DEVONPORT.zip","LIST_LAND_USE_2009_2010_BRS_DEVONPORT.zip","LIST_LAND_USE_2009_2010_BRS_DEVONPORT.zip",FALSE,5767168,"2021-01-15T11:55:00+1100",5732964,"2021-01-15T00:21:15Z","""1660721-577a64-5b8e559ad03cd""",200,"2026-09-09T13:41:08Z"
"https://listdata.thelist.tas.gov.au/opendata/data/LIST_LAND_USE_2009_2010_BRS_DORSET.zip","LIST_LAND_USE_2009_2010_BRS_DORSET.zip","LIST_LAND_USE_2009_2010_BRS_DORSET.zip",FALSE,103809024,"2021-01-15T11:43:00+1100",104062804,"2021-01-15T00:37:55Z","""1660729-633df54-5b8e595493f92""",200,"2026-09-09T13:41:08Z"
"https://listdata.thelist.tas.gov.au/opendata/data/LIST_LAND_USE_2009_2010_BRS_FLINDERS.zip","LIST_LAND_USE_2009_2010_BRS_FLINDERS.zip","LIST_LAND_USE_2009_2010_BRS_FLINDERS.zip",FALSE,27262976,"2021-01-15T11:39:00+1100",27076813,"2021-01-15T00:12:48Z","""1660713-19d28cd-5b8e53b8081c3""",200,"2026-09-09T13:41:08Z"
"https://listdata.thelist.tas.gov.au/opendata/data/LIST_LAND_USE_2009_2010_BRS_GEORGE_TOWN.zip","LIST_LAND_USE_2009_2010_BRS_GEORGE_TOWN.zip","LIST_LAND_USE_2009_2010_BRS_GEORGE_TOWN.zip",FALSE,24117248,"2021-01-15T11:27:00+1100",24095270,"2021-01-15T00:46:25Z","""166072a-16faa26-5b8e5b3aec1e6""",200,"2026-09-09T13:41:08Z"
"https://listdata.thelist.tas.gov.au/opendata/data/LIST_LAND_USE_2009_2010_BRS_GLAMORGAN_SPRING_BAY.zip","LIST_LAND_USE_2009_2010_BRS_GLAMORGAN_SPRING_BAY.zip","LIST_LAND_USE_2009_2010_BRS_GLAMORGAN_SPRING_BAY.zip",FALSE,42991616,"2021-01-15T13:42:00+1100",43199527,"2021-01-15T00:24:35Z","""1660725-2932c27-5b8e565a23c62""",200,"2026-09-09T13:41:08Z"
"https://listdata.thelist.tas.gov.au/opendata/data/LIST_LAND_USE_2009_2010_BRS_GLENORCHY.zip","LIST_LAND_USE_2009_2010_BRS_GLENORCHY.zip","LIST_LAND_USE_2009_2010_BRS_GLENORCHY.zip",FALSE,5452595.2,"2021-01-15T11:06:00+1100",5457062,"2021-01-15T00:49:16Z","""1660716-5344a6-5b8e5bde4ada6""",200,"2026-09-09T13:41:08Z"
"https://listdata.thelist.tas.gov.au/opendata/data/LIST_LAND_USE_2009_2010_BRS_HOBART.zip","LIST_LAND_USE_2009_2010_BRS_HOBART.zip","LIST_LAND_USE_2009_2010_BRS_HOBART.zip",FALSE,5557452.8,"2021-01-15T11:05:00+1100",5574412,"2021-01-15T00:44:49Z","""1660718-550f0c-5b8e5adfcebb1""",200,"2026-09-09T13:41:08Z"
"https://listdata.thelist.tas.gov.au/opendata/data/LIST_LAND_USE_2009_2010_BRS_HUON_VALLEY.zip","LIST_LAND_USE_2009_2010_BRS_HUON_VALLEY.zip","LIST_LAND_USE_2009_2010_BRS_HUON_VALLEY.zip",FALSE,73400320,"2021-01-15T11:15:00+1100",73659158,"2021-01-15T00:51:36Z","""166072b-463f316-5b8e5c63d7aec""",200,"2026-09-09T13:41:08Z"
"https://listdata.thelist.tas.gov.au/opendata/data/LIST_LAND_USE_2009_2010_BRS_KENTISH.zip","LIST_LAND_USE_2009_2010_BRS_KENTISH.zip","LIST_LAND_USE_2009_2010_BRS_KENTISH.zip",FALSE,36700160,"2021-01-15T13:29:00+1100",36607719,"2021-01-15T00:17:50Z","""166071d-22e96e7-5b8e54d73a80b""",200,"2026-09-09T13:41:08Z"
"https://listdata.thelist.tas.gov.au/opendata/data/LIST_LAND_USE_2009_2010_BRS_KING_ISLAND.zip","LIST_LAND_USE_2009_2010_BRS_KING_ISLAND.zip","LIST_LAND_USE_2009_2010_BRS_KING_ISLAND.zip",FALSE,27262976,"2019-09-23T12:25:00+1000",26850997,"2021-01-15T00:14:12Z","""1660714-199b6b5-5b8e54076a9e9""",200,"2026-09-09T13:41:08Z"
"https://listdata.thelist.tas.gov.au/opendata/data/LIST_LAND_USE_2009_2010_BRS_KINGBOROUGH.zip","LIST_LAND_USE_2009_2010_BRS_KINGBOROUGH.zip","LIST_LAND_USE_2009_2010_BRS_KINGBOROUGH.zip",FALSE,22020096,"2019-09-23T12:40:00+1000",22333543,"2021-01-15T00:47:58Z","""166072c-154c867-5b8e5b943b081""",200,"2026-09-09T13:41:08Z"
"https://listdata.thelist.tas.gov.au/opendata/data/LIST_LAND_USE_2009_2010_BRS_LATROBE.zip","LIST_LAND_USE_2009_2010_BRS_LATROBE.zip","LIST_LAND_USE_2009_2010_BRS_LATROBE.zip",FALSE,19922944,"2019-09-23T12:52:00+1000",19426025,"2021-01-15T00:22:36Z","""1660720-1286ae9-5b8e55e8e7228""",200,"2026-09-09T13:41:08Z"
"https://listdata.thelist.tas.gov.au/opendata/data/LIST_LAND_USE_2009_2010_BRS_LAUNCESTON.zip","LIST_LAND_USE_2009_2010_BRS_LAUNCESTON.zip","LIST_LAND_USE_2009_2010_BRS_LAUNCESTON.zip",FALSE,68157440,"2019-09-23T12:54:00+1000",68317930,"2021-01-15T02:27:29Z","""166072f-41272ea-5b8e71d2aae72""",200,"2026-09-09T13:41:08Z"
"https://listdata.thelist.tas.gov.au/opendata/data/LIST_LAND_USE_2009_2010_BRS_MEANDER_VALLEY.zip","LIST_LAND_USE_2009_2010_BRS_MEANDER_VALLEY.zip","LIST_LAND_USE_2009_2010_BRS_MEANDER_VALLEY.zip",FALSE,72351744,"2019-09-23T13:33:00+1000",72782774,"2021-01-15T00:55:16Z","""1660722-45693b6-5b8e5d35a4eb0""",200,"2026-09-09T13:41:08Z"
"https://listdata.thelist.tas.gov.au/opendata/data/LIST_LAND_USE_2009_2010_BRS_NORTHERN_MIDLANDS.zip","LIST_LAND_USE_2009_2010_BRS_NORTHERN_MIDLANDS.zip","LIST_LAND_USE_2009_2010_BRS_NORTHERN_MIDLANDS.zip",FALSE,102760448,"2019-09-23T13:02:00+1000",102763035,"2021-01-15T00:43:27Z","""1660723-6200a1b-5b8e5a91e91e9""",200,"2026-09-09T13:41:08Z"
"https://listdata.thelist.tas.gov.au/opendata/data/LIST_LAND_USE_2009_2010_BRS_SORELL.zip","LIST_LAND_USE_2009_2010_BRS_SORELL.zip","LIST_LAND_USE_2009_2010_BRS_SORELL.zip",FALSE,17825792,"2019-09-23T12:43:00+1000",17544064,"2021-01-15T00:39:27Z","""166072d-10bb380-5b8e59acd5fe4""",200,"2026-09-09T13:41:08Z"
"https://listdata.thelist.tas.gov.au/opendata/data/LIST_LAND_USE_2009_2010_BRS_SOUTHERN_MIDLANDS.zip","LIST_LAND_USE_2009_2010_BRS_SOUTHERN_MIDLANDS.zip","LIST_LAND_USE_2009_2010_BRS_SOUTHERN_MIDLANDS.zip",FALSE,56623104,"2019-09-23T12:29:00+1000",56133903,"2021-01-15T00:27:03Z","""1660724-358890f-5b8e56e71d54d""",200,"2026-09-09T13:41:08Z"
"https://listdata.thelist.tas.gov.au/opendata/data/LIST_LAND_USE_2009_2010_BRS_STATEWIDE.zip","LIST_LAND_USE_2009_2010_BRS_STATEWIDE.zip","LIST_LAND_USE_2009_2010_BRS_STATEWIDE.zip",FALSE,689963008,"2019-09-23T12:56:00+1000",689714274,"2021-01-15T02:42:24Z","""1660704-291c3462-5b8e7527727c3""",200,"2026-09-09T13:41:08Z"
"https://listdata.thelist.tas.gov.au/opendata/data/LIST_LAND_USE_2009_2010_BRS_TASMAN.zip","LIST_LAND_USE_2009_2010_BRS_TASMAN.zip","LIST_LAND_USE_2009_2010_BRS_TASMAN.zip",FALSE,22020096,"2019-09-23T13:07:00+1000",22390523,"2021-01-15T00:06:35Z","""1660715-155a6fb-5b8e5253a54dc""",200,"2026-09-09T13:41:08Z"
"https://listdata.thelist.tas.gov.au/opendata/data/LIST_LAND_USE_2009_2010_BRS_WARATAH_WYNYARD.zip","LIST_LAND_USE_2009_2010_BRS_WARATAH_WYNYARD.zip","LIST_LAND_USE_2009_2010_BRS_WARATAH_WYNYARD.zip",FALSE,61865984,"2019-09-23T13:09:00+1000",61418318,"2021-01-15T00:05:21Z","""1660727-3a92b4e-5b8e520d3746e""",200,"2026-09-09T13:41:08Z"
"https://listdata.thelist.tas.gov.au/opendata/data/LIST_LAND_USE_2009_2010_BRS_WEST_COAST.zip","LIST_LAND_USE_2009_2010_BRS_WEST_COAST.zip","LIST_LAND_USE_2009_2010_BRS_WEST_COAST.zip",FALSE,41943040,"2019-09-23T13:39:00+1000",42119590,"2021-01-15T00:15:56Z","""166071e-282b1a6-5b8e546ad0571""",200,"2026-09-09T13:41:08Z"
"https://listdata.thelist.tas.gov.au/opendata/data/LIST_LAND_USE_2009_2010_BRS_WEST_TAMAR.zip","LIST_LAND_USE_2009_2010_BRS_WEST_TAMAR.zip","LIST_LAND_USE_2009_2010_BRS_WEST_TAMAR.zip",FALSE,13631488,"2019-09-23T12:50:00+1000",13844480,"2021-01-15T02:29:48Z","""166071f-d34000-5b8e7256eac89""",200,"2026-09-09T13:41:08Z"
"https://listdata.thelist.tas.gov.au/opendata/data/LIST_LAND_USE_2013_BRS_BREAK_O_DAY.zip","LIST_LAND_USE_2013_BRS_BREAK_O_DAY.zip","LIST_LAND_USE_2013_BRS_BREAK_O_DAY.zip",FALSE,147849216,"2019-09-23T13:23:00+1000",147738709,"2019-09-23T02:40:54Z","""1660734-8ce5055-5932f5948ff9e""",200,"2026-09-09T13:41:08Z"
"https://listdata.thelist.tas.gov.au/opendata/data/LIST_LAND_USE_2013_BRS_BRIGHTON.zip","LIST_LAND_USE_2013_BRS_BRIGHTON.zip","LIST_LAND_USE_2013_BRS_BRIGHTON.zip",FALSE,10380902.4,"2019-09-23T13:43:00+1000",10374081,"2019-09-23T02:25:17Z","""1660737-9e4bc1-5932f216e7c20""",200,"2026-09-09T13:41:08Z"
"https://listdata.thelist.tas.gov.au/opendata/data/LIST_LAND_USE_2013_BRS_BURNIE.zip","LIST_LAND_USE_2013_BRS_BURNIE.zip","LIST_LAND_USE_2013_BRS_BURNIE.zip",FALSE,71303168,"2019-09-23T13:52:00+1000",71163952,"2019-09-23T02:52:10Z","""1660743-43de030-5932f819857e9""",200,"2026-09-09T13:41:08Z"
"https://listdata.thelist.tas.gov.au/opendata/data/LIST_LAND_USE_2013_BRS_CENTRAL_COAST.zip","LIST_LAND_USE_2013_BRS_CENTRAL_COAST.zip","LIST_LAND_USE_2013_BRS_CENTRAL_COAST.zip",FALSE,57671680,"2019-09-23T13:18:00+1000",57522444,"2019-09-23T02:54:50Z","""1660736-36db90c-5932f8b1be931""",200,"2026-09-09T13:41:08Z"
"https://listdata.thelist.tas.gov.au/opendata/data/LIST_LAND_USE_2013_BRS_CENTRAL_HIGHLANDS.zip","LIST_LAND_USE_2013_BRS_CENTRAL_HIGHLANDS.zip","LIST_LAND_USE_2013_BRS_CENTRAL_HIGHLANDS.zip",FALSE,181403648,"2019-09-23T13:41:00+1000",180935160,"2019-09-23T03:33:44Z","""1660738-ac8d9f8-59330163dade6""",200,"2026-09-09T13:41:08Z"
"https://listdata.thelist.tas.gov.au/opendata/data/LIST_LAND_USE_2013_BRS_CIRCULAR_HEAD.zip","LIST_LAND_USE_2013_BRS_CIRCULAR_HEAD.zip","LIST_LAND_USE_2013_BRS_CIRCULAR_HEAD.zip",FALSE,152043520,"2019-09-23T13:11:00+1000",151963379,"2019-09-23T03:02:22Z","""1660745-90ec6f3-5932fa616a5af""",200,"2026-09-09T13:41:08Z"
"https://listdata.thelist.tas.gov.au/opendata/data/LIST_LAND_USE_2013_BRS_CLARENCE.zip","LIST_LAND_USE_2013_BRS_CLARENCE.zip","LIST_LAND_USE_2013_BRS_CLARENCE.zip",FALSE,26214400,"2019-09-23T12:47:00+1000",26604072,"2019-09-23T02:43:28Z","""166074b-195f228-5932f627bffac""",200,"2026-09-09T13:41:08Z"
"https://listdata.thelist.tas.gov.au/opendata/data/LIST_LAND_USE_2013_BRS_DERWENT_VALLEY.zip","LIST_LAND_USE_2013_BRS_DERWENT_VALLEY.zip","LIST_LAND_USE_2013_BRS_DERWENT_VALLEY.zip",FALSE,68157440,"2019-09-23T13:47:00+1000",67886102,"2019-09-23T02:29:33Z","""1660739-40bdc16-5932f30b85bef""",200,"2026-09-09T13:41:08Z"
"https://listdata.thelist.tas.gov.au/opendata/data/LIST_LAND_USE_2013_BRS_DEVONPORT.zip","LIST_LAND_USE_2013_BRS_DEVONPORT.zip","LIST_LAND_USE_2013_BRS_DEVONPORT.zip",FALSE,11534336,"2019-09-23T13:58:00+1000",11345260,"2019-09-23T02:56:51Z","""166073e-ad1d6c-5932f925a1e1c""",200,"2026-09-09T13:41:08Z"
"https://listdata.thelist.tas.gov.au/opendata/data/LIST_LAND_USE_2013_BRS_DORSET.zip","LIST_LAND_USE_2013_BRS_DORSET.zip","LIST_LAND_USE_2013_BRS_DORSET.zip",FALSE,174063616,"2019-09-23T13:28:00+1000",173674501,"2019-09-23T03:07:06Z","""1660746-a5a1005-5932fb6ff83ca""",200,"2026-09-09T13:41:08Z"
"https://listdata.thelist.tas.gov.au/opendata/data/LIST_LAND_USE_2013_BRS_FLINDERS.zip","LIST_LAND_USE_2013_BRS_FLINDERS.zip","LIST_LAND_USE_2013_BRS_FLINDERS.zip",FALSE,35651584,"2019-09-23T12:36:00+1000",35815190,"2019-09-23T03:09:34Z","""1660730-2227f16-5932fbfca97ba""",200,"2026-09-09T13:41:08Z"
"https://listdata.thelist.tas.gov.au/opendata/data/LIST_LAND_USE_2013_BRS_GEORGE_TOWN.zip","LIST_LAND_USE_2013_BRS_GEORGE_TOWN.zip","LIST_LAND_USE_2013_BRS_GEORGE_TOWN.zip",FALSE,38797312,"2019-09-23T13:21:00+1000",39084302,"2019-09-23T03:39:12Z","""1660747-254610e-5933029c50f88""",200,"2026-09-09T13:41:08Z"
"https://listdata.thelist.tas.gov.au/opendata/data/LIST_LAND_USE_2013_BRS_GLAMORGAN_SPRING_BAY.zip","LIST_LAND_USE_2013_BRS_GLAMORGAN_SPRING_BAY.zip","LIST_LAND_USE_2013_BRS_GLAMORGAN_SPRING_BAY.zip",FALSE,78643200,"2018-01-19T12:57:00+1100",79056596,"2019-09-23T02:50:31Z","""1660742-4b64ed4-5932f7bb56da8""",200,"2026-09-09T13:41:08Z"
"https://listdata.thelist.tas.gov.au/opendata/data/LIST_LAND_USE_2013_BRS_GLENORCHY.zip","LIST_LAND_USE_2013_BRS_GLENORCHY.zip","LIST_LAND_USE_2013_BRS_GLENORCHY.zip",FALSE,12582912,"2019-09-23T12:45:00+1000",12525497,"2019-09-23T03:23:59Z","""1660733-bf1fb9-5932ff36411eb""",200,"2026-09-09T13:41:08Z"
"https://listdata.thelist.tas.gov.au/opendata/data/LIST_LAND_USE_2013_BRS_HOBART.zip","LIST_LAND_USE_2013_BRS_HOBART.zip","LIST_LAND_USE_2013_BRS_HOBART.zip",FALSE,14680064,"2019-09-23T12:33:00+1000",14938551,"2019-09-23T03:43:47Z","""1660735-e3f1b7-593303a36840c""",200,"2026-09-09T13:41:08Z"
"https://listdata.thelist.tas.gov.au/opendata/data/LIST_LAND_USE_2013_BRS_HUON_VALLEY.zip","LIST_LAND_USE_2013_BRS_HUON_VALLEY.zip","LIST_LAND_USE_2013_BRS_HUON_VALLEY.zip",FALSE,127926272,"2019-09-23T13:14:00+1000",127484364,"2019-09-23T03:52:42Z","""1660748-79941cc-593305a169197""",200,"2026-09-09T13:41:08Z"
"https://listdata.thelist.tas.gov.au/opendata/data/LIST_LAND_USE_2013_BRS_KENTISH.zip","LIST_LAND_USE_2013_BRS_KENTISH.zip","LIST_LAND_USE_2013_BRS_KENTISH.zip",FALSE,65011712,"2019-09-23T13:36:00+1000",65378729,"2019-09-23T03:18:11Z","""166073a-3e599a9-5932fdea3f5e6""",200,"2026-09-09T13:41:08Z"
"https://listdata.thelist.tas.gov.au/opendata/data/LIST_LAND_USE_2013_BRS_KING_ISLAND.zip","LIST_LAND_USE_2013_BRS_KING_ISLAND.zip","LIST_LAND_USE_2013_BRS_KING_ISLAND.zip",FALSE,35651584,"2019-10-08T07:58:00+1100",36018969,"2019-09-23T03:11:43Z","""1660731-2259b19-5932fc784fc87""",200,"2026-09-09T13:41:08Z"
"https://listdata.thelist.tas.gov.au/opendata/data/LIST_LAND_USE_2013_BRS_KINGBOROUGH.zip","LIST_LAND_USE_2013_BRS_KINGBOROUGH.zip","LIST_LAND_USE_2013_BRS_KINGBOROUGH.zip",FALSE,39845888,"2019-10-08T08:08:00+1100",39582852,"2019-09-23T03:41:41Z","""1660749-25bfc84-5933032a9a57a""",200,"2026-09-09T13:41:08Z"
"https://listdata.thelist.tas.gov.au/opendata/data/LIST_LAND_USE_2013_BRS_LATROBE.zip","LIST_LAND_USE_2013_BRS_LATROBE.zip","LIST_LAND_USE_2013_BRS_LATROBE.zip",FALSE,34603008,"2019-10-08T08:18:00+1100",34281763,"2019-09-23T02:47:53Z","""166073d-20b1923-5932f724197df""",200,"2026-09-09T13:41:08Z"
"https://listdata.thelist.tas.gov.au/opendata/data/LIST_LAND_USE_2013_BRS_LAUNCESTON.zip","LIST_LAND_USE_2013_BRS_LAUNCESTON.zip","LIST_LAND_USE_2013_BRS_LAUNCESTON.zip",FALSE,120586240,"2019-10-08T08:20:00+1100",120157640,"2019-09-23T03:47:41Z","""166074c-72975c8-5933048224081""",200,"2026-09-09T13:41:08Z"
"https://listdata.thelist.tas.gov.au/opendata/data/LIST_LAND_USE_2013_BRS_MEANDER_VALLEY.zip","LIST_LAND_USE_2013_BRS_MEANDER_VALLEY.zip","LIST_LAND_USE_2013_BRS_MEANDER_VALLEY.zip",FALSE,132120576,"2019-10-08T08:49:00+1100",131744059,"2019-09-23T03:58:09Z","""166073f-7da413b-593306d8c50f1""",200,"2026-09-09T13:41:08Z"
"https://listdata.thelist.tas.gov.au/opendata/data/LIST_LAND_USE_2013_BRS_NORTHERN_MIDLANDS.zip","LIST_LAND_USE_2013_BRS_NORTHERN_MIDLANDS.zip","LIST_LAND_USE_2013_BRS_NORTHERN_MIDLANDS.zip",FALSE,150994944,"2019-10-08T08:26:00+1100",150789457,"2019-09-23T03:28:54Z","""1660740-8fcdd51-5933004f4820d""",200,"2026-09-09T13:41:08Z"
"https://listdata.thelist.tas.gov.au/opendata/data/LIST_LAND_USE_2013_BRS_SORELL.zip","LIST_LAND_USE_2013_BRS_SORELL.zip","LIST_LAND_USE_2013_BRS_SORELL.zip",FALSE,34603008,"2019-10-08T08:10:00+1100",34650579,"2019-09-23T02:36:22Z","""166074a-210b9d3-5932f49110030""",200,"2026-09-09T13:41:08Z"
"https://listdata.thelist.tas.gov.au/opendata/data/LIST_LAND_USE_2013_BRS_SOUTHERN_MIDLANDS.zip","LIST_LAND_USE_2013_BRS_SOUTHERN_MIDLANDS.zip","LIST_LAND_USE_2013_BRS_SOUTHERN_MIDLANDS.zip",FALSE,92274688,"2019-10-08T08:01:00+1100",92433733,"2019-09-23T03:21:51Z","""1660741-5826d45-5932febc421f0""",200,"2026-09-09T13:41:08Z"
"https://listdata.thelist.tas.gov.au/opendata/data/LIST_LAND_USE_2013_BRS_STATEWIDE.zip","LIST_LAND_USE_2013_BRS_STATEWIDE.zip","LIST_LAND_USE_2013_BRS_STATEWIDE.zip",FALSE,855638016,"2019-10-08T08:22:00+1100",855327420,"2018-01-19T01:57:38Z","""1660705-32fb42bc-5631767a7df76""",200,"2026-09-09T13:41:08Z"
"https://listdata.thelist.tas.gov.au/opendata/data/LIST_LAND_USE_2013_BRS_TASMAN.zip","LIST_LAND_USE_2013_BRS_TASMAN.zip","LIST_LAND_USE_2013_BRS_TASMAN.zip",FALSE,35651584,"2019-10-08T08:29:00+1100",35997220,"2019-09-23T02:45:37Z","""1660732-2254624-5932f6a2d17fa""",200,"2026-09-09T13:41:08Z"
"https://listdata.thelist.tas.gov.au/opendata/data/LIST_LAND_USE_2013_BRS_WARATAH_WYNYARD.zip","LIST_LAND_USE_2013_BRS_WARATAH_WYNYARD.zip","LIST_LAND_USE_2013_BRS_WARATAH_WYNYARD.zip",FALSE,132120576,"2019-10-08T08:31:00+1100",131776638,"2019-09-23T02:33:45Z","""1660744-7dac07e-5932f3fc0ebf4""",200,"2026-09-09T13:41:08Z"
"https://listdata.thelist.tas.gov.au/opendata/data/LIST_LAND_USE_2013_BRS_WEST_COAST.zip","LIST_LAND_USE_2013_BRS_WEST_COAST.zip","LIST_LAND_USE_2013_BRS_WEST_COAST.zip",FALSE,77594624,"2019-10-08T08:55:00+1100",77740754,"2019-09-23T03:14:33Z","""166073b-4a23ad2-5932fd1a0de64""",200,"2026-09-09T13:41:08Z"
"https://listdata.thelist.tas.gov.au/opendata/data/LIST_LAND_USE_2013_BRS_WEST_TAMAR.zip","LIST_LAND_USE_2013_BRS_WEST_TAMAR.zip","LIST_LAND_USE_2013_BRS_WEST_TAMAR.zip",FALSE,60817408,"2019-10-08T08:16:00+1100",60374034,"2019-09-23T03:36:47Z","""166073c-3993c12-593302121123a""",200,"2026-09-09T13:41:08Z"
"https://listdata.thelist.tas.gov.au/opendata/data/LIST_LAND_USE_2015_BRS_BREAK_O_DAY.zip","LIST_LAND_USE_2015_BRS_BREAK_O_DAY.zip","LIST_LAND_USE_2015_BRS_BREAK_O_DAY.zip",FALSE,140509184,"2019-10-08T08:41:00+1100",140799155,"2019-10-07T21:08:34Z","""16607a8-8646cb3-594587463a0d1""",200,"2026-09-09T13:41:08Z"
"https://listdata.thelist.tas.gov.au/opendata/data/LIST_LAND_USE_2015_BRS_BRIGHTON.zip","LIST_LAND_USE_2015_BRS_BRIGHTON.zip","LIST_LAND_USE_2015_BRS_BRIGHTON.zip",FALSE,9122611.2,"2019-10-08T09:00:00+1100",9120396,"2019-10-07T20:58:14Z","""16607ab-8b2a8c-594584f744d21""",200,"2026-09-09T13:41:08Z"
"https://listdata.thelist.tas.gov.au/opendata/data/LIST_LAND_USE_2015_BRS_BURNIE.zip","LIST_LAND_USE_2015_BRS_BURNIE.zip","LIST_LAND_USE_2015_BRS_BURNIE.zip",FALSE,73400320,"2019-10-08T09:09:00+1100",73125529,"2019-10-07T21:18:42Z","""16607b7-45bce99-5945898a93e5a""",200,"2026-09-09T13:41:08Z"
"https://listdata.thelist.tas.gov.au/opendata/data/LIST_LAND_USE_2015_BRS_CENTRAL_COAST.zip","LIST_LAND_USE_2015_BRS_CENTRAL_COAST.zip","LIST_LAND_USE_2015_BRS_CENTRAL_COAST.zip",FALSE,54525952,"2019-10-08T08:36:00+1100",54430704,"2019-10-07T21:20:50Z","""16607aa-33e8bf0-59458a048787d""",200,"2026-09-09T13:41:08Z"
"https://listdata.thelist.tas.gov.au/opendata/data/LIST_LAND_USE_2015_BRS_CENTRAL_HIGHLANDS.zip","LIST_LAND_USE_2015_BRS_CENTRAL_HIGHLANDS.zip","LIST_LAND_USE_2015_BRS_CENTRAL_HIGHLANDS.zip",FALSE,254803968,"2019-10-08T08:58:00+1100",255316845,"2019-10-07T21:49:11Z","""16607ac-f37d36d-5945905a3a44b""",200,"2026-09-09T13:41:08Z"
"https://listdata.thelist.tas.gov.au/opendata/data/LIST_LAND_USE_2015_BRS_CIRCULAR_HEAD.zip","LIST_LAND_USE_2015_BRS_CIRCULAR_HEAD.zip","LIST_LAND_USE_2015_BRS_CIRCULAR_HEAD.zip",FALSE,154140672,"2019-10-08T08:32:00+1100",153769740,"2019-10-07T21:26:42Z","""16607b9-92a570c-59458b53d809a""",200,"2026-09-09T13:41:08Z"
"https://listdata.thelist.tas.gov.au/opendata/data/LIST_LAND_USE_2015_BRS_CLARENCE.zip","LIST_LAND_USE_2015_BRS_CLARENCE.zip","LIST_LAND_USE_2015_BRS_CLARENCE.zip",FALSE,24117248,"2019-10-08T08:13:00+1100",23934594,"2019-10-07T21:10:21Z","""16607bf-16d3682-594587aca5d3b""",200,"2026-09-09T13:41:08Z"
"https://listdata.thelist.tas.gov.au/opendata/data/LIST_LAND_USE_2015_BRS_DERWENT_VALLEY.zip","LIST_LAND_USE_2015_BRS_DERWENT_VALLEY.zip","LIST_LAND_USE_2015_BRS_DERWENT_VALLEY.zip",FALSE,67108864,"2019-10-08T09:05:00+1100",66743610,"2019-10-07T21:01:31Z","""16607ad-3fa6d3a-594585b302255""",200,"2026-09-09T13:41:08Z"
"https://listdata.thelist.tas.gov.au/opendata/data/LIST_LAND_USE_2015_BRS_DEVONPORT.zip","LIST_LAND_USE_2015_BRS_DEVONPORT.zip","LIST_LAND_USE_2015_BRS_DEVONPORT.zip",FALSE,9751756.8,"2019-10-08T09:14:00+1100",9721855,"2019-10-07T21:22:16Z","""16607b2-9457ff-59458a56cf117""",200,"2026-09-09T13:41:08Z"
"https://listdata.thelist.tas.gov.au/opendata/data/LIST_LAND_USE_2015_BRS_DORSET.zip","LIST_LAND_USE_2015_BRS_DORSET.zip","LIST_LAND_USE_2015_BRS_DORSET.zip",FALSE,158334976,"2019-10-08T08:43:00+1100",158777800,"2019-10-07T21:29:31Z","""16607ba-976c1c8-59458bf4e0767""",200,"2026-09-09T13:41:08Z"
"https://listdata.thelist.tas.gov.au/opendata/data/LIST_LAND_USE_2015_BRS_FLINDERS.zip","LIST_LAND_USE_2015_BRS_FLINDERS.zip","LIST_LAND_USE_2015_BRS_FLINDERS.zip",FALSE,35651584,"2019-10-08T08:06:00+1100",35507470,"2019-10-07T21:31:28Z","""16607a4-21dcd0e-59458c64a6d03""",200,"2026-09-09T13:41:08Z"
"https://listdata.thelist.tas.gov.au/opendata/data/LIST_LAND_USE_2015_BRS_GEORGE_TOWN.zip","LIST_LAND_USE_2015_BRS_GEORGE_TOWN.zip","LIST_LAND_USE_2015_BRS_GEORGE_TOWN.zip",FALSE,52428800,"2019-10-08T08:40:00+1100",52026011,"2019-10-07T21:55:34Z","""16607bb-319da9b-594591c7d3695""",200,"2026-09-09T13:41:08Z"
"https://listdata.thelist.tas.gov.au/opendata/data/LIST_LAND_USE_2015_BRS_GLAMORGAN_SPRING_BAY.zip","LIST_LAND_USE_2015_BRS_GLAMORGAN_SPRING_BAY.zip","LIST_LAND_USE_2015_BRS_GLAMORGAN_SPRING_BAY.zip",FALSE,89128960,"2019-10-17T08:58:00+1100",89354836,"2019-10-07T21:16:32Z","""16607b6-5537254-5945890e8a517""",200,"2026-09-09T13:41:08Z"
"https://listdata.thelist.tas.gov.au/opendata/data/LIST_LAND_USE_2015_BRS_GLENORCHY.zip","LIST_LAND_USE_2015_BRS_GLENORCHY.zip","LIST_LAND_USE_2015_BRS_GLENORCHY.zip",FALSE,14680064,"2019-10-08T08:11:00+1100",14685318,"2019-10-07T21:41:16Z","""16607a7-e01486-59458e953dc4a""",200,"2026-09-09T13:41:08Z"
"https://listdata.thelist.tas.gov.au/opendata/data/LIST_LAND_USE_2015_BRS_HOBART.zip","LIST_LAND_USE_2015_BRS_HOBART.zip","LIST_LAND_USE_2015_BRS_HOBART.zip",FALSE,14680064,"2019-10-08T08:05:00+1100",14635762,"2019-10-07T22:00:47Z","""16607a9-df52f2-594592f1d96de""",200,"2026-09-09T13:41:08Z"
"https://listdata.thelist.tas.gov.au/opendata/data/LIST_LAND_USE_2015_BRS_HUON_VALLEY.zip","LIST_LAND_USE_2015_BRS_HUON_VALLEY.zip","LIST_LAND_USE_2015_BRS_HUON_VALLEY.zip",FALSE,171966464,"2019-10-08T08:34:00+1100",172248006,"2019-10-07T22:09:35Z","""16607bc-a444bc6-594594e9f6e2e""",200,"2026-09-09T13:41:08Z"
"https://listdata.thelist.tas.gov.au/opendata/data/LIST_LAND_USE_2015_BRS_KENTISH.zip","LIST_LAND_USE_2015_BRS_KENTISH.zip","LIST_LAND_USE_2015_BRS_KENTISH.zip",FALSE,90177536,"2019-10-08T08:52:00+1100",90537791,"2019-10-07T21:36:58Z","""16607ae-5657f3f-59458d9f31f8f""",200,"2026-09-09T13:41:08Z"
"https://listdata.thelist.tas.gov.au/opendata/data/LIST_LAND_USE_2015_BRS_KING_ISLAND.zip","LIST_LAND_USE_2015_BRS_KING_ISLAND.zip","LIST_LAND_USE_2015_BRS_KING_ISLAND.zip",FALSE,30408704,"2021-01-06T09:19:00+1100",30002325,"2019-10-07T21:32:33Z","""16607a5-1c9cc95-59458ca271950""",200,"2026-09-09T13:41:08Z"
"https://listdata.thelist.tas.gov.au/opendata/data/LIST_LAND_USE_2015_BRS_KINGBOROUGH.zip","LIST_LAND_USE_2015_BRS_KINGBOROUGH.zip","LIST_LAND_USE_2015_BRS_KINGBOROUGH.zip",FALSE,48234496,"2021-01-06T10:46:00+1100",47906221,"2019-10-07T21:58:22Z","""16607bd-2dafdad-59459267c3ccf""",200,"2026-09-09T13:41:08Z"
"https://listdata.thelist.tas.gov.au/opendata/data/LIST_LAND_USE_2015_BRS_LATROBE.zip","LIST_LAND_USE_2015_BRS_LATROBE.zip","LIST_LAND_USE_2015_BRS_LATROBE.zip",FALSE,34603008,"2021-01-06T09:23:00+1100",34736054,"2019-10-07T21:13:36Z","""16607b1-21207b6-594588662719c""",200,"2026-09-09T13:41:08Z"
"https://listdata.thelist.tas.gov.au/opendata/data/LIST_LAND_USE_2015_BRS_LAUNCESTON.zip","LIST_LAND_USE_2015_BRS_LAUNCESTON.zip","LIST_LAND_USE_2015_BRS_LAUNCESTON.zip",FALSE,162529280,"2021-01-06T09:25:00+1100",162287417,"2019-10-07T22:05:32Z","""16607c0-9ac4f39-5945940252e47""",200,"2026-09-09T13:41:08Z"
"https://listdata.thelist.tas.gov.au/opendata/data/LIST_LAND_USE_2015_BRS_MEANDER_VALLEY.zip","LIST_LAND_USE_2015_BRS_MEANDER_VALLEY.zip","LIST_LAND_USE_2015_BRS_MEANDER_VALLEY.zip",FALSE,184549376,"2021-01-06T10:43:00+1100",184981410,"2019-10-07T22:14:50Z","""16607b3-b0697a2-594596168551f""",200,"2026-09-09T13:41:08Z"
"https://listdata.thelist.tas.gov.au/opendata/data/LIST_LAND_USE_2015_BRS_NORTHERN_MIDLANDS.zip","LIST_LAND_USE_2015_BRS_NORTHERN_MIDLANDS.zip","LIST_LAND_USE_2015_BRS_NORTHERN_MIDLANDS.zip",FALSE,161480704,"2021-01-06T10:16:00+1100",161491745,"2019-10-07T21:43:22Z","""16607b4-9a02b21-59458f0dca92b""",200,"2026-09-09T13:41:08Z"
"https://listdata.thelist.tas.gov.au/opendata/data/LIST_LAND_USE_2015_BRS_SORELL.zip","LIST_LAND_USE_2015_BRS_SORELL.zip","LIST_LAND_USE_2015_BRS_SORELL.zip",FALSE,36700160,"2021-01-06T10:47:00+1100",36651436,"2019-10-07T21:06:54Z","""16607be-22f41ac-594586e6de028""",200,"2026-09-09T13:41:08Z"
"https://listdata.thelist.tas.gov.au/opendata/data/LIST_LAND_USE_2015_BRS_SOUTHERN_MIDLANDS.zip","LIST_LAND_USE_2015_BRS_SOUTHERN_MIDLANDS.zip","LIST_LAND_USE_2015_BRS_SOUTHERN_MIDLANDS.zip",FALSE,99614720,"2021-01-06T10:36:00+1100",99691847,"2019-10-07T21:40:02Z","""16607b5-5f12d47-59458e4ef85d1""",200,"2026-09-09T13:41:08Z"
"https://listdata.thelist.tas.gov.au/opendata/data/LIST_LAND_USE_2015_BRS_STATEWIDE.zip","LIST_LAND_USE_2015_BRS_STATEWIDE.zip","LIST_LAND_USE_2015_BRS_STATEWIDE.zip",FALSE,836763648,"2021-01-06T10:37:00+1100",836473852,"2019-10-16T21:58:32Z","""1660712-31db93fc-5950e33aaf5de""",200,"2026-09-09T13:41:08Z"
"https://listdata.thelist.tas.gov.au/opendata/data/LIST_LAND_USE_2015_BRS_TASMAN.zip","LIST_LAND_USE_2015_BRS_TASMAN.zip","LIST_LAND_USE_2015_BRS_TASMAN.zip",FALSE,35651584,"2021-01-06T10:49:00+1100",35765984,"2019-10-07T21:11:56Z","""16607a6-221bee0-59458806b42d2""",200,"2026-09-09T13:41:08Z"
"https://listdata.thelist.tas.gov.au/opendata/data/LIST_LAND_USE_2015_BRS_WARATAH_WYNYARD.zip","LIST_LAND_USE_2015_BRS_WARATAH_WYNYARD.zip","LIST_LAND_USE_2015_BRS_WARATAH_WYNYARD.zip",FALSE,134217728,"2021-01-06T10:17:00+1100",134133382,"2019-10-07T21:05:06Z","""16607b8-7feb686-5945867fa07d8""",200,"2026-09-09T13:41:08Z"
"https://listdata.thelist.tas.gov.au/opendata/data/LIST_LAND_USE_2015_BRS_WEST_COAST.zip","LIST_LAND_USE_2015_BRS_WEST_COAST.zip","LIST_LAND_USE_2015_BRS_WEST_COAST.zip",FALSE,72351744,"2021-01-06T10:55:00+1100",72850650,"2019-10-07T21:34:04Z","""16607af-4579cda-59458cf930f53""",200,"2026-09-09T13:41:08Z"
"https://listdata.thelist.tas.gov.au/opendata/data/LIST_LAND_USE_2015_BRS_WEST_TAMAR.zip","LIST_LAND_USE_2015_BRS_WEST_TAMAR.zip","LIST_LAND_USE_2015_BRS_WEST_TAMAR.zip",FALSE,79691776,"2021-01-06T10:39:00+1100",79788155,"2019-10-07T21:52:47Z","""16607b0-4c1787b-594591289a1a3""",200,"2026-09-09T13:41:08Z"
"https://listdata.thelist.tas.gov.au/opendata/data/LIST_LAND_USE_2019_BRS_BREAK_O_DAY.zip","LIST_LAND_USE_2019_BRS_BREAK_O_DAY.zip","LIST_LAND_USE_2019_BRS_BREAK_O_DAY.zip",FALSE,102760448,"2021-01-06T10:56:00+1100",102729261,"2021-01-05T23:46:26Z","""1660be5-61f862d-5b82fd09cb8cc""",200,"2026-09-09T13:41:08Z"
"https://listdata.thelist.tas.gov.au/opendata/data/LIST_LAND_USE_2019_BRS_BRIGHTON.zip","LIST_LAND_USE_2019_BRS_BRIGHTON.zip","LIST_LAND_USE_2019_BRS_BRIGHTON.zip",FALSE,7130316.8,"2021-01-06T10:54:00+1100",7158604,"2021-01-05T22:19:14Z","""1660bd5-6d3b4c-5b82e98c81b3c""",200,"2026-09-09T13:41:08Z"
"https://listdata.thelist.tas.gov.au/opendata/data/LIST_LAND_USE_2019_BRS_BURNIE.zip","LIST_LAND_USE_2019_BRS_BURNIE.zip","LIST_LAND_USE_2019_BRS_BURNIE.zip",FALSE,45088768,"2021-01-06T11:05:00+1100",45489441,"2021-01-05T22:23:50Z","""1660bd8-2b61d21-5b82ea936da39""",200,"2026-09-09T13:41:08Z"
"https://listdata.thelist.tas.gov.au/opendata/data/LIST_LAND_USE_2019_BRS_CENTRAL_COAST.zip","LIST_LAND_USE_2019_BRS_CENTRAL_COAST.zip","LIST_LAND_USE_2019_BRS_CENTRAL_COAST.zip",FALSE,36700160,"2021-01-06T10:32:00+1100",37071663,"2021-01-05T22:25:03Z","""1660bd9-235ab2f-5b82ead94b29e""",200,"2026-09-09T13:41:08Z"
"https://listdata.thelist.tas.gov.au/opendata/data/LIST_LAND_USE_2019_BRS_CENTRAL_HIGHLANDS.zip","LIST_LAND_USE_2019_BRS_CENTRAL_HIGHLANDS.zip","LIST_LAND_USE_2019_BRS_CENTRAL_HIGHLANDS.zip",FALSE,111149056,"2021-01-06T10:56:00+1100",111569733,"2021-01-05T23:43:50Z","""1660be4-6a66b45-5b82fc74c1c18""",200,"2026-09-09T13:41:08Z"
"https://listdata.thelist.tas.gov.au/opendata/data/LIST_LAND_USE_2019_BRS_CIRCULAR_HEAD.zip","LIST_LAND_USE_2019_BRS_CIRCULAR_HEAD.zip","LIST_LAND_USE_2019_BRS_CIRCULAR_HEAD.zip",FALSE,121634816,"2021-01-06T10:18:00+1100",121927113,"2021-01-05T23:16:19Z","""1660bda-74475c9-5b82f64e33237""",200,"2026-09-09T13:41:08Z"
"https://listdata.thelist.tas.gov.au/opendata/data/LIST_LAND_USE_2019_BRS_CLARENCE.zip","LIST_LAND_USE_2019_BRS_CLARENCE.zip","LIST_LAND_USE_2019_BRS_CLARENCE.zip",FALSE,16777216,"2021-01-06T10:38:00+1100",17077839,"2021-01-05T23:47:20Z","""1660be6-104964f-5b82fd3cf4626""",200,"2026-09-09T13:41:08Z"
"https://listdata.thelist.tas.gov.au/opendata/data/LIST_LAND_USE_2019_BRS_DERWENT_VALLEY.zip","LIST_LAND_USE_2019_BRS_DERWENT_VALLEY.zip","LIST_LAND_USE_2019_BRS_DERWENT_VALLEY.zip",FALSE,44040192,"2021-01-06T11:10:00+1100",44269340,"2021-01-05T23:36:53Z","""1660bdf-2a37f1c-5b82fae711e48""",200,"2026-09-09T13:41:08Z"
"https://listdata.thelist.tas.gov.au/opendata/data/LIST_LAND_USE_2019_BRS_DEVONPORT.zip","LIST_LAND_USE_2019_BRS_DEVONPORT.zip","LIST_LAND_USE_2019_BRS_DEVONPORT.zip",FALSE,7969177.6,"2021-01-06T11:08:00+1100",7958066,"2021-01-05T23:37:32Z","""1660be0-796e32-5b82fb0c1cbfc""",200,"2026-09-09T13:41:08Z"
"https://listdata.thelist.tas.gov.au/opendata/data/LIST_LAND_USE_2019_BRS_DORSET.zip","LIST_LAND_USE_2019_BRS_DORSET.zip","LIST_LAND_USE_2019_BRS_DORSET.zip",FALSE,113246208,"2021-01-06T10:53:00+1100",113721879,"2021-01-05T23:49:58Z","""1660be7-6c74217-5b82fdd3e1e4b""",200,"2026-09-09T13:41:08Z"
"https://listdata.thelist.tas.gov.au/opendata/data/LIST_LAND_USE_2019_BRS_FLINDERS.zip","LIST_LAND_USE_2019_BRS_FLINDERS.zip","LIST_LAND_USE_2019_BRS_FLINDERS.zip",FALSE,56623104,"2021-01-06T10:50:00+1100",57047971,"2021-01-05T23:17:33Z","""1660bdb-3667ba3-5b82f694c2863""",200,"2026-09-09T13:41:08Z"
"https://listdata.thelist.tas.gov.au/opendata/data/LIST_LAND_USE_2019_BRS_GEORGE_TOWN.zip","LIST_LAND_USE_2019_BRS_GEORGE_TOWN.zip","LIST_LAND_USE_2019_BRS_GEORGE_TOWN.zip",FALSE,26214400,"2021-01-06T10:41:00+1100",25847555,"2021-01-05T23:55:08Z","""1660beb-18a6703-5b82fefbb84fa""",200,"2026-09-09T13:41:08Z"
"https://listdata.thelist.tas.gov.au/opendata/data/LIST_LAND_USE_2019_BRS_GLAMORGAN_SPRING_BAY.zip","LIST_LAND_USE_2019_BRS_GLAMORGAN_SPRING_BAY.zip","LIST_LAND_USE_2019_BRS_GLAMORGAN_SPRING_BAY.zip",FALSE,73400320,"2021-01-12T11:52:00+1100",73796551,"2021-01-05T23:39:53Z","""1660be2-4660bc7-5b82fb93757e9""",200,"2026-09-09T13:41:08Z"
"https://listdata.thelist.tas.gov.au/opendata/data/LIST_LAND_USE_2019_BRS_GLENORCHY.zip","LIST_LAND_USE_2019_BRS_GLENORCHY.zip","LIST_LAND_USE_2019_BRS_GLENORCHY.zip",FALSE,7969177.6,"2021-01-06T09:22:00+1100",7973401,"2021-01-05T23:56:47Z","""1660bed-79aa19-5b82ff59d0cca""",200,"2026-09-09T13:41:08Z"
"https://listdata.thelist.tas.gov.au/opendata/data/LIST_LAND_USE_2019_BRS_HOBART.zip","LIST_LAND_USE_2019_BRS_HOBART.zip","LIST_LAND_USE_2019_BRS_HOBART.zip",FALSE,7969177.6,"2021-01-06T09:21:00+1100",7936894,"2021-01-05T23:54:12Z","""1660bea-791b7e-5b82fec674f4a""",200,"2026-09-09T13:41:08Z"
"https://listdata.thelist.tas.gov.au/opendata/data/LIST_LAND_USE_2019_BRS_HUON_VALLEY.zip","LIST_LAND_USE_2019_BRS_HUON_VALLEY.zip","LIST_LAND_USE_2019_BRS_HUON_VALLEY.zip",FALSE,102760448,"2021-01-06T10:31:00+1100",102690861,"2021-01-06T00:05:10Z","""1660bee-61ef02d-5b830139ccbf6""",200,"2026-09-09T13:41:08Z"
"https://listdata.thelist.tas.gov.au/opendata/data/LIST_LAND_USE_2019_BRS_KENTISH.zip","LIST_LAND_USE_2019_BRS_KENTISH.zip","LIST_LAND_USE_2019_BRS_KENTISH.zip",FALSE,40894464,"2021-01-06T11:12:00+1100",41366285,"2021-01-05T23:32:55Z","""1660bde-277330d-5b82fa04e0974""",200,"2026-09-09T13:41:08Z"
"https://listdata.thelist.tas.gov.au/opendata/data/LIST_LAND_USE_2019_BRS_KING_ISLAND.zip","LIST_LAND_USE_2019_BRS_KING_ISLAND.zip","LIST_LAND_USE_2019_BRS_KING_ISLAND.zip",FALSE,35651584,"2022-03-31T18:24:00+1100",35600611,"2021-01-05T23:18:25Z","""1660bdc-21f38e3-5b82f6c6e9e8c""",200,"2026-09-09T13:41:08Z"
"https://listdata.thelist.tas.gov.au/opendata/data/LIST_LAND_USE_2019_BRS_KINGBOROUGH.zip","LIST_LAND_USE_2019_BRS_KINGBOROUGH.zip","LIST_LAND_USE_2019_BRS_KINGBOROUGH.zip",FALSE,28311552,"2023-06-07T10:33:00+1000",28100621,"2021-01-05T23:56:06Z","""1660bec-1acc80d-5b82ff329b9bf""",200,"2026-09-09T13:41:08Z"
"https://listdata.thelist.tas.gov.au/opendata/data/LIST_LAND_USE_2019_BRS_LATROBE.zip","LIST_LAND_USE_2019_BRS_LATROBE.zip","LIST_LAND_USE_2019_BRS_LATROBE.zip",FALSE,24117248,"2025-11-18T14:35:00+1100",24130805,"2021-01-05T23:38:22Z","""1660be1-17034f5-5b82fb3c795d2""",200,"2026-09-09T13:41:08Z"
"https://listdata.thelist.tas.gov.au/opendata/data/LIST_LAND_USE_2019_BRS_LAUNCESTON.zip","LIST_LAND_USE_2019_BRS_LAUNCESTON.zip","LIST_LAND_USE_2019_BRS_LAUNCESTON.zip",FALSE,73400320,"2025-11-18T17:05:00+1100",73782978,"2021-01-06T00:10:37Z","""1660bf0-465d6c2-5b830271d8b93""",200,"2026-09-09T13:41:08Z"
"https://listdata.thelist.tas.gov.au/opendata/data/LIST_LAND_USE_2019_BRS_MEANDER_VALLEY.zip","LIST_LAND_USE_2019_BRS_MEANDER_VALLEY.zip","LIST_LAND_USE_2019_BRS_MEANDER_VALLEY.zip",FALSE,84934656,"2025-07-17T12:27:00+1000",84479387,"2021-01-06T00:08:25Z","""1660bef-5090d9b-5b8301f3a1abd""",200,"2026-09-09T13:41:08Z"
"https://listdata.thelist.tas.gov.au/opendata/data/LIST_LAND_USE_2019_BRS_NORTHERN_MIDLANDS.zip","LIST_LAND_USE_2019_BRS_NORTHERN_MIDLANDS.zip","LIST_LAND_USE_2019_BRS_NORTHERN_MIDLANDS.zip",FALSE,92274688,"2026-08-14T15:45:00+1000",92065838,"2021-01-05T23:53:29Z","""1660be9-57cd02e-5b82fe9cc8a04""",200,"2026-09-09T13:41:08Z"
"https://listdata.thelist.tas.gov.au/opendata/data/LIST_LAND_USE_2019_BRS_SORELL.zip","LIST_LAND_USE_2019_BRS_SORELL.zip","LIST_LAND_USE_2019_BRS_SORELL.zip",FALSE,22020096,"2018-07-06T10:45:00+1000",21682731,"2021-01-05T23:50:53Z","""1660be8-14ada2b-5b82fe0832c8e""",200,"2026-09-09T13:41:08Z"
"https://listdata.thelist.tas.gov.au/opendata/data/LIST_LAND_USE_2019_BRS_SOUTHERN_MIDLANDS.zip","LIST_LAND_USE_2019_BRS_SOUTHERN_MIDLANDS.zip","LIST_LAND_USE_2019_BRS_SOUTHERN_MIDLANDS.zip",FALSE,55574528,"2025-07-18T10:05:00+1000",55965664,"2021-01-05T23:41:16Z","""1660be3-355f7e0-5b82fbe2048eb""",200,"2026-09-09T13:41:08Z"
"https://listdata.thelist.tas.gov.au/opendata/data/LIST_LAND_USE_2019_BRS_STATEWIDE.zip","LIST_LAND_USE_2019_BRS_STATEWIDE.zip","LIST_LAND_USE_2019_BRS_STATEWIDE.zip",FALSE,870318080,"2025-07-18T10:05:00+1000",870123829,"2021-01-12T00:52:51Z","""1660bf2-33dd0935-5b8a9712b1f28""",200,"2026-09-09T13:41:08Z"
"https://listdata.thelist.tas.gov.au/opendata/data/LIST_LAND_USE_2019_BRS_TASMAN.zip","LIST_LAND_USE_2019_BRS_TASMAN.zip","LIST_LAND_USE_2019_BRS_TASMAN.zip",FALSE,32505856,"2025-07-17T12:39:00+1000",33016847,"2021-01-05T22:22:46Z","""1660bd7-1f7cc0f-5b82ea55f63f2""",200,"2026-09-09T13:41:08Z"
"https://listdata.thelist.tas.gov.au/opendata/data/LIST_LAND_USE_2019_BRS_WARATAH_WYNYARD.zip","LIST_LAND_USE_2019_BRS_WARATAH_WYNYARD.zip","LIST_LAND_USE_2019_BRS_WARATAH_WYNYARD.zip",FALSE,88080384,"2025-07-17T12:39:00+1000",88510115,"2021-01-05T22:21:52Z","""1660bd6-5468ea3-5b82ea22b5b25""",200,"2026-09-09T13:41:08Z"
"https://listdata.thelist.tas.gov.au/opendata/data/LIST_LAND_USE_2019_BRS_WEST_COAST.zip","LIST_LAND_USE_2019_BRS_WEST_COAST.zip","LIST_LAND_USE_2019_BRS_WEST_COAST.zip",FALSE,85983232,"2025-07-17T12:29:00+1000",86441517,"2021-01-05T23:31:19Z","""1660bdd-526fe2d-5b82f9a8ebbfd""",200,"2026-09-09T13:41:08Z"
"https://listdata.thelist.tas.gov.au/opendata/data/LIST_LAND_USE_2019_BRS_WEST_TAMAR.zip","LIST_LAND_USE_2019_BRS_WEST_TAMAR.zip","LIST_LAND_USE_2019_BRS_WEST_TAMAR.zip",FALSE,37748736,"2025-07-17T12:36:00+1000",38220633,"2021-01-06T00:12:15Z","""1660bf1-2473359-5b8302ceec247""",200,"2026-09-09T13:41:08Z"
"https://listdata.thelist.tas.gov.au/opendata/data/LIST_LAND_USE_2021_STATEWIDE.zip","LIST_LAND_USE_2021_STATEWIDE.zip","LIST_LAND_USE_2021_STATEWIDE.zip",FALSE,818937856,"2025-07-17T12:38:00+1000",818613859,"2023-06-07T00:33:57Z","""1660697-30cb0e63-5fd7f4a966ecc""",200,"2026-09-09T13:41:08Z"
"https://listdata.thelist.tas.gov.au/opendata/data/LIST_LANDSLIDE_PLANNING_MAP_COMPONENTS_BREAK_O_DAY.zip","LIST_LANDSLIDE_PLANNING_MAP_COMPONENTS_BREAK_O_DAY.zip","LIST_LANDSLIDE_PLANNING_MAP_COMPONENTS_BREAK_O_DAY.zip",FALSE,225443840,"2019-09-24T02:27:00+1000",225713042,"2019-09-23T16:12:43Z","""1660828-d741b92-5933ab09b11a5""",200,"2026-09-09T13:41:08Z"
"https://listdata.thelist.tas.gov.au/opendata/data/LIST_LANDSLIDE_PLANNING_MAP_COMPONENTS_BRIGHTON.zip","LIST_LANDSLIDE_PLANNING_MAP_COMPONENTS_BRIGHTON.zip","LIST_LANDSLIDE_PLANNING_MAP_COMPONENTS_BRIGHTON.zip",FALSE,15728640,"2019-09-24T02:32:00+1000",15990708,"2019-09-23T16:04:25Z","""1660821-f3ffb4-5933a92e9b4d4""",200,"2026-09-09T13:41:08Z"
"https://listdata.thelist.tas.gov.au/opendata/data/LIST_LANDSLIDE_PLANNING_MAP_COMPONENTS_BURNIE.zip","LIST_LANDSLIDE_PLANNING_MAP_COMPONENTS_BURNIE.zip","LIST_LANDSLIDE_PLANNING_MAP_COMPONENTS_BURNIE.zip",FALSE,48234496,"2019-09-24T02:34:00+1000",47977288,"2019-09-23T16:17:12Z","""1660830-2dc1348-5933ac0a0167f""",200,"2026-09-09T13:41:08Z"
"https://listdata.thelist.tas.gov.au/opendata/data/LIST_LANDSLIDE_PLANNING_MAP_COMPONENTS_CENTRAL_COAST.zip","LIST_LANDSLIDE_PLANNING_MAP_COMPONENTS_CENTRAL_COAST.zip","LIST_LANDSLIDE_PLANNING_MAP_COMPONENTS_CENTRAL_COAST.zip",FALSE,77594624,"2019-09-24T02:25:00+1000",77749871,"2019-09-23T16:18:10Z","""1660831-4a25e6f-5933ac40bd479""",200,"2026-09-09T13:41:08Z"
"https://listdata.thelist.tas.gov.au/opendata/data/LIST_LANDSLIDE_PLANNING_MAP_COMPONENTS_CENTRAL_HIGHLANDS.zip","LIST_LANDSLIDE_PLANNING_MAP_COMPONENTS_CENTRAL_HIGHLANDS.zip","LIST_LANDSLIDE_PLANNING_MAP_COMPONENTS_CENTRAL_HIGHLANDS.zip",FALSE,247463936,"2019-09-24T02:32:00+1000",247557087,"2019-09-23T16:29:24Z","""1660833-ec16bdf-5933aec3deb58""",200,"2026-09-09T13:41:08Z"
"https://listdata.thelist.tas.gov.au/opendata/data/LIST_LANDSLIDE_PLANNING_MAP_COMPONENTS_CIRCULAR_HEAD.zip","LIST_LANDSLIDE_PLANNING_MAP_COMPONENTS_CIRCULAR_HEAD.zip","LIST_LANDSLIDE_PLANNING_MAP_COMPONENTS_CIRCULAR_HEAD.zip",FALSE,7340032,"2019-09-24T02:21:00+1000",7319395,"2019-09-23T16:19:40Z","""1660836-6faf63-5933ac96b6ad8""",200,"2026-09-09T13:41:08Z"
"https://listdata.thelist.tas.gov.au/opendata/data/LIST_LANDSLIDE_PLANNING_MAP_COMPONENTS_CLARENCE.zip","LIST_LANDSLIDE_PLANNING_MAP_COMPONENTS_CLARENCE.zip","LIST_LANDSLIDE_PLANNING_MAP_COMPONENTS_CLARENCE.zip",FALSE,27262976,"2019-09-24T02:15:00+1000",26823945,"2019-09-23T16:13:48Z","""166082a-1994d09-5933ab47ae4b5""",200,"2026-09-09T13:41:08Z"
"https://listdata.thelist.tas.gov.au/opendata/data/LIST_LANDSLIDE_PLANNING_MAP_COMPONENTS_DERWENT_VALLEY.zip","LIST_LANDSLIDE_PLANNING_MAP_COMPONENTS_DERWENT_VALLEY.zip","LIST_LANDSLIDE_PLANNING_MAP_COMPONENTS_DERWENT_VALLEY.zip",FALSE,288358400,"2019-09-24T02:33:00+1000",288524505,"2019-09-23T16:07:46Z","""1660822-113288d9-5933a9edff10c""",200,"2026-09-09T13:41:08Z"
"https://listdata.thelist.tas.gov.au/opendata/data/LIST_LANDSLIDE_PLANNING_MAP_COMPONENTS_DEVONPORT.zip","LIST_LANDSLIDE_PLANNING_MAP_COMPONENTS_DEVONPORT.zip","LIST_LANDSLIDE_PLANNING_MAP_COMPONENTS_DEVONPORT.zip",FALSE,9856614.4,"2019-09-24T02:35:00+1000",9851518,"2019-09-23T16:19:01Z","""1660832-96527e-5933ac71e2fb4""",200,"2026-09-09T13:41:08Z"
"https://listdata.thelist.tas.gov.au/opendata/data/LIST_LANDSLIDE_PLANNING_MAP_COMPONENTS_DORSET.zip","LIST_LANDSLIDE_PLANNING_MAP_COMPONENTS_DORSET.zip","LIST_LANDSLIDE_PLANNING_MAP_COMPONENTS_DORSET.zip",FALSE,54525952,"2019-09-24T02:28:00+1000",54487968,"2019-09-23T16:20:27Z","""1660837-33f6ba0-5933acc3606d6""",200,"2026-09-09T13:41:08Z"
"https://listdata.thelist.tas.gov.au/opendata/data/LIST_LANDSLIDE_PLANNING_MAP_COMPONENTS_FLINDERS.zip","LIST_LANDSLIDE_PLANNING_MAP_COMPONENTS_FLINDERS.zip","LIST_LANDSLIDE_PLANNING_MAP_COMPONENTS_FLINDERS.zip",FALSE,36700160,"2019-09-24T02:11:00+1000",36562503,"2019-09-23T16:21:10Z","""1660839-22de647-5933aced2a1dd""",200,"2026-09-09T13:41:08Z"
"https://listdata.thelist.tas.gov.au/opendata/data/LIST_LANDSLIDE_PLANNING_MAP_COMPONENTS_GEORGE_TOWN.zip","LIST_LANDSLIDE_PLANNING_MAP_COMPONENTS_GEORGE_TOWN.zip","LIST_LANDSLIDE_PLANNING_MAP_COMPONENTS_GEORGE_TOWN.zip",FALSE,42991616,"2019-09-24T02:26:00+1000",43373303,"2019-09-23T16:31:18Z","""166083c-295d2f7-5933af3097c46""",200,"2026-09-09T13:41:08Z"
"https://listdata.thelist.tas.gov.au/opendata/data/LIST_LANDSLIDE_PLANNING_MAP_COMPONENTS_GLAMORGAN_SPRING_BAY.zip","LIST_LANDSLIDE_PLANNING_MAP_COMPONENTS_GLAMORGAN_SPRING_BAY.zip","LIST_LANDSLIDE_PLANNING_MAP_COMPONENTS_GLAMORGAN_SPRING_BAY.zip",FALSE,82837504,"2019-10-17T09:29:00+1100",83194826,"2019-09-23T16:16:16Z","""166082f-4f573ca-5933abd46b31a""",200,"2026-09-09T13:41:08Z"
"https://listdata.thelist.tas.gov.au/opendata/data/LIST_LANDSLIDE_PLANNING_MAP_COMPONENTS_GLENORCHY.zip","LIST_LANDSLIDE_PLANNING_MAP_COMPONENTS_GLENORCHY.zip","LIST_LANDSLIDE_PLANNING_MAP_COMPONENTS_GLENORCHY.zip",FALSE,28311552,"2019-09-24T02:14:00+1000",28581626,"2019-09-23T16:27:17Z","""1660824-1b41efa-5933ae4ac833c""",200,"2026-09-09T13:41:08Z"
"https://listdata.thelist.tas.gov.au/opendata/data/LIST_LANDSLIDE_PLANNING_MAP_COMPONENTS_HOBART.zip","LIST_LANDSLIDE_PLANNING_MAP_COMPONENTS_HOBART.zip","LIST_LANDSLIDE_PLANNING_MAP_COMPONENTS_HOBART.zip",FALSE,27262976,"2019-09-24T02:10:00+1000",27502011,"2019-09-23T16:32:48Z","""1660823-1a3a5bb-5933af8663662""",200,"2026-09-09T13:41:08Z"
"https://listdata.thelist.tas.gov.au/opendata/data/LIST_LANDSLIDE_PLANNING_MAP_COMPONENTS_HUON_VALLEY.zip","LIST_LANDSLIDE_PLANNING_MAP_COMPONENTS_HUON_VALLEY.zip","LIST_LANDSLIDE_PLANNING_MAP_COMPONENTS_HUON_VALLEY.zip",FALSE,411041792,"2019-09-24T02:22:00+1000",411069186,"2019-09-23T16:34:28Z","""1660835-18806b02-5933afe61b044""",200,"2026-09-09T13:41:08Z"
"https://listdata.thelist.tas.gov.au/opendata/data/LIST_LANDSLIDE_PLANNING_MAP_COMPONENTS_KENTISH.zip","LIST_LANDSLIDE_PLANNING_MAP_COMPONENTS_KENTISH.zip","LIST_LANDSLIDE_PLANNING_MAP_COMPONENTS_KENTISH.zip",FALSE,69206016,"2019-09-24T02:30:00+1000",69526435,"2019-09-23T16:25:11Z","""166082d-424e3a3-5933add2cbea9""",200,"2026-09-09T13:41:08Z"
"https://listdata.thelist.tas.gov.au/opendata/data/LIST_LANDSLIDE_PLANNING_MAP_COMPONENTS_KING_ISLAND.zip","LIST_LANDSLIDE_PLANNING_MAP_COMPONENTS_KING_ISLAND.zip","LIST_LANDSLIDE_PLANNING_MAP_COMPONENTS_KING_ISLAND.zip",FALSE,12582912,"2021-01-19T10:38:00+1100",12785923,"2019-09-23T16:21:57Z","""166083a-c31903-5933ad1974857""",200,"2026-09-09T13:41:08Z"
"https://listdata.thelist.tas.gov.au/opendata/data/LIST_LANDSLIDE_PLANNING_MAP_COMPONENTS_KINGBOROUGH.zip","LIST_LANDSLIDE_PLANNING_MAP_COMPONENTS_KINGBOROUGH.zip","LIST_LANDSLIDE_PLANNING_MAP_COMPONENTS_KINGBOROUGH.zip",FALSE,33554432,"2021-01-19T13:20:00+1100",34038587,"2019-09-23T16:32:05Z","""1660820-207633b-5933af5d39e40""",200,"2026-09-09T13:41:08Z"
"https://listdata.thelist.tas.gov.au/opendata/data/LIST_LANDSLIDE_PLANNING_MAP_COMPONENTS_LATROBE.zip","LIST_LANDSLIDE_PLANNING_MAP_COMPONENTS_LATROBE.zip","LIST_LANDSLIDE_PLANNING_MAP_COMPONENTS_LATROBE.zip",FALSE,28311552,"2021-01-19T10:52:00+1100",28556143,"2019-09-23T16:15:27Z","""166082c-1b3bb6f-5933aba58d009""",200,"2026-09-09T13:41:08Z"
"https://listdata.thelist.tas.gov.au/opendata/data/LIST_LANDSLIDE_PLANNING_MAP_COMPONENTS_LAUNCESTON.zip","LIST_LANDSLIDE_PLANNING_MAP_COMPONENTS_LAUNCESTON.zip","LIST_LANDSLIDE_PLANNING_MAP_COMPONENTS_LAUNCESTON.zip",FALSE,104857600,"2021-01-19T10:55:00+1100",104660330,"2019-09-23T16:33:35Z","""1660829-63cfd6a-5933afb2fde4e""",200,"2026-09-09T13:41:08Z"
"https://listdata.thelist.tas.gov.au/opendata/data/LIST_LANDSLIDE_PLANNING_MAP_COMPONENTS_MEANDER_VALLEY.zip","LIST_LANDSLIDE_PLANNING_MAP_COMPONENTS_MEANDER_VALLEY.zip","LIST_LANDSLIDE_PLANNING_MAP_COMPONENTS_MEANDER_VALLEY.zip",FALSE,219152384,"2021-01-19T13:04:00+1100",219578416,"2019-09-23T16:35:48Z","""1660834-d168030-5933b03246f04""",200,"2026-09-09T13:41:08Z"
"https://listdata.thelist.tas.gov.au/opendata/data/LIST_LANDSLIDE_PLANNING_MAP_COMPONENTS_NORTHERN_MIDLANDS.zip","LIST_LANDSLIDE_PLANNING_MAP_COMPONENTS_NORTHERN_MIDLANDS.zip","LIST_LANDSLIDE_PLANNING_MAP_COMPONENTS_NORTHERN_MIDLANDS.zip",FALSE,133169152,"2021-01-19T11:03:00+1100",133688308,"2019-09-23T16:28:29Z","""1660838-7f7ebf4-5933ae8f0b000""",200,"2026-09-09T13:41:08Z"
"https://listdata.thelist.tas.gov.au/opendata/data/LIST_LANDSLIDE_PLANNING_MAP_COMPONENTS_SORELL.zip","LIST_LANDSLIDE_PLANNING_MAP_COMPONENTS_SORELL.zip","LIST_LANDSLIDE_PLANNING_MAP_COMPONENTS_SORELL.zip",FALSE,28311552,"2021-01-19T13:24:00+1100",28517916,"2019-09-23T16:11:26Z","""1660826-1b3261c-5933aac04a8ff""",200,"2026-09-09T13:41:08Z"
"https://listdata.thelist.tas.gov.au/opendata/data/LIST_LANDSLIDE_PLANNING_MAP_COMPONENTS_SOUTHERN_MIDLANDS.zip","LIST_LANDSLIDE_PLANNING_MAP_COMPONENTS_SOUTHERN_MIDLANDS.zip","LIST_LANDSLIDE_PLANNING_MAP_COMPONENTS_SOUTHERN_MIDLANDS.zip",FALSE,110100480,"2021-01-19T12:23:00+1100",110597547,"2019-09-23T16:26:18Z","""166082e-69795ab-5933ae127810c""",200,"2026-09-09T13:41:08Z"
"https://listdata.thelist.tas.gov.au/opendata/data/LIST_LANDSLIDE_PLANNING_MAP_COMPONENTS_STATEWIDE.zip","LIST_LANDSLIDE_PLANNING_MAP_COMPONENTS_STATEWIDE.zip","LIST_LANDSLIDE_PLANNING_MAP_COMPONENTS_STATEWIDE.zip",FALSE,502267904,"2021-01-19T12:25:00+1100",502408178,"2019-10-16T22:29:54Z","""16607d9-1df223f2-5950ea3d933a7""",200,"2026-09-09T13:41:08Z"
"https://listdata.thelist.tas.gov.au/opendata/data/LIST_LANDSLIDE_PLANNING_MAP_COMPONENTS_TASMAN.zip","LIST_LANDSLIDE_PLANNING_MAP_COMPONENTS_TASMAN.zip","LIST_LANDSLIDE_PLANNING_MAP_COMPONENTS_TASMAN.zip",FALSE,23068672,"2021-01-19T13:32:00+1100",23183766,"2019-09-23T16:14:40Z","""166082b-161c196-5933ab7878773""",200,"2026-09-09T13:41:08Z"
"https://listdata.thelist.tas.gov.au/opendata/data/LIST_LANDSLIDE_PLANNING_MAP_COMPONENTS_WARATAH_WYNYARD.zip","LIST_LANDSLIDE_PLANNING_MAP_COMPONENTS_WARATAH_WYNYARD.zip","LIST_LANDSLIDE_PLANNING_MAP_COMPONENTS_WARATAH_WYNYARD.zip",FALSE,1677721.6,"2021-01-19T11:06:00+1100",1635275,"2019-09-23T16:10:17Z","""1660825-18f3cb-5933aa7dff2cb""",200,"2026-09-09T13:41:08Z"
"https://listdata.thelist.tas.gov.au/opendata/data/LIST_LANDSLIDE_PLANNING_MAP_COMPONENTS_WEST_COAST.zip","LIST_LANDSLIDE_PLANNING_MAP_COMPONENTS_WEST_COAST.zip","LIST_LANDSLIDE_PLANNING_MAP_COMPONENTS_WEST_COAST.zip",FALSE,972029952,"2021-01-19T13:55:00+1100",971760662,"2019-09-23T16:22:54Z","""166083b-39ebe416-5933ad500e124""",200,"2026-09-09T13:41:08Z"
"https://listdata.thelist.tas.gov.au/opendata/data/LIST_LANDSLIDE_PLANNING_MAP_COMPONENTS_WEST_TAMAR.zip","LIST_LANDSLIDE_PLANNING_MAP_COMPONENTS_WEST_TAMAR.zip","LIST_LANDSLIDE_PLANNING_MAP_COMPONENTS_WEST_TAMAR.zip",FALSE,60817408,"2021-01-19T12:37:00+1100",61121268,"2019-09-23T16:30:34Z","""1660827-3a4a2f4-5933af06b7325""",200,"2026-09-09T13:41:08Z"
"https://listdata.thelist.tas.gov.au/opendata/data/LIST_LANDSLIDE_PLANNING_MAP_HAZARD_BANDS_BREAK_O_DAY.zip","LIST_LANDSLIDE_PLANNING_MAP_HAZARD_BANDS_BREAK_O_DAY.zip","LIST_LANDSLIDE_PLANNING_MAP_HAZARD_BANDS_BREAK_O_DAY.zip",FALSE,354418688,"2021-01-19T14:05:00+1100",354511489,"2021-01-19T02:20:37Z","""166080b-15216a81-5b9377becebf4""",200,"2026-09-09T13:41:08Z"
"https://listdata.thelist.tas.gov.au/opendata/data/LIST_LANDSLIDE_PLANNING_MAP_HAZARD_BANDS_BRIGHTON.zip","LIST_LANDSLIDE_PLANNING_MAP_HAZARD_BANDS_BRIGHTON.zip","LIST_LANDSLIDE_PLANNING_MAP_HAZARD_BANDS_BRIGHTON.zip",FALSE,15728640,"2021-01-19T13:51:00+1100",15992324,"2021-01-18T23:38:49Z","""1660804-f40604-5b93539528c9a""",200,"2026-09-09T13:41:08Z"
"https://listdata.thelist.tas.gov.au/opendata/data/LIST_LANDSLIDE_PLANNING_MAP_HAZARD_BANDS_BURNIE.zip","LIST_LANDSLIDE_PLANNING_MAP_HAZARD_BANDS_BURNIE.zip","LIST_LANDSLIDE_PLANNING_MAP_HAZARD_BANDS_BURNIE.zip",FALSE,74448896,"2021-01-19T14:43:00+1100",74791392,"2021-01-18T23:52:17Z","""1660813-47539e0-5b9356976e01c""",200,"2026-09-09T13:41:08Z"
"https://listdata.thelist.tas.gov.au/opendata/data/LIST_LANDSLIDE_PLANNING_MAP_HAZARD_BANDS_CENTRAL_COAST.zip","LIST_LANDSLIDE_PLANNING_MAP_HAZARD_BANDS_CENTRAL_COAST.zip","LIST_LANDSLIDE_PLANNING_MAP_HAZARD_BANDS_CENTRAL_COAST.zip",FALSE,121634816,"2021-01-19T12:04:00+1100",122109112,"2021-01-18T23:55:35Z","""1660814-7473cb8-5b935754a0d32""",200,"2026-09-09T13:41:08Z"
"https://listdata.thelist.tas.gov.au/opendata/data/LIST_LANDSLIDE_PLANNING_MAP_HAZARD_BANDS_CENTRAL_HIGHLANDS.zip","LIST_LANDSLIDE_PLANNING_MAP_HAZARD_BANDS_CENTRAL_HIGHLANDS.zip","LIST_LANDSLIDE_PLANNING_MAP_HAZARD_BANDS_CENTRAL_HIGHLANDS.zip",FALSE,390070272,"2021-01-19T14:01:00+1100",389620570,"2021-01-19T02:04:52Z","""1660816-1739235a-5b937439c3b73""",200,"2026-09-09T13:41:08Z"
"https://listdata.thelist.tas.gov.au/opendata/data/LIST_LANDSLIDE_PLANNING_MAP_HAZARD_BANDS_CIRCULAR_HEAD.zip","LIST_LANDSLIDE_PLANNING_MAP_HAZARD_BANDS_CIRCULAR_HEAD.zip","LIST_LANDSLIDE_PLANNING_MAP_HAZARD_BANDS_CIRCULAR_HEAD.zip",FALSE,347078656,"2021-01-19T11:08:00+1100",346813819,"2021-01-19T00:03:26Z","""1660819-14abf57b-5b935915b0b03""",200,"2026-09-09T13:41:08Z"
"https://listdata.thelist.tas.gov.au/opendata/data/LIST_LANDSLIDE_PLANNING_MAP_HAZARD_BANDS_CLARENCE.zip","LIST_LANDSLIDE_PLANNING_MAP_HAZARD_BANDS_CLARENCE.zip","LIST_LANDSLIDE_PLANNING_MAP_HAZARD_BANDS_CLARENCE.zip",FALSE,41943040,"2021-01-19T12:28:00+1100",41568759,"2021-01-19T02:24:08Z","""166080d-27a49f7-5b937888523e2""",200,"2026-09-09T13:41:08Z"
"https://listdata.thelist.tas.gov.au/opendata/data/LIST_LANDSLIDE_PLANNING_MAP_HAZARD_BANDS_DERWENT_VALLEY.zip","LIST_LANDSLIDE_PLANNING_MAP_HAZARD_BANDS_DERWENT_VALLEY.zip","LIST_LANDSLIDE_PLANNING_MAP_HAZARD_BANDS_DERWENT_VALLEY.zip",FALSE,452984832,"2021-01-19T15:10:00+1100",452739691,"2021-01-19T01:23:40Z","""1660805-1afc426b-5b936b0444e39""",200,"2026-09-09T13:41:08Z"
"https://listdata.thelist.tas.gov.au/opendata/data/LIST_LANDSLIDE_PLANNING_MAP_HAZARD_BANDS_DEVONPORT.zip","LIST_LANDSLIDE_PLANNING_MAP_HAZARD_BANDS_DEVONPORT.zip","LIST_LANDSLIDE_PLANNING_MAP_HAZARD_BANDS_DEVONPORT.zip",FALSE,15728640,"2021-01-19T14:58:00+1100",15314742,"2021-01-19T01:25:51Z","""1660815-e9af36-5b936b8163e33""",200,"2026-09-09T13:41:08Z"
"https://listdata.thelist.tas.gov.au/opendata/data/LIST_LANDSLIDE_PLANNING_MAP_HAZARD_BANDS_DORSET.zip","LIST_LANDSLIDE_PLANNING_MAP_HAZARD_BANDS_DORSET.zip","LIST_LANDSLIDE_PLANNING_MAP_HAZARD_BANDS_DORSET.zip",FALSE,158334976,"2021-01-19T13:47:00+1100",158723715,"2021-01-19T02:32:21Z","""166081a-975ee83-5b937a5ee0794""",200,"2026-09-09T13:41:08Z"
"https://listdata.thelist.tas.gov.au/opendata/data/LIST_LANDSLIDE_PLANNING_MAP_HAZARD_BANDS_FLINDERS.zip","LIST_LANDSLIDE_PLANNING_MAP_HAZARD_BANDS_FLINDERS.zip","LIST_LANDSLIDE_PLANNING_MAP_HAZARD_BANDS_FLINDERS.zip",FALSE,52428800,"2021-01-19T13:35:00+1100",52404675,"2021-01-19T00:06:04Z","""166081c-31fa1c3-5b9359aca93bc""",200,"2026-09-09T13:41:08Z"
"https://listdata.thelist.tas.gov.au/opendata/data/LIST_LANDSLIDE_PLANNING_MAP_HAZARD_BANDS_GEORGE_TOWN.zip","LIST_LANDSLIDE_PLANNING_MAP_HAZARD_BANDS_GEORGE_TOWN.zip","LIST_LANDSLIDE_PLANNING_MAP_HAZARD_BANDS_GEORGE_TOWN.zip",FALSE,68157440,"2021-01-19T12:45:00+1100",67795435,"2021-01-19T02:55:35Z","""166081f-40a79eb-5b937f9005f98""",200,"2026-09-09T13:41:08Z"
"https://listdata.thelist.tas.gov.au/opendata/data/LIST_LANDSLIDE_PLANNING_MAP_HAZARD_BANDS_GLAMORGAN_SPRING_BAY.zip","LIST_LANDSLIDE_PLANNING_MAP_HAZARD_BANDS_GLAMORGAN_SPRING_BAY.zip","LIST_LANDSLIDE_PLANNING_MAP_HAZARD_BANDS_GLAMORGAN_SPRING_BAY.zip",FALSE,239075328,"2021-01-19T10:49:00+1100",239336069,"2021-01-19T01:37:34Z","""1660812-e43fa85-5b936e20471d5""",200,"2026-09-09T13:41:08Z"
"https://listdata.thelist.tas.gov.au/opendata/data/LIST_LANDSLIDE_PLANNING_MAP_HAZARD_BANDS_GLENORCHY.zip","LIST_LANDSLIDE_PLANNING_MAP_HAZARD_BANDS_GLENORCHY.zip","LIST_LANDSLIDE_PLANNING_MAP_HAZARD_BANDS_GLENORCHY.zip",FALSE,44040192,"2021-01-19T10:47:00+1100",44555211,"2021-01-19T03:05:17Z","""1660807-2a7dbcb-5b9381bb0c619""",200,"2026-09-09T13:41:08Z"
"https://listdata.thelist.tas.gov.au/opendata/data/LIST_LANDSLIDE_PLANNING_MAP_HAZARD_BANDS_HOBART.zip","LIST_LANDSLIDE_PLANNING_MAP_HAZARD_BANDS_HOBART.zip","LIST_LANDSLIDE_PLANNING_MAP_HAZARD_BANDS_HOBART.zip",FALSE,42991616,"2021-01-19T11:58:00+1100",42922973,"2021-01-19T02:51:07Z","""1660806-28ef3dd-5b937e902edc2""",200,"2026-09-09T13:41:08Z"
"https://listdata.thelist.tas.gov.au/opendata/data/LIST_LANDSLIDE_PLANNING_MAP_HAZARD_BANDS_HUON_VALLEY.zip","LIST_LANDSLIDE_PLANNING_MAP_HAZARD_BANDS_HUON_VALLEY.zip","LIST_LANDSLIDE_PLANNING_MAP_HAZARD_BANDS_HUON_VALLEY.zip",FALSE,642777088,"2021-01-19T15:19:00+1100",643204267,"2021-01-19T03:43:29Z","""1660818-265684ab-5b938a4515601""",200,"2026-09-09T13:41:08Z"
"https://listdata.thelist.tas.gov.au/opendata/data/LIST_LANDSLIDE_PLANNING_MAP_HAZARD_BANDS_KENTISH.zip","LIST_LANDSLIDE_PLANNING_MAP_HAZARD_BANDS_KENTISH.zip","LIST_LANDSLIDE_PLANNING_MAP_HAZARD_BANDS_KENTISH.zip",FALSE,109051904,"2025-07-17T13:11:00+1000",109173634,"2021-01-19T01:04:44Z","""1660810-681db82-5b9366c9683e5""",200,"2026-09-09T13:41:08Z"
"https://listdata.thelist.tas.gov.au/opendata/data/LIST_LANDSLIDE_PLANNING_MAP_HAZARD_BANDS_KING_ISLAND.zip","LIST_LANDSLIDE_PLANNING_MAP_HAZARD_BANDS_KING_ISLAND.zip","LIST_LANDSLIDE_PLANNING_MAP_HAZARD_BANDS_KING_ISLAND.zip",FALSE,29360128,"2021-01-15T11:02:00+1100",29506021,"2021-01-19T00:08:06Z","""166081d-1c239e5-5b935a206bf0c""",200,"2026-09-09T13:41:08Z"
"https://listdata.thelist.tas.gov.au/opendata/data/LIST_LANDSLIDE_PLANNING_MAP_HAZARD_BANDS_KINGBOROUGH.zip","LIST_LANDSLIDE_PLANNING_MAP_HAZARD_BANDS_KINGBOROUGH.zip","LIST_LANDSLIDE_PLANNING_MAP_HAZARD_BANDS_KINGBOROUGH.zip",FALSE,97517568,"2025-07-10T09:27:00+1000",97773743,"2021-01-19T03:01:33Z","""16607fd-5d3e8af-5b9380e56db59""",200,"2026-09-09T13:41:08Z"
"https://listdata.thelist.tas.gov.au/opendata/data/LIST_LANDSLIDE_PLANNING_MAP_HAZARD_BANDS_LATROBE.zip","LIST_LANDSLIDE_PLANNING_MAP_HAZARD_BANDS_LATROBE.zip","LIST_LANDSLIDE_PLANNING_MAP_HAZARD_BANDS_LATROBE.zip",FALSE,44040192,"2021-01-15T11:33:00+1100",44457780,"2021-01-19T01:28:26Z","""166080f-2a65f34-5b936c15a2263""",200,"2026-09-09T13:41:08Z"
"https://listdata.thelist.tas.gov.au/opendata/data/LIST_LANDSLIDE_PLANNING_MAP_HAZARD_BANDS_LAUNCESTON.zip","LIST_LANDSLIDE_PLANNING_MAP_HAZARD_BANDS_LAUNCESTON.zip","LIST_LANDSLIDE_PLANNING_MAP_HAZARD_BANDS_LAUNCESTON.zip",FALSE,165675008,"2021-01-15T11:03:00+1100",166004877,"2021-01-19T04:10:04Z","""166080c-9e5088d-5b9390364c2bd""",200,"2026-09-09T13:41:08Z"
"https://listdata.thelist.tas.gov.au/opendata/data/LIST_LANDSLIDE_PLANNING_MAP_HAZARD_BANDS_MEANDER_VALLEY.zip","LIST_LANDSLIDE_PLANNING_MAP_HAZARD_BANDS_MEANDER_VALLEY.zip","LIST_LANDSLIDE_PLANNING_MAP_HAZARD_BANDS_MEANDER_VALLEY.zip",FALSE,220200960,"2021-01-15T11:07:00+1100",219742819,"2021-01-19T03:58:05Z","""1660817-d190263-5b938d8802c29""",200,"2026-09-09T13:41:08Z"
"https://listdata.thelist.tas.gov.au/opendata/data/LIST_LANDSLIDE_PLANNING_MAP_HAZARD_BANDS_NORTHERN_MIDLANDS.zip","LIST_LANDSLIDE_PLANNING_MAP_HAZARD_BANDS_NORTHERN_MIDLANDS.zip","LIST_LANDSLIDE_PLANNING_MAP_HAZARD_BANDS_NORTHERN_MIDLANDS.zip",FALSE,211812352,"2021-01-15T11:09:00+1100",211514597,"2021-01-19T02:47:36Z","""166081b-c9b74e5-5b937dc6da88e""",200,"2026-09-09T13:41:08Z"
"https://listdata.thelist.tas.gov.au/opendata/data/LIST_LANDSLIDE_PLANNING_MAP_HAZARD_BANDS_SORELL.zip","LIST_LANDSLIDE_PLANNING_MAP_HAZARD_BANDS_SORELL.zip","LIST_LANDSLIDE_PLANNING_MAP_HAZARD_BANDS_SORELL.zip",FALSE,39845888,"2021-01-15T11:30:00+1100",40207014,"2021-01-19T02:35:51Z","""1660809-26582a6-5b937b274a931""",200,"2026-09-09T13:41:08Z"
"https://listdata.thelist.tas.gov.au/opendata/data/LIST_LANDSLIDE_PLANNING_MAP_HAZARD_BANDS_SOUTHERN_MIDLANDS.zip","LIST_LANDSLIDE_PLANNING_MAP_HAZARD_BANDS_SOUTHERN_MIDLANDS.zip","LIST_LANDSLIDE_PLANNING_MAP_HAZARD_BANDS_SOUTHERN_MIDLANDS.zip",FALSE,174063616,"2021-01-15T11:11:00+1100",174371113,"2021-01-19T01:45:12Z","""1660811-a64b129-5b936fd4cd456""",200,"2026-09-09T13:41:08Z"
"https://listdata.thelist.tas.gov.au/opendata/data/LIST_LANDSLIDE_PLANNING_MAP_HAZARD_BANDS_TASMAN.zip","LIST_LANDSLIDE_PLANNING_MAP_HAZARD_BANDS_TASMAN.zip","LIST_LANDSLIDE_PLANNING_MAP_HAZARD_BANDS_TASMAN.zip",FALSE,62914560,"2021-01-15T11:34:00+1100",62443612,"2021-01-18T23:49:39Z","""166080e-3b8d05c-5b93560096835""",200,"2026-09-09T13:41:08Z"
"https://listdata.thelist.tas.gov.au/opendata/data/LIST_LANDSLIDE_PLANNING_MAP_HAZARD_BANDS_WARATAH_WYNYARD.zip","LIST_LANDSLIDE_PLANNING_MAP_HAZARD_BANDS_WARATAH_WYNYARD.zip","LIST_LANDSLIDE_PLANNING_MAP_HAZARD_BANDS_WARATAH_WYNYARD.zip",FALSE,521142272,"2021-01-15T11:20:00+1100",521141319,"2021-01-18T23:47:16Z","""1660808-1f0ffc47-5b9355786f92f""",200,"2026-09-09T13:41:08Z"
"https://listdata.thelist.tas.gov.au/opendata/data/LIST_LANDSLIDE_PLANNING_MAP_HAZARD_BANDS_WEST_COAST.zip","LIST_LANDSLIDE_PLANNING_MAP_HAZARD_BANDS_WEST_COAST.zip","LIST_LANDSLIDE_PLANNING_MAP_HAZARD_BANDS_WEST_COAST.zip",FALSE,1503238553.6,"2021-01-15T11:21:00+1100",1515668384,"2021-01-19T00:58:34Z","""166081e-5a5743a0-5b936568427e4""",200,"2026-09-09T13:41:08Z"
"https://listdata.thelist.tas.gov.au/opendata/data/LIST_LANDSLIDE_PLANNING_MAP_HAZARD_BANDS_WEST_TAMAR.zip","LIST_LANDSLIDE_PLANNING_MAP_HAZARD_BANDS_WEST_TAMAR.zip","LIST_LANDSLIDE_PLANNING_MAP_HAZARD_BANDS_WEST_TAMAR.zip",FALSE,96468992,"2021-01-15T11:37:00+1100",96317684,"2021-01-19T04:19:50Z","""166080a-5bdb0f4-5b9392651e398""",200,"2026-09-09T13:41:08Z"
"https://listdata.thelist.tas.gov.au/opendata/data/LIST_LAYER_FILES_old.zip","LIST_LAYER_FILES_old.zip","LIST_LAYER_FILES_old.zip",FALSE,7444889.6,"2025-07-17T12:39:00+1000",7397580,"2025-11-18T06:05:21Z","""1660c86-70e0cc-643d83fb6e30d""",200,"2026-09-09T13:41:08Z"
"https://listdata.thelist.tas.gov.au/opendata/data/LIST_LAYER_FILES.zip","LIST_LAYER_FILES.zip","LIST_LAYER_FILES.zip",FALSE,7444889.6,"2025-07-17T12:40:00+1000",7421679,"2025-11-18T03:35:56Z","""1660b99-713eef-643d629589f00""",200,"2026-09-09T13:41:08Z"
"https://listdata.thelist.tas.gov.au/opendata/data/LIST_LAYERX_FILES.zip","LIST_LAYERX_FILES.zip","LIST_LAYERX_FILES.zip",FALSE,1740.8,"2025-07-17T12:29:00+1000",1697,"2022-03-31T07:24:13Z","""1660c2b-6a1-5db7e8c8c519b""",200,"2026-09-09T13:41:08Z"
"https://listdata.thelist.tas.gov.au/opendata/data/LIST_LEGISLATIVE_COUNCIL_DIVS_STATEWIDE.zip","LIST_LEGISLATIVE_COUNCIL_DIVS_STATEWIDE.zip","LIST_LEGISLATIVE_COUNCIL_DIVS_STATEWIDE.zip",FALSE,71303168,"2025-07-17T12:36:00+1000",71431225,"2025-07-17T02:27:28Z","""166061d-441f439-63a16c0348ebd""",200,"2026-09-09T13:41:08Z"
"https://listdata.thelist.tas.gov.au/opendata/data/LIST_LIQUOR_LICENCES_STATEWIDE.zip","LIST_LIQUOR_LICENCES_STATEWIDE.zip","LIST_LIQUOR_LICENCES_STATEWIDE.zip",FALSE,444416,"2025-07-17T12:30:00+1000",443940,"2026-08-14T05:45:04Z","""16607e5-6c624-658fb527b1e3f""",200,"2026-09-09T13:41:08Z"
"https://listdata.thelist.tas.gov.au/opendata/data/LIST_LIQUOR_LICENCES_STATEWIDE2.zip","LIST_LIQUOR_LICENCES_STATEWIDE2.zip","LIST_LIQUOR_LICENCES_STATEWIDE2.zip",FALSE,375808,"2025-07-17T12:34:00+1000",376076,"2018-07-06T00:45:15Z","""16607df-5bd0c-57049fa3089f2""",200,"2026-09-09T13:41:08Z"
"https://listdata.thelist.tas.gov.au/opendata/data/LIST_LOBSTER_BLOCKS_STATEWIDE.zip","LIST_LOBSTER_BLOCKS_STATEWIDE.zip","LIST_LOBSTER_BLOCKS_STATEWIDE.zip",FALSE,12582912,"2025-07-17T12:35:00+1000",12758298,"2025-07-18T00:05:41Z","""1660c19-c2ad1a-63a28e2fccd7c""",200,"2026-09-09T13:41:08Z"
"https://listdata.thelist.tas.gov.au/opendata/data/LIST_LOBSTER_SUB_BLOCKS_STATEWIDE.zip","LIST_LOBSTER_SUB_BLOCKS_STATEWIDE.zip","LIST_LOBSTER_SUB_BLOCKS_STATEWIDE.zip",FALSE,13631488,"2025-07-17T12:37:00+1000",13666468,"2025-07-18T00:05:52Z","""1660c1a-d088a4-63a28e3a7f32f""",200,"2026-09-09T13:41:08Z"
"https://listdata.thelist.tas.gov.au/opendata/data/LIST_LOCAL_GOVT_AREAS_STATEWIDE.zip","LIST_LOCAL_GOVT_AREAS_STATEWIDE.zip","LIST_LOCAL_GOVT_AREAS_STATEWIDE.zip",FALSE,33554432,"2025-07-10T08:27:00+1000",33258076,"2025-07-17T02:03:23Z","""166061e-1fb7a5c-63a166a1260f2""",200,"2026-09-09T13:41:08Z"
"https://listdata.thelist.tas.gov.au/opendata/data/LIST_LOCAL_GOVT_RESERVES_STATEWIDE.zip","LIST_LOCAL_GOVT_RESERVES_STATEWIDE.zip","LIST_LOCAL_GOVT_RESERVES_STATEWIDE.zip",FALSE,1363148.8,"2025-07-10T08:08:00+1000",1320663,"2025-07-09T23:27:19Z","""16605be-1426d7-639876b1013cc""",200,"2026-09-09T13:41:08Z"
"https://listdata.thelist.tas.gov.au/opendata/data/LIST_LOCALITY_POSTCODE_BREAK_O_DAY.zip","LIST_LOCALITY_POSTCODE_BREAK_O_DAY.zip","LIST_LOCALITY_POSTCODE_BREAK_O_DAY.zip",FALSE,4404019.2,"2025-07-17T12:31:00+1000",4393583,"2025-07-17T02:39:28Z","""166061f-430a6f-63a16eb18ac20""",200,"2026-09-09T13:41:08Z"
"https://listdata.thelist.tas.gov.au/opendata/data/LIST_LOCALITY_POSTCODE_BRIGHTON.zip","LIST_LOCALITY_POSTCODE_BRIGHTON.zip","LIST_LOCALITY_POSTCODE_BRIGHTON.zip",FALSE,975872,"2025-07-17T12:32:00+1000",976176,"2025-07-17T02:39:44Z","""1660620-ee530-63a16ec180971""",200,"2026-09-09T13:41:08Z"
"https://listdata.thelist.tas.gov.au/opendata/data/LIST_LOCALITY_POSTCODE_BURNIE.zip","LIST_LOCALITY_POSTCODE_BURNIE.zip","LIST_LOCALITY_POSTCODE_BURNIE.zip",FALSE,3565158.4,"2025-07-17T12:29:00+1000",3524247,"2025-07-17T02:29:22Z","""1660621-35c697-63a16c6fa0397""",200,"2026-09-09T13:41:08Z"
"https://listdata.thelist.tas.gov.au/opendata/data/LIST_LOCALITY_POSTCODE_CENTRAL_COAST.zip","LIST_LOCALITY_POSTCODE_CENTRAL_COAST.zip","LIST_LOCALITY_POSTCODE_CENTRAL_COAST.zip",FALSE,3250585.6,"2025-07-17T12:31:00+1000",3223192,"2025-07-17T02:36:31Z","""1660622-312e98-63a16e091ca8d""",200,"2026-09-09T13:41:08Z"
"https://listdata.thelist.tas.gov.au/opendata/data/LIST_LOCALITY_POSTCODE_CENTRAL_HIGHLANDS.zip","LIST_LOCALITY_POSTCODE_CENTRAL_HIGHLANDS.zip","LIST_LOCALITY_POSTCODE_CENTRAL_HIGHLANDS.zip",FALSE,3879731.2,"2025-07-17T12:32:00+1000",3863600,"2025-07-17T02:38:19Z","""1660623-3af430-63a16e6ff212b""",200,"2026-09-09T13:41:08Z"
"https://listdata.thelist.tas.gov.au/opendata/data/LIST_LOCALITY_POSTCODE_CIRCULAR_HEAD.zip","LIST_LOCALITY_POSTCODE_CIRCULAR_HEAD.zip","LIST_LOCALITY_POSTCODE_CIRCULAR_HEAD.zip",FALSE,12582912,"2025-07-17T12:34:00+1000",12481580,"2025-07-17T02:29:55Z","""1660624-be742c-63a16c8f42c34""",200,"2026-09-09T13:41:08Z"
"https://listdata.thelist.tas.gov.au/opendata/data/LIST_LOCALITY_POSTCODE_CLARENCE.zip","LIST_LOCALITY_POSTCODE_CLARENCE.zip","LIST_LOCALITY_POSTCODE_CLARENCE.zip",FALSE,3879731.2,"2025-07-17T12:31:00+1000",3903599,"2025-07-17T02:40:04Z","""1660625-3b906f-63a16ed440184""",200,"2026-09-09T13:41:08Z"
"https://listdata.thelist.tas.gov.au/opendata/data/LIST_LOCALITY_POSTCODE_DERWENT_VALLEY.zip","LIST_LOCALITY_POSTCODE_DERWENT_VALLEY.zip","LIST_LOCALITY_POSTCODE_DERWENT_VALLEY.zip",FALSE,2097152,"2025-07-17T12:33:00+1000",2066067,"2025-07-17T02:39:08Z","""1660626-1f8693-63a16e9f316d1""",200,"2026-09-09T13:41:08Z"
"https://listdata.thelist.tas.gov.au/opendata/data/LIST_LOCALITY_POSTCODE_DEVONPORT.zip","LIST_LOCALITY_POSTCODE_DEVONPORT.zip","LIST_LOCALITY_POSTCODE_DEVONPORT.zip",FALSE,1468006.4,"2025-07-17T12:32:00+1000",1464743,"2025-07-17T02:36:48Z","""1660627-1659a7-63a16e1935102""",200,"2026-09-09T13:41:08Z"
"https://listdata.thelist.tas.gov.au/opendata/data/LIST_LOCALITY_POSTCODE_DORSET.zip","LIST_LOCALITY_POSTCODE_DORSET.zip","LIST_LOCALITY_POSTCODE_DORSET.zip",FALSE,4299161.6,"2025-07-17T12:35:00+1000",4347029,"2025-07-17T02:30:14Z","""1660628-425495-63a16ca112fa3""",200,"2026-09-09T13:41:08Z"
"https://listdata.thelist.tas.gov.au/opendata/data/LIST_LOCALITY_POSTCODE_FLINDERS.zip","LIST_LOCALITY_POSTCODE_FLINDERS.zip","LIST_LOCALITY_POSTCODE_FLINDERS.zip",FALSE,13631488,"2025-07-17T12:36:00+1000",13705825,"2025-07-17T02:34:05Z","""1660629-d12261-63a16d7e0a0b3""",200,"2026-09-09T13:41:08Z"
"https://listdata.thelist.tas.gov.au/opendata/data/LIST_LOCALITY_POSTCODE_GEORGE_TOWN.zip","LIST_LOCALITY_POSTCODE_GEORGE_TOWN.zip","LIST_LOCALITY_POSTCODE_GEORGE_TOWN.zip",FALSE,2306867.2,"2025-07-17T12:33:00+1000",2265026,"2025-07-17T02:35:37Z","""166062a-228fc2-63a16dd550963""",200,"2026-09-09T13:41:08Z"
"https://listdata.thelist.tas.gov.au/opendata/data/LIST_LOCALITY_POSTCODE_GLAMORGAN_SPRING_BAY.zip","LIST_LOCALITY_POSTCODE_GLAMORGAN_SPRING_BAY.zip","LIST_LOCALITY_POSTCODE_GLAMORGAN_SPRING_BAY.zip",FALSE,10485760,"2025-07-17T12:31:00+1000",10502926,"2025-07-17T02:37:26Z","""166062b-a0430e-63a16e3d8d73e""",200,"2026-09-09T13:41:08Z"
"https://listdata.thelist.tas.gov.au/opendata/data/LIST_LOCALITY_POSTCODE_GLENORCHY.zip","LIST_LOCALITY_POSTCODE_GLENORCHY.zip","LIST_LOCALITY_POSTCODE_GLENORCHY.zip",FALSE,1153433.6,"2025-07-17T12:30:00+1000",1148356,"2025-07-17T02:31:21Z","""166062c-1185c4-63a16ce181e23""",200,"2026-09-09T13:41:08Z"
"https://listdata.thelist.tas.gov.au/opendata/data/LIST_LOCALITY_POSTCODE_HOBART.zip","LIST_LOCALITY_POSTCODE_HOBART.zip","LIST_LOCALITY_POSTCODE_HOBART.zip",FALSE,1153433.6,"2025-07-17T12:35:00+1000",1175853,"2025-07-17T02:32:33Z","""166062d-11f12d-63a16d25c6e69""",200,"2026-09-09T13:41:08Z"
"https://listdata.thelist.tas.gov.au/opendata/data/LIST_LOCALITY_POSTCODE_HUON_VALLEY.zip","LIST_LOCALITY_POSTCODE_HUON_VALLEY.zip","LIST_LOCALITY_POSTCODE_HUON_VALLEY.zip",FALSE,11534336,"2025-07-17T12:37:00+1000",11740370,"2025-07-17T02:29:00Z","""166062e-b324d2-63a16c5b16a9c""",200,"2026-09-09T13:41:08Z"
"https://listdata.thelist.tas.gov.au/opendata/data/LIST_LOCALITY_POSTCODE_KENTISH.zip","LIST_LOCALITY_POSTCODE_KENTISH.zip","LIST_LOCALITY_POSTCODE_KENTISH.zip",FALSE,1572864,"2025-07-17T12:03:00+1000",1606827,"2025-07-17T02:31:04Z","""166062f-1884ab-63a16cd127a68""",200,"2026-09-09T13:41:08Z"
"https://listdata.thelist.tas.gov.au/opendata/data/LIST_LOCALITY_POSTCODE_KING_ISLAND.zip","LIST_LOCALITY_POSTCODE_KING_ISLAND.zip","LIST_LOCALITY_POSTCODE_KING_ISLAND.zip",FALSE,7340032,"2019-01-18T11:45:00+1100",7370774,"2025-07-17T02:34:27Z","""1660630-707816-63a16d9253655""",200,"2026-09-09T13:41:08Z"
"https://listdata.thelist.tas.gov.au/opendata/data/LIST_LOCALITY_POSTCODE_KINGBOROUGH.zip","LIST_LOCALITY_POSTCODE_KINGBOROUGH.zip","LIST_LOCALITY_POSTCODE_KINGBOROUGH.zip",FALSE,6710886.4,"2025-07-10T09:27:00+1000",6729348,"2025-07-17T02:32:52Z","""1660631-66ae84-63a16d37d3282""",200,"2026-09-09T13:41:08Z"
"https://listdata.thelist.tas.gov.au/opendata/data/LIST_LOCALITY_POSTCODE_LATROBE.zip","LIST_LOCALITY_POSTCODE_LATROBE.zip","LIST_LOCALITY_POSTCODE_LATROBE.zip",FALSE,2202009.6,"2019-01-10T14:23:00+1100",2197268,"2025-07-17T02:31:58Z","""1660632-218714-63a16d045a3c0""",200,"2026-09-09T13:41:08Z"
"https://listdata.thelist.tas.gov.au/opendata/data/LIST_LOCALITY_POSTCODE_LAUNCESTON.zip","LIST_LOCALITY_POSTCODE_LAUNCESTON.zip","LIST_LOCALITY_POSTCODE_LAUNCESTON.zip",FALSE,1677721.6,"2025-07-10T12:53:00+1000",1728933,"2025-07-17T02:33:10Z","""1660633-1a61a5-63a16d48f180d""",200,"2026-09-09T13:41:08Z"
"https://listdata.thelist.tas.gov.au/opendata/data/LIST_LOCALITY_POSTCODE_MEANDER_VALLEY.zip","LIST_LOCALITY_POSTCODE_MEANDER_VALLEY.zip","LIST_LOCALITY_POSTCODE_MEANDER_VALLEY.zip",FALSE,2936012.8,"2025-07-10T09:27:00+1000",2932896,"2025-07-17T02:32:16Z","""1660634-2cc0a0-63a16d15c438b""",200,"2026-09-09T13:41:08Z"
"https://listdata.thelist.tas.gov.au/opendata/data/LIST_LOCALITY_POSTCODE_NORTHERN_MIDLANDS.zip","LIST_LOCALITY_POSTCODE_NORTHERN_MIDLANDS.zip","LIST_LOCALITY_POSTCODE_NORTHERN_MIDLANDS.zip",FALSE,1992294.4,"2023-06-09T02:03:00+1000",1961138,"2025-07-17T02:35:55Z","""1660635-1decb2-63a16de723fd9""",200,"2026-09-09T13:41:08Z"
"https://listdata.thelist.tas.gov.au/opendata/data/LIST_LOCALITY_POSTCODE_SORELL.zip","LIST_LOCALITY_POSTCODE_SORELL.zip","LIST_LOCALITY_POSTCODE_SORELL.zip",FALSE,1992294.4,"2018-02-09T11:29:00+1100",1998363,"2025-07-17T02:36:13Z","""1660636-1e7e1b-63a16df81d9c9""",200,"2026-09-09T13:41:08Z"
"https://listdata.thelist.tas.gov.au/opendata/data/LIST_LOCALITY_POSTCODE_SOUTHERN_MIDLANDS.zip","LIST_LOCALITY_POSTCODE_SOUTHERN_MIDLANDS.zip","LIST_LOCALITY_POSTCODE_SOUTHERN_MIDLANDS.zip",FALSE,1782579.2,"2022-05-18T16:01:00+1000",1790541,"2025-07-17T02:33:28Z","""1660637-1b524d-63a16d5a4155a""",200,"2026-09-09T13:41:08Z"
"https://listdata.thelist.tas.gov.au/opendata/data/LIST_LOCALITY_POSTCODE_TASMAN.zip","LIST_LOCALITY_POSTCODE_TASMAN.zip","LIST_LOCALITY_POSTCODE_TASMAN.zip",FALSE,7235174.4,"2025-07-10T08:29:00+1000",7224507,"2025-07-17T02:31:40Z","""1660638-6e3cbb-63a16cf3c31b6""",200,"2026-09-09T13:41:08Z"
"https://listdata.thelist.tas.gov.au/opendata/data/LIST_LOCALITY_POSTCODE_WARATAH_WYNYARD.zip","LIST_LOCALITY_POSTCODE_WARATAH_WYNYARD.zip","LIST_LOCALITY_POSTCODE_WARATAH_WYNYARD.zip",FALSE,2936012.8,"2025-07-10T08:29:00+1000",2955346,"2025-07-17T02:30:38Z","""1660639-2d1852-63a16cb82b236""",200,"2026-09-09T13:41:08Z"
"https://listdata.thelist.tas.gov.au/opendata/data/LIST_LOCALITY_POSTCODE_WEST_COAST.zip","LIST_LOCALITY_POSTCODE_WEST_COAST.zip","LIST_LOCALITY_POSTCODE_WEST_COAST.zip",FALSE,15728640,"2025-07-10T08:07:00+1000",16044139,"2025-07-17T02:35:19Z","""166063a-f4d06b-63a16dc435fdb""",200,"2026-09-09T13:41:08Z"
"https://listdata.thelist.tas.gov.au/opendata/data/LIST_LOCALITY_POSTCODE_WEST_TAMAR.zip","LIST_LOCALITY_POSTCODE_WEST_TAMAR.zip","LIST_LOCALITY_POSTCODE_WEST_TAMAR.zip",FALSE,2411724.8,"2025-07-10T08:24:00+1000",2369070,"2025-07-17T02:37:06Z","""166063b-24262e-63a16e2a44fc4""",200,"2026-09-09T13:41:08Z"
"https://listdata.thelist.tas.gov.au/opendata/data/LIST_MARINE_ACID_SULFATE_SOILS_STATEWIDE.zip","LIST_MARINE_ACID_SULFATE_SOILS_STATEWIDE.zip","LIST_MARINE_ACID_SULFATE_SOILS_STATEWIDE.zip",FALSE,18874368,"2025-07-10T08:31:00+1000",19203037,"2019-01-18T00:45:01Z","""16607e4-12503dd-57fb0d233805a""",200,"2026-09-09T13:41:08Z"
"https://listdata.thelist.tas.gov.au/opendata/data/LIST_MARINE_FARMING_ZONES_STATEWIDE.zip","LIST_MARINE_FARMING_ZONES_STATEWIDE.zip","LIST_MARINE_FARMING_ZONES_STATEWIDE.zip",FALSE,144384,"2025-07-10T08:28:00+1000",144341,"2019-01-10T03:23:38Z","""16605df-233d5-57f121abb6cf6""",200,"2026-09-09T13:41:08Z"
"https://listdata.thelist.tas.gov.au/opendata/data/LIST_MARINE_LEASES_STATEWIDE.zip","LIST_MARINE_LEASES_STATEWIDE.zip","LIST_MARINE_LEASES_STATEWIDE.zip",FALSE,159744,"2025-07-10T08:24:00+1000",160009,"2025-07-10T02:53:30Z","""166063c-27109-6398a4c6c3a56""",200,"2026-09-09T13:41:08Z"
"https://listdata.thelist.tas.gov.au/opendata/data/LIST_MARINE_NATURE_RESERVES_STATEWIDE.zip","LIST_MARINE_NATURE_RESERVES_STATEWIDE.zip","LIST_MARINE_NATURE_RESERVES_STATEWIDE.zip",FALSE,1887436.8,"2025-07-10T08:09:00+1000",1876678,"2025-07-09T23:27:26Z","""16605bf-1ca2c6-639876b7abff6""",200,"2026-09-09T13:41:08Z"
"https://listdata.thelist.tas.gov.au/opendata/data/LIST_NAMED_FEATURE_EXTENT_STATEWIDE.zip","LIST_NAMED_FEATURE_EXTENT_STATEWIDE.zip","LIST_NAMED_FEATURE_EXTENT_STATEWIDE.zip",FALSE,13631488,"2025-07-10T08:19:00+1000",13555907,"2023-06-08T16:03:00Z","""166063d-ced8c3-5fda062f591fc""",200,"2026-09-09T13:41:08Z"
"https://listdata.thelist.tas.gov.au/opendata/data/LIST_NCH_ES_BLUEBERRIES_STATEWIDE.zip","LIST_NCH_ES_BLUEBERRIES_STATEWIDE.zip","LIST_NCH_ES_BLUEBERRIES_STATEWIDE.zip",FALSE,19456,"2025-07-10T08:21:00+1000",19516,"2018-02-09T00:29:37Z","""16607c1-4c3c-564bc9f931b83""",200,"2026-09-09T13:41:08Z"
"https://listdata.thelist.tas.gov.au/opendata/data/LIST_NOMENCLATURE_CSV_STATEWIDE.zip","LIST_NOMENCLATURE_CSV_STATEWIDE.zip","LIST_NOMENCLATURE_CSV_STATEWIDE.zip",FALSE,15728640,"2025-07-10T08:26:00+1000",15642703,"2022-05-18T06:01:54Z","""16606a8-eeb04f-5df42fe84aec8""",200,"2026-09-09T13:41:08Z"
"https://listdata.thelist.tas.gov.au/opendata/data/LIST_PARCELS_BREAK_O_DAY.zip","LIST_PARCELS_BREAK_O_DAY.zip","LIST_PARCELS_BREAK_O_DAY.zip",FALSE,36700160,"2025-07-10T08:11:00+1000",36919709,"2025-07-09T22:29:03Z","""166047b-233599d-639869aabb326""",200,"2026-09-09T13:41:08Z"
"https://listdata.thelist.tas.gov.au/opendata/data/LIST_PARCELS_BRIGHTON.zip","LIST_PARCELS_BRIGHTON.zip","LIST_PARCELS_BRIGHTON.zip",FALSE,19922944,"2025-07-10T08:14:00+1000",19968267,"2025-07-09T22:29:42Z","""166047c-130b10b-639869cf5895f""",200,"2026-09-09T13:41:08Z"
"https://listdata.thelist.tas.gov.au/opendata/data/LIST_PARCELS_BURNIE.zip","LIST_PARCELS_BURNIE.zip","LIST_PARCELS_BURNIE.zip",FALSE,29360128,"2025-07-10T08:06:00+1000",29281658,"2025-07-09T22:07:11Z","""166047d-1becd7a-639864c7b13e0""",200,"2026-09-09T13:41:08Z"
"https://listdata.thelist.tas.gov.au/opendata/data/LIST_PARCELS_CENTRAL_COAST.zip","LIST_PARCELS_CENTRAL_COAST.zip","LIST_PARCELS_CENTRAL_COAST.zip",FALSE,34603008,"2025-07-10T08:10:00+1000",35072112,"2025-07-09T22:24:12Z","""166047e-2172870-639868951b514""",200,"2026-09-09T13:41:08Z"
"https://listdata.thelist.tas.gov.au/opendata/data/LIST_PARCELS_CENTRAL_HIGHLANDS.zip","LIST_PARCELS_CENTRAL_HIGHLANDS.zip","LIST_PARCELS_CENTRAL_HIGHLANDS.zip",FALSE,28311552,"2025-07-10T08:16:00+1000",28257162,"2025-07-09T22:27:22Z","""166047f-1af2b8a-6398694a23d65""",200,"2026-09-09T13:41:08Z"
"https://listdata.thelist.tas.gov.au/opendata/data/LIST_PARCELS_CIRCULAR_HEAD.zip","LIST_PARCELS_CIRCULAR_HEAD.zip","LIST_PARCELS_CIRCULAR_HEAD.zip",FALSE,55574528,"2025-07-10T08:19:00+1000",55710651,"2025-07-09T22:08:22Z","""1660480-35213bb-6398650ab13a7""",200,"2026-09-09T13:41:08Z"
"https://listdata.thelist.tas.gov.au/opendata/data/LIST_PARCELS_CLARENCE.zip","LIST_PARCELS_CLARENCE.zip","LIST_PARCELS_CLARENCE.zip",FALSE,68157440,"2025-07-10T08:12:00+1000",68538225,"2025-07-09T22:31:35Z","""1660481-415cf71-63986a3bea047""",200,"2026-09-09T13:41:08Z"
"https://listdata.thelist.tas.gov.au/opendata/data/LIST_PARCELS_DERWENT_VALLEY.zip","LIST_PARCELS_DERWENT_VALLEY.zip","LIST_PARCELS_DERWENT_VALLEY.zip",FALSE,25165824,"2025-07-10T08:17:00+1000",25190593,"2025-07-09T22:28:17Z","""1660482-18060c1-6398697ebca3b""",200,"2026-09-09T13:41:08Z"
"https://listdata.thelist.tas.gov.au/opendata/data/LIST_PARCELS_DEVONPORT.zip","LIST_PARCELS_DEVONPORT.zip","LIST_PARCELS_DEVONPORT.zip",FALSE,30408704,"2025-07-10T08:13:00+1000",30475496,"2025-07-09T22:24:57Z","""1660483-1d104e8-639868c074377""",200,"2026-09-09T13:41:08Z"
"https://listdata.thelist.tas.gov.au/opendata/data/LIST_PARCELS_DORSET.zip","LIST_PARCELS_DORSET.zip","LIST_PARCELS_DORSET.zip",FALSE,35651584,"2025-07-10T08:22:00+1000",35266715,"2025-07-09T22:09:06Z","""1660484-21a209b-63986534d09ed""",200,"2026-09-09T13:41:08Z"
"https://listdata.thelist.tas.gov.au/opendata/data/LIST_PARCELS_FLINDERS.zip","LIST_PARCELS_FLINDERS.zip","LIST_PARCELS_FLINDERS.zip",FALSE,40894464,"2025-07-10T08:23:00+1000",40678636,"2025-07-09T22:19:03Z","""1660485-26cb4ec-6398676e3c3c4""",200,"2026-09-09T13:41:08Z"
"https://listdata.thelist.tas.gov.au/opendata/data/LIST_PARCELS_GEORGE_TOWN.zip","LIST_PARCELS_GEORGE_TOWN.zip","LIST_PARCELS_GEORGE_TOWN.zip",FALSE,16777216,"2025-07-10T08:18:00+1000",16896394,"2025-07-09T22:21:51Z","""1660486-101d18a-6398680f0c840""",200,"2026-09-09T13:41:08Z"
"https://listdata.thelist.tas.gov.au/opendata/data/LIST_PARCELS_GLAMORGAN_SPRING_BAY.zip","LIST_PARCELS_GLAMORGAN_SPRING_BAY.zip","LIST_PARCELS_GLAMORGAN_SPRING_BAY.zip",FALSE,46137344,"2025-07-10T08:12:00+1000",46324845,"2025-07-09T22:26:43Z","""1660487-2c2dc6d-639869253c342""",200,"2026-09-09T13:41:08Z"
"https://listdata.thelist.tas.gov.au/opendata/data/LIST_PARCELS_GLENORCHY.zip","LIST_PARCELS_GLENORCHY.zip","LIST_PARCELS_GLENORCHY.zip",FALSE,51380224,"2025-07-10T08:09:00+1000",51402779,"2025-07-09T22:11:36Z","""1660488-310581b-639865c457a91""",200,"2026-09-09T13:41:08Z"
"https://listdata.thelist.tas.gov.au/opendata/data/LIST_PARCELS_HOBART.zip","LIST_PARCELS_HOBART.zip","LIST_PARCELS_HOBART.zip",FALSE,65011712,"2025-07-10T08:21:00+1000",64738666,"2025-07-09T22:14:55Z","""16606a9-3dbd56a-63986681c1d0e""",200,"2026-09-09T13:41:08Z"
"https://listdata.thelist.tas.gov.au/opendata/data/LIST_PARCELS_HUON_VALLEY.zip","LIST_PARCELS_HUON_VALLEY.zip","LIST_PARCELS_HUON_VALLEY.zip",FALSE,80740352,"2025-07-10T08:25:00+1000",80939902,"2025-07-09T22:06:29Z","""1660489-4d30b7e-6398649f57c92""",200,"2026-09-09T13:41:08Z"
"https://listdata.thelist.tas.gov.au/opendata/data/LIST_PARCELS_KENTISH.zip","LIST_PARCELS_KENTISH.zip","LIST_PARCELS_KENTISH.zip",FALSE,14680064,"2025-07-10T12:53:00+1000",15025807,"2025-07-09T22:10:24Z","""166048a-e5468f-6398657f79df7""",200,"2026-09-09T13:41:08Z"
"https://listdata.thelist.tas.gov.au/opendata/data/LIST_PARCELS_KING_ISLAND.zip","LIST_PARCELS_KING_ISLAND.zip","LIST_PARCELS_KING_ISLAND.zip",FALSE,20971520,"2025-07-17T15:00:00+1000",20804181,"2025-07-09T22:19:30Z","""166048c-13d7255-639867881c75a""",200,"2026-09-09T13:41:08Z"
"https://listdata.thelist.tas.gov.au/opendata/data/LIST_PARCELS_KINGBOROUGH.zip","LIST_PARCELS_KINGBOROUGH.zip","LIST_PARCELS_KINGBOROUGH.zip",FALSE,59768832,"2025-07-10T09:27:00+1000",59491663,"2025-07-09T22:16:05Z","""166048b-38bc54f-639866c4c5693""",200,"2026-09-09T13:41:08Z"
"https://listdata.thelist.tas.gov.au/opendata/data/LIST_PARCELS_LATROBE.zip","LIST_PARCELS_LATROBE.zip","LIST_PARCELS_LATROBE.zip",FALSE,22020096,"2020-01-07T15:12:00+1100",22029830,"2025-07-09T22:12:47Z","""166048d-1502606-6398660824113""",200,"2026-09-09T13:41:08Z"
"https://listdata.thelist.tas.gov.au/opendata/data/LIST_PARCELS_LAUNCESTON.zip","LIST_PARCELS_LAUNCESTON.zip","LIST_PARCELS_LAUNCESTON.zip",FALSE,81788928,"2020-01-07T14:52:00+1100",82304525,"2025-07-09T22:17:46Z","""166048e-4e7de0d-63986724f4e38""",200,"2026-09-09T13:41:08Z"
"https://listdata.thelist.tas.gov.au/opendata/data/LIST_PARCELS_MEANDER_VALLEY.zip","LIST_PARCELS_MEANDER_VALLEY.zip","LIST_PARCELS_MEANDER_VALLEY.zip",FALSE,36700160,"2020-01-07T15:03:00+1100",36986339,"2025-07-09T22:13:46Z","""166048f-2345de3-6398663fd8393""",200,"2026-09-09T13:41:08Z"
"https://listdata.thelist.tas.gov.au/opendata/data/LIST_PARCELS_NORTHERN_MIDLANDS.zip","LIST_PARCELS_NORTHERN_MIDLANDS.zip","LIST_PARCELS_NORTHERN_MIDLANDS.zip",FALSE,32505856,"2020-01-07T15:04:00+1100",32501987,"2025-07-09T22:22:41Z","""1660490-1eff0e3-6398683e1ed79""",200,"2026-09-09T13:41:08Z"
"https://listdata.thelist.tas.gov.au/opendata/data/LIST_PARCELS_SORELL.zip","LIST_PARCELS_SORELL.zip","LIST_PARCELS_SORELL.zip",FALSE,26214400,"2020-01-07T15:19:00+1100",26625334,"2025-07-09T22:23:20Z","""1660491-1964536-63986863c66e4""",200,"2026-09-09T13:41:08Z"
"https://listdata.thelist.tas.gov.au/opendata/data/LIST_PARCELS_SOUTHERN_MIDLANDS.zip","LIST_PARCELS_SOUTHERN_MIDLANDS.zip","LIST_PARCELS_SOUTHERN_MIDLANDS.zip",FALSE,19922944,"2020-01-07T15:06:00+1100",20350342,"2025-07-09T22:18:25Z","""1660492-1368586-6398674a419af""",200,"2026-09-09T13:41:08Z"
"https://listdata.thelist.tas.gov.au/opendata/data/LIST_PARCELS_TASMAN.zip","LIST_PARCELS_TASMAN.zip","LIST_PARCELS_TASMAN.zip",FALSE,27262976,"2020-01-07T14:57:00+1100",27115178,"2025-07-09T22:12:11Z","""1660494-19dbeaa-639865e55c2c9""",200,"2026-09-09T13:41:08Z"
"https://listdata.thelist.tas.gov.au/opendata/data/LIST_PARCELS_WARATAH_WYNYARD.zip","LIST_PARCELS_WARATAH_WYNYARD.zip","LIST_PARCELS_WARATAH_WYNYARD.zip",FALSE,30408704,"2020-01-07T14:54:00+1100",30629812,"2025-07-09T22:09:52Z","""1660496-1d35fb4-639865607a7bb""",200,"2026-09-09T13:41:08Z"
"https://listdata.thelist.tas.gov.au/opendata/data/LIST_PARCELS_WEST_COAST.zip","LIST_PARCELS_WEST_COAST.zip","LIST_PARCELS_WEST_COAST.zip",FALSE,68157440,"2020-01-07T15:05:00+1100",68323138,"2025-07-09T22:21:20Z","""1660497-4128742-639867f12da6a""",200,"2026-09-09T13:41:08Z"
"https://listdata.thelist.tas.gov.au/opendata/data/LIST_PARCELS_WEST_TAMAR.zip","LIST_PARCELS_WEST_TAMAR.zip","LIST_PARCELS_WEST_TAMAR.zip",FALSE,35651584,"2020-01-07T15:13:00+1100",35202663,"2025-07-09T22:25:49Z","""1660498-2192667-639868f1a5d95""",200,"2026-09-09T13:41:08Z"
"https://listdata.thelist.tas.gov.au/opendata/data/LIST_PARISH_TOWN_BDYS_STATEWIDE.zip","LIST_PARISH_TOWN_BDYS_STATEWIDE.zip","LIST_PARISH_TOWN_BDYS_STATEWIDE.zip",FALSE,15728640,"2020-01-07T15:08:00+1100",15532612,"2025-07-10T02:53:58Z","""1660641-ed0244-6398a4e18687c""",200,"2026-09-09T13:41:08Z"
"https://listdata.thelist.tas.gov.au/opendata/data/LIST_PRIVATE_RESERVES_STATEWIDE.zip","LIST_PRIVATE_RESERVES_STATEWIDE.zip","LIST_PRIVATE_RESERVES_STATEWIDE.zip",FALSE,3040870.4,"2020-01-07T15:22:00+1100",3074317,"2025-07-09T23:27:36Z","""16605c0-2ee90d-639876c0b7480""",200,"2026-09-09T13:41:08Z"
"https://listdata.thelist.tas.gov.au/opendata/data/LIST_PRIVATE_TIMBER_RESERVES_STATEWIDE.zip","LIST_PRIVATE_TIMBER_RESERVES_STATEWIDE.zip","LIST_PRIVATE_TIMBER_RESERVES_STATEWIDE.zip",FALSE,6186598.4,"2020-01-07T15:01:00+1100",6146836,"2025-07-17T05:00:15Z","""1660578-5dcb14-63a18e2996d1d""",200,"2026-09-09T13:41:08Z"
"https://listdata.thelist.tas.gov.au/opendata/data/LIST_PUBLIC_LAND_CLASS_BREAK_O_DAY.zip","LIST_PUBLIC_LAND_CLASS_BREAK_O_DAY.zip","LIST_PUBLIC_LAND_CLASS_BREAK_O_DAY.zip",FALSE,7969177.6,"2025-07-17T11:23:00+1000",7963634,"2025-07-17T01:31:30Z","""16605c1-7983f2-63a15f8074f5b""",200,"2026-09-09T13:41:08Z"
"https://listdata.thelist.tas.gov.au/opendata/data/LIST_PUBLIC_LAND_CLASS_BRIGHTON.zip","LIST_PUBLIC_LAND_CLASS_BRIGHTON.zip","LIST_PUBLIC_LAND_CLASS_BRIGHTON.zip",FALSE,1258291.2,"2025-07-17T11:24:00+1000",1229256,"2025-07-17T01:31:46Z","""16605c2-12c1c8-63a15f906c157""",200,"2026-09-09T13:41:08Z"
"https://listdata.thelist.tas.gov.au/opendata/data/LIST_PUBLIC_LAND_CLASS_BURNIE.zip","LIST_PUBLIC_LAND_CLASS_BURNIE.zip","LIST_PUBLIC_LAND_CLASS_BURNIE.zip",FALSE,2306867.2,"2025-07-17T11:21:00+1000",2342220,"2025-07-17T01:21:31Z","""16605c3-23bd4c-63a15d45bd9a2""",200,"2026-09-09T13:41:08Z"
"https://listdata.thelist.tas.gov.au/opendata/data/LIST_PUBLIC_LAND_CLASS_CENTRAL_COAST.zip","LIST_PUBLIC_LAND_CLASS_CENTRAL_COAST.zip","LIST_PUBLIC_LAND_CLASS_CENTRAL_COAST.zip",FALSE,3879731.2,"2025-07-17T11:23:00+1000",3878189,"2025-07-17T01:29:13Z","""16605c4-3b2d2d-63a15efe0769f""",200,"2026-09-09T13:41:08Z"
"https://listdata.thelist.tas.gov.au/opendata/data/LIST_PUBLIC_LAND_CLASS_CENTRAL_HIGHLANDS.zip","LIST_PUBLIC_LAND_CLASS_CENTRAL_HIGHLANDS.zip","LIST_PUBLIC_LAND_CLASS_CENTRAL_HIGHLANDS.zip",FALSE,5242880,"2025-07-17T11:25:00+1000",5256540,"2025-07-17T01:30:35Z","""16605c5-50355c-63a15f4c97290""",200,"2026-09-09T13:41:08Z"
"https://listdata.thelist.tas.gov.au/opendata/data/LIST_PUBLIC_LAND_CLASS_CIRCULAR_HEAD.zip","LIST_PUBLIC_LAND_CLASS_CIRCULAR_HEAD.zip","LIST_PUBLIC_LAND_CLASS_CIRCULAR_HEAD.zip",FALSE,22020096,"2025-07-17T11:26:00+1000",21665205,"2025-07-17T01:22:13Z","""16605c6-14a95b5-63a15d6d40cf8""",200,"2026-09-09T13:41:08Z"
"https://listdata.thelist.tas.gov.au/opendata/data/LIST_PUBLIC_LAND_CLASS_CLARENCE.zip","LIST_PUBLIC_LAND_CLASS_CLARENCE.zip","LIST_PUBLIC_LAND_CLASS_CLARENCE.zip",FALSE,3984588.8,"2025-07-17T11:24:00+1000",3959699,"2025-07-17T01:32:05Z","""16605c7-3c6b93-63a15fa1ae36c""",200,"2026-09-09T13:41:08Z"
"https://listdata.thelist.tas.gov.au/opendata/data/LIST_PUBLIC_LAND_CLASS_DERWENT_VALLEY.zip","LIST_PUBLIC_LAND_CLASS_DERWENT_VALLEY.zip","LIST_PUBLIC_LAND_CLASS_DERWENT_VALLEY.zip",FALSE,5557452.8,"2025-07-17T11:25:00+1000",5600337,"2025-07-17T01:31:07Z","""16605c8-557451-63a15f6ae8a37""",200,"2026-09-09T13:41:08Z"
"https://listdata.thelist.tas.gov.au/opendata/data/LIST_PUBLIC_LAND_CLASS_DEVONPORT.zip","LIST_PUBLIC_LAND_CLASS_DEVONPORT.zip","LIST_PUBLIC_LAND_CLASS_DEVONPORT.zip",FALSE,1468006.4,"2025-07-17T11:24:00+1000",1507568,"2025-07-17T01:29:30Z","""16605c9-1700f0-63a15f0ec08c6""",200,"2026-09-09T13:41:08Z"
"https://listdata.thelist.tas.gov.au/opendata/data/LIST_PUBLIC_LAND_CLASS_DORSET.zip","LIST_PUBLIC_LAND_CLASS_DORSET.zip","LIST_PUBLIC_LAND_CLASS_DORSET.zip",FALSE,8493465.6,"2025-07-17T11:28:00+1000",8444794,"2025-07-17T01:22:37Z","""16605ca-80db7a-63a15d840e5aa""",200,"2026-09-09T13:41:08Z"
"https://listdata.thelist.tas.gov.au/opendata/data/LIST_PUBLIC_LAND_CLASS_FLINDERS.zip","LIST_PUBLIC_LAND_CLASS_FLINDERS.zip","LIST_PUBLIC_LAND_CLASS_FLINDERS.zip",FALSE,18874368,"2020-01-08T11:18:00+1100",18405931,"2025-07-17T01:26:10Z","""16605cb-118da2b-63a15e4feb833""",200,"2026-09-09T13:41:08Z"
"https://listdata.thelist.tas.gov.au/opendata/data/LIST_PUBLIC_LAND_CLASS_GEORGE_TOWN.zip","LIST_PUBLIC_LAND_CLASS_GEORGE_TOWN.zip","LIST_PUBLIC_LAND_CLASS_GEORGE_TOWN.zip",FALSE,3250585.6,"2020-01-08T10:53:00+1100",3281058,"2025-07-17T01:28:18Z","""16605cc-3210a2-63a15eca06282""",200,"2026-09-09T13:41:08Z"
"https://listdata.thelist.tas.gov.au/opendata/data/LIST_PUBLIC_LAND_CLASS_GLAMORGAN_SPRING_BAY.zip","LIST_PUBLIC_LAND_CLASS_GLAMORGAN_SPRING_BAY.zip","LIST_PUBLIC_LAND_CLASS_GLAMORGAN_SPRING_BAY.zip",FALSE,15728640,"2020-01-08T11:06:00+1100",15331592,"2025-07-17T01:30:15Z","""16605cd-e9f108-63a15f39a10d1""",200,"2026-09-09T13:41:08Z"
"https://listdata.thelist.tas.gov.au/opendata/data/LIST_PUBLIC_LAND_CLASS_GLENORCHY.zip","LIST_PUBLIC_LAND_CLASS_GLENORCHY.zip","LIST_PUBLIC_LAND_CLASS_GLENORCHY.zip",FALSE,984064,"2020-01-08T11:07:00+1100",984533,"2025-07-17T01:23:36Z","""16605ce-f05d5-63a15dbcd0ba8""",200,"2026-09-09T13:41:08Z"
"https://listdata.thelist.tas.gov.au/opendata/data/LIST_PUBLIC_LAND_CLASS_HOBART.zip","LIST_PUBLIC_LAND_CLASS_HOBART.zip","LIST_PUBLIC_LAND_CLASS_HOBART.zip",FALSE,872448,"2020-01-08T11:28:00+1100",872926,"2025-07-17T01:24:51Z","""16605cf-d51de-63a15e048944f""",200,"2026-09-09T13:41:08Z"
"https://listdata.thelist.tas.gov.au/opendata/data/LIST_PUBLIC_LAND_CLASS_HUON_VALLEY.zip","LIST_PUBLIC_LAND_CLASS_HUON_VALLEY.zip","LIST_PUBLIC_LAND_CLASS_HUON_VALLEY.zip",FALSE,22020096,"2020-01-08T11:11:00+1100",21597780,"2025-07-17T01:21:14Z","""16605d0-1498e54-63a15d34e6e76""",200,"2026-09-09T13:41:08Z"
"https://listdata.thelist.tas.gov.au/opendata/data/LIST_PUBLIC_LAND_CLASS_KENTISH.zip","LIST_PUBLIC_LAND_CLASS_KENTISH.zip","LIST_PUBLIC_LAND_CLASS_KENTISH.zip",FALSE,2306867.2,"2020-01-08T11:00:00+1100",2321700,"2025-07-17T01:23:19Z","""16605d1-236d24-63a15dac964f5""",200,"2026-09-09T13:41:08Z"
"https://listdata.thelist.tas.gov.au/opendata/data/LIST_PUBLIC_LAND_CLASS_KING_ISLAND.zip","LIST_PUBLIC_LAND_CLASS_KING_ISLAND.zip","LIST_PUBLIC_LAND_CLASS_KING_ISLAND.zip",FALSE,8493465.6,"2020-01-08T11:09:00+1100",8486740,"2025-07-17T01:26:29Z","""16605d2-817f54-63a15e61e1d47""",200,"2026-09-09T13:41:08Z"
"https://listdata.thelist.tas.gov.au/opendata/data/LIST_PUBLIC_LAND_CLASS_KINGBOROUGH.zip","LIST_PUBLIC_LAND_CLASS_KINGBOROUGH.zip","LIST_PUBLIC_LAND_CLASS_KINGBOROUGH.zip",FALSE,6396313.6,"2020-01-08T10:55:00+1100",6387662,"2025-07-17T01:25:10Z","""16605d3-6177ce-63a15e16c9270""",200,"2026-09-09T13:41:08Z"
"https://listdata.thelist.tas.gov.au/opendata/data/LIST_PUBLIC_LAND_CLASS_LATROBE.zip","LIST_PUBLIC_LAND_CLASS_LATROBE.zip","LIST_PUBLIC_LAND_CLASS_LATROBE.zip",FALSE,3040870.4,"2020-01-08T11:20:00+1100",3055503,"2025-07-17T01:24:15Z","""16605d4-2e9f8f-63a15de23e1a8""",200,"2026-09-09T13:41:08Z"
"https://listdata.thelist.tas.gov.au/opendata/data/LIST_PUBLIC_LAND_CLASS_LAUNCESTON.zip","LIST_PUBLIC_LAND_CLASS_LAUNCESTON.zip","LIST_PUBLIC_LAND_CLASS_LAUNCESTON.zip",FALSE,2097152,"2020-01-08T11:13:00+1100",2094861,"2025-07-17T01:25:27Z","""16605d5-1ff70d-63a15e26bf66a""",200,"2026-09-09T13:41:08Z"
"https://listdata.thelist.tas.gov.au/opendata/data/LIST_PUBLIC_LAND_CLASS_MEANDER_VALLEY.zip","LIST_PUBLIC_LAND_CLASS_MEANDER_VALLEY.zip","LIST_PUBLIC_LAND_CLASS_MEANDER_VALLEY.zip",FALSE,4194304,"2020-01-08T11:31:00+1100",4197717,"2025-07-17T01:24:34Z","""16605d6-400d55-63a15df475c7d""",200,"2026-09-09T13:41:08Z"
"https://listdata.thelist.tas.gov.au/opendata/data/LIST_PUBLIC_LAND_CLASS_NORTHERN_MIDLANDS.zip","LIST_PUBLIC_LAND_CLASS_NORTHERN_MIDLANDS.zip","LIST_PUBLIC_LAND_CLASS_NORTHERN_MIDLANDS.zip",FALSE,2516582.4,"2020-01-08T11:04:00+1100",2495403,"2025-07-17T01:28:37Z","""16605d7-2613ab-63a15edbe49a2""",200,"2026-09-09T13:41:08Z"
"https://listdata.thelist.tas.gov.au/opendata/data/LIST_PUBLIC_LAND_CLASS_REVOKED_BREAK_O_DAY.zip","LIST_PUBLIC_LAND_CLASS_REVOKED_BREAK_O_DAY.zip","LIST_PUBLIC_LAND_CLASS_REVOKED_BREAK_O_DAY.zip",FALSE,2202009.6,"2020-01-08T11:26:00+1100",2217914,"2020-01-08T00:18:40Z","""1660a58-21d7ba-59b95d5a01af8""",200,"2026-09-09T13:41:08Z"
"https://listdata.thelist.tas.gov.au/opendata/data/LIST_PUBLIC_LAND_CLASS_REVOKED_BRIGHTON.zip","LIST_PUBLIC_LAND_CLASS_REVOKED_BRIGHTON.zip","LIST_PUBLIC_LAND_CLASS_REVOKED_BRIGHTON.zip",FALSE,631808,"2020-01-08T11:34:00+1100",631330,"2020-01-07T23:53:35Z","""1660929-9a222-59b957bf76de7""",200,"2026-09-09T13:41:08Z"
"https://listdata.thelist.tas.gov.au/opendata/data/LIST_PUBLIC_LAND_CLASS_REVOKED_BURNIE.zip","LIST_PUBLIC_LAND_CLASS_REVOKED_BURNIE.zip","LIST_PUBLIC_LAND_CLASS_REVOKED_BURNIE.zip",FALSE,1048576,"2020-01-08T11:37:00+1100",1082095,"2020-01-08T00:06:20Z","""1660a51-1082ef-59b95a989a2ae""",200,"2026-09-09T13:41:08Z"
"https://listdata.thelist.tas.gov.au/opendata/data/LIST_PUBLIC_LAND_CLASS_REVOKED_CENTRAL_COAST.zip","LIST_PUBLIC_LAND_CLASS_REVOKED_CENTRAL_COAST.zip","LIST_PUBLIC_LAND_CLASS_REVOKED_CENTRAL_COAST.zip",FALSE,1258291.2,"2020-01-08T11:23:00+1100",1231006,"2020-01-08T00:07:52Z","""1660a52-12c89e-59b95af06c0af""",200,"2026-09-09T13:41:08Z"
"https://listdata.thelist.tas.gov.au/opendata/data/LIST_PUBLIC_LAND_CLASS_REVOKED_CENTRAL_HIGHLANDS.zip","LIST_PUBLIC_LAND_CLASS_REVOKED_CENTRAL_HIGHLANDS.zip","LIST_PUBLIC_LAND_CLASS_REVOKED_CENTRAL_HIGHLANDS.zip",FALSE,1048576,"2020-01-08T11:33:00+1100",1081324,"2020-01-08T00:28:23Z","""1660a5e-107fec-59b95f865581e""",200,"2026-09-09T13:41:08Z"
"https://listdata.thelist.tas.gov.au/opendata/data/LIST_PUBLIC_LAND_CLASS_REVOKED_CIRCULAR_HEAD.zip","LIST_PUBLIC_LAND_CLASS_REVOKED_CIRCULAR_HEAD.zip","LIST_PUBLIC_LAND_CLASS_REVOKED_CIRCULAR_HEAD.zip",FALSE,8074035.2,"2020-01-08T11:14:00+1100",8108701,"2020-01-08T00:11:14Z","""1660a54-7bba9d-59b95bb103cf2""",200,"2026-09-09T13:41:08Z"
"https://listdata.thelist.tas.gov.au/opendata/data/LIST_PUBLIC_LAND_CLASS_REVOKED_CLARENCE.zip","LIST_PUBLIC_LAND_CLASS_REVOKED_CLARENCE.zip","LIST_PUBLIC_LAND_CLASS_REVOKED_CLARENCE.zip",FALSE,1153433.6,"2020-01-08T11:03:00+1100",1194514,"2020-01-08T00:00:05Z","""166096b-123a12-59b95932f64cb""",200,"2026-09-09T13:41:08Z"
"https://listdata.thelist.tas.gov.au/opendata/data/LIST_PUBLIC_LAND_CLASS_REVOKED_DERWENT_VALLEY.zip","LIST_PUBLIC_LAND_CLASS_REVOKED_DERWENT_VALLEY.zip","LIST_PUBLIC_LAND_CLASS_REVOKED_DERWENT_VALLEY.zip",FALSE,912384,"2020-01-08T11:36:00+1100",912604,"2020-01-07T23:55:25Z","""1660968-decdc-59b958281ec10""",200,"2026-09-09T13:41:08Z"
"https://listdata.thelist.tas.gov.au/opendata/data/LIST_PUBLIC_LAND_CLASS_REVOKED_DEVONPORT.zip","LIST_PUBLIC_LAND_CLASS_REVOKED_DEVONPORT.zip","LIST_PUBLIC_LAND_CLASS_REVOKED_DEVONPORT.zip",FALSE,630784,"2020-01-08T11:39:00+1100",630982,"2020-01-08T00:09:22Z","""1660a53-9a0c6-59b95b467075b""",200,"2026-09-09T13:41:08Z"
"https://listdata.thelist.tas.gov.au/opendata/data/LIST_PUBLIC_LAND_CLASS_REVOKED_DORSET.zip","LIST_PUBLIC_LAND_CLASS_REVOKED_DORSET.zip","LIST_PUBLIC_LAND_CLASS_REVOKED_DORSET.zip",FALSE,2306867.2,"2020-01-08T11:21:00+1100",2351187,"2020-01-08T00:20:15Z","""1660a59-23e053-59b95db4c2e4d""",200,"2026-09-09T13:41:08Z"
"https://listdata.thelist.tas.gov.au/opendata/data/LIST_PUBLIC_LAND_CLASS_REVOKED_FLINDERS.zip","LIST_PUBLIC_LAND_CLASS_REVOKED_FLINDERS.zip","LIST_PUBLIC_LAND_CLASS_REVOKED_FLINDERS.zip",FALSE,10276044.8,"2020-01-08T10:58:00+1100",10318894,"2020-01-08T00:13:04Z","""1660a55-9d742e-59b95c19a3973""",200,"2026-09-09T13:41:08Z"
"https://listdata.thelist.tas.gov.au/opendata/data/LIST_PUBLIC_LAND_CLASS_REVOKED_GEORGE_TOWN.zip","LIST_PUBLIC_LAND_CLASS_REVOKED_GEORGE_TOWN.zip","LIST_PUBLIC_LAND_CLASS_REVOKED_GEORGE_TOWN.zip",FALSE,1258291.2,"2020-01-08T11:25:00+1100",1264070,"2020-01-08T00:31:40Z","""1660a60-1349c6-59b96042979a4""",200,"2026-09-09T13:41:08Z"
"https://listdata.thelist.tas.gov.au/opendata/data/LIST_PUBLIC_LAND_CLASS_REVOKED_GLAMORGAN_SPRING_BAY.zip","LIST_PUBLIC_LAND_CLASS_REVOKED_GLAMORGAN_SPRING_BAY.zip","LIST_PUBLIC_LAND_CLASS_REVOKED_GLAMORGAN_SPRING_BAY.zip",FALSE,5033164.8,"2025-07-18T09:40:00+1000",5042361,"2020-01-08T00:04:44Z","""1660970-4cf0b9-59b95a3d1e233""",200,"2026-09-09T13:41:08Z"
"https://listdata.thelist.tas.gov.au/opendata/data/LIST_PUBLIC_LAND_CLASS_REVOKED_GLENORCHY.zip","LIST_PUBLIC_LAND_CLASS_REVOKED_GLENORCHY.zip","LIST_PUBLIC_LAND_CLASS_REVOKED_GLENORCHY.zip",FALSE,576512,"2020-01-08T11:01:00+1100",576771,"2020-01-08T00:26:42Z","""1660a5d-8cd03-59b95f263ef53""",200,"2026-09-09T13:41:08Z"
"https://listdata.thelist.tas.gov.au/opendata/data/LIST_PUBLIC_LAND_CLASS_REVOKED_HOBART.zip","LIST_PUBLIC_LAND_CLASS_REVOKED_HOBART.zip","LIST_PUBLIC_LAND_CLASS_REVOKED_HOBART.zip",FALSE,507904,"2020-01-08T10:57:00+1100",508221,"2020-01-08T00:34:41Z","""1660a62-7c13d-59b960ef4c30a""",200,"2026-09-09T13:41:08Z"
"https://listdata.thelist.tas.gov.au/opendata/data/LIST_PUBLIC_LAND_CLASS_REVOKED_HUON_VALLEY.zip","LIST_PUBLIC_LAND_CLASS_REVOKED_HUON_VALLEY.zip","LIST_PUBLIC_LAND_CLASS_REVOKED_HUON_VALLEY.zip",FALSE,5242880,"2020-01-08T11:17:00+1100",5285673,"2020-01-08T00:37:51Z","""1660a64-50a729-59b961a413d52""",200,"2026-09-09T13:41:08Z"
"https://listdata.thelist.tas.gov.au/opendata/data/LIST_PUBLIC_LAND_CLASS_REVOKED_KENTISH.zip","LIST_PUBLIC_LAND_CLASS_REVOKED_KENTISH.zip","LIST_PUBLIC_LAND_CLASS_REVOKED_KENTISH.zip",FALSE,609280,"2020-01-08T11:29:00+1100",609618,"2020-01-08T00:23:34Z","""1660a5b-94d52-59b95e732651a""",200,"2026-09-09T13:41:08Z"
"https://listdata.thelist.tas.gov.au/opendata/data/LIST_PUBLIC_LAND_CLASS_REVOKED_KING_ISLAND.zip","LIST_PUBLIC_LAND_CLASS_REVOKED_KING_ISLAND.zip","LIST_PUBLIC_LAND_CLASS_REVOKED_KING_ISLAND.zip",FALSE,4823449.6,"2025-07-17T11:25:00+1000",4861388,"2020-01-08T00:14:45Z","""1660a56-4a2dcc-59b95c7a37ef6""",200,"2026-09-09T13:41:08Z"
"https://listdata.thelist.tas.gov.au/opendata/data/LIST_PUBLIC_LAND_CLASS_REVOKED_KINGBOROUGH.zip","LIST_PUBLIC_LAND_CLASS_REVOKED_KINGBOROUGH.zip","LIST_PUBLIC_LAND_CLASS_REVOKED_KINGBOROUGH.zip",FALSE,2516582.4,"2025-07-17T11:28:00+1000",2544479,"2020-01-08T00:33:20Z","""1660a61-26d35f-59b960a16dd0f""",200,"2026-09-09T13:41:08Z"
"https://listdata.thelist.tas.gov.au/opendata/data/LIST_PUBLIC_LAND_CLASS_REVOKED_LATROBE.zip","LIST_PUBLIC_LAND_CLASS_REVOKED_LATROBE.zip","LIST_PUBLIC_LAND_CLASS_REVOKED_LATROBE.zip",FALSE,779264,"2025-07-17T11:23:00+1000",779707,"2020-01-08T00:03:18Z","""166096d-be5bb-59b959eafd1f0""",200,"2026-09-09T13:41:08Z"
"https://listdata.thelist.tas.gov.au/opendata/data/LIST_PUBLIC_LAND_CLASS_REVOKED_LAUNCESTON.zip","LIST_PUBLIC_LAND_CLASS_REVOKED_LAUNCESTON.zip","LIST_PUBLIC_LAND_CLASS_REVOKED_LAUNCESTON.zip",FALSE,543744,"2025-07-17T11:23:00+1000",543700,"2020-01-08T00:36:15Z","""1660a63-84bd4-59b961482ce94""",200,"2026-09-09T13:41:08Z"
"https://listdata.thelist.tas.gov.au/opendata/data/LIST_PUBLIC_LAND_CLASS_REVOKED_MEANDER_VALLEY.zip","LIST_PUBLIC_LAND_CLASS_REVOKED_MEANDER_VALLEY.zip","LIST_PUBLIC_LAND_CLASS_REVOKED_MEANDER_VALLEY.zip",FALSE,821248,"2025-07-17T11:28:00+1000",821007,"2020-01-08T00:39:21Z","""1660a65-c870f-59b961fa3e77d""",200,"2026-09-09T13:41:08Z"
"https://listdata.thelist.tas.gov.au/opendata/data/LIST_PUBLIC_LAND_CLASS_REVOKED_NORTHERN_MIDLANDS.zip","LIST_PUBLIC_LAND_CLASS_REVOKED_NORTHERN_MIDLANDS.zip","LIST_PUBLIC_LAND_CLASS_REVOKED_NORTHERN_MIDLANDS.zip",FALSE,790528,"2025-07-17T11:29:00+1000",790339,"2020-01-08T00:21:52Z","""1660a5a-c0f43-59b95e11d33c3""",200,"2026-09-09T13:41:08Z"
"https://listdata.thelist.tas.gov.au/opendata/data/LIST_PUBLIC_LAND_CLASS_REVOKED_SORELL.zip","LIST_PUBLIC_LAND_CLASS_REVOKED_SORELL.zip","LIST_PUBLIC_LAND_CLASS_REVOKED_SORELL.zip",FALSE,886784,"2025-07-17T11:32:00+1000",886835,"2020-01-07T23:58:33Z","""166096a-d8833-59b958db6ceb2""",200,"2026-09-09T13:41:08Z"
"https://listdata.thelist.tas.gov.au/opendata/data/LIST_PUBLIC_LAND_CLASS_REVOKED_SOUTHERN_MIDLANDS.zip","LIST_PUBLIC_LAND_CLASS_REVOKED_SOUTHERN_MIDLANDS.zip","LIST_PUBLIC_LAND_CLASS_REVOKED_SOUTHERN_MIDLANDS.zip",FALSE,681984,"2018-01-16T11:34:00+1100",681616,"2020-01-08T00:25:11Z","""1660a5c-a6690-59b95ecf7f9e0""",200,"2026-09-09T13:41:08Z"
"https://listdata.thelist.tas.gov.au/opendata/data/LIST_PUBLIC_LAND_CLASS_REVOKED_STATEWIDE.zip","LIST_PUBLIC_LAND_CLASS_REVOKED_STATEWIDE.zip","LIST_PUBLIC_LAND_CLASS_REVOKED_STATEWIDE.zip",FALSE,3355443.2,"2025-07-18T09:25:00+1000",3342414,"2025-07-17T23:40:44Z","""1660a66-33004e-63a2889c17b43""",200,"2026-09-09T13:41:08Z"
"https://listdata.thelist.tas.gov.au/opendata/data/LIST_PUBLIC_LAND_CLASS_REVOKED_TASMAN.zip","LIST_PUBLIC_LAND_CLASS_REVOKED_TASMAN.zip","LIST_PUBLIC_LAND_CLASS_REVOKED_TASMAN.zip",FALSE,3879731.2,"2026-07-30T12:38:00+1000",3922660,"2020-01-08T00:01:39Z","""166096c-3bdae4-59b9598c86592""",200,"2026-09-09T13:41:08Z"
"https://listdata.thelist.tas.gov.au/opendata/data/LIST_PUBLIC_LAND_CLASS_REVOKED_WARATAH_WYNYARD.zip","LIST_PUBLIC_LAND_CLASS_REVOKED_WARATAH_WYNYARD.zip","LIST_PUBLIC_LAND_CLASS_REVOKED_WARATAH_WYNYARD.zip",FALSE,1363148.8,"2025-07-18T10:28:00+1000",1319455,"2020-01-07T23:57:02Z","""1660969-14221f-59b95884ee7f3""",200,"2026-09-09T13:41:08Z"
"https://listdata.thelist.tas.gov.au/opendata/data/LIST_PUBLIC_LAND_CLASS_REVOKED_WEST_COAST.zip","LIST_PUBLIC_LAND_CLASS_REVOKED_WEST_COAST.zip","LIST_PUBLIC_LAND_CLASS_REVOKED_WEST_COAST.zip",FALSE,8283750.4,"2025-07-18T10:07:00+1000",8272413,"2020-01-08T00:17:03Z","""1660a57-7e3a1d-59b95cfd9186d""",200,"2026-09-09T13:41:08Z"
"https://listdata.thelist.tas.gov.au/opendata/data/LIST_PUBLIC_LAND_CLASS_REVOKED_WEST_TAMAR.zip","LIST_PUBLIC_LAND_CLASS_REVOKED_WEST_TAMAR.zip","LIST_PUBLIC_LAND_CLASS_REVOKED_WEST_TAMAR.zip",FALSE,1048576,"2025-07-18T09:23:00+1000",1078222,"2020-01-08T00:29:59Z","""1660a5f-1073ce-59b95fe1ab7ad""",200,"2026-09-09T13:41:08Z"
"https://listdata.thelist.tas.gov.au/opendata/data/LIST_PUBLIC_LAND_CLASS_SORELL.zip","LIST_PUBLIC_LAND_CLASS_SORELL.zip","LIST_PUBLIC_LAND_CLASS_SORELL.zip",FALSE,2306867.2,"2025-07-18T09:24:00+1000",2308613,"2025-07-17T01:28:54Z","""16605d8-233a05-63a15eec598f8""",200,"2026-09-09T13:41:08Z"
"https://listdata.thelist.tas.gov.au/opendata/data/LIST_PUBLIC_LAND_CLASS_SOUTHERN_MIDLANDS.zip","LIST_PUBLIC_LAND_CLASS_SOUTHERN_MIDLANDS.zip","LIST_PUBLIC_LAND_CLASS_SOUTHERN_MIDLANDS.zip",FALSE,1572864,"2025-07-17T15:01:00+1000",1604135,"2025-07-17T01:25:45Z","""16605d9-187a27-63a15e374aa1b""",200,"2026-09-09T13:41:08Z"
"https://listdata.thelist.tas.gov.au/opendata/data/LIST_PUBLIC_LAND_CLASS_TASMAN.zip","LIST_PUBLIC_LAND_CLASS_TASMAN.zip","LIST_PUBLIC_LAND_CLASS_TASMAN.zip",FALSE,11534336,"2025-07-10T11:41:00+1000",11054969,"2025-07-17T01:23:57Z","""16605da-a8af79-63a15dd1039a7""",200,"2026-09-09T13:41:08Z"
"https://listdata.thelist.tas.gov.au/opendata/data/LIST_PUBLIC_LAND_CLASS_WARATAH_WYNYARD.zip","LIST_PUBLIC_LAND_CLASS_WARATAH_WYNYARD.zip","LIST_PUBLIC_LAND_CLASS_WARATAH_WYNYARD.zip",FALSE,5557452.8,"2026-01-29T12:35:00+1100",5603633,"2025-07-17T01:23:01Z","""16605db-558131-63a15d9b13c9e""",200,"2026-09-09T13:41:08Z"
"https://listdata.thelist.tas.gov.au/opendata/data/LIST_PUBLIC_LAND_CLASS_WEST_COAST.zip","LIST_PUBLIC_LAND_CLASS_WEST_COAST.zip","LIST_PUBLIC_LAND_CLASS_WEST_COAST.zip",FALSE,30408704,"2025-07-18T10:32:00+1000",29940831,"2025-07-17T01:28:00Z","""16605dc-1c8dc5f-63a15eb848402""",200,"2026-09-09T13:41:08Z"
"https://listdata.thelist.tas.gov.au/opendata/data/LIST_PUBLIC_LAND_CLASS_WEST_TAMAR.zip","LIST_PUBLIC_LAND_CLASS_WEST_TAMAR.zip","LIST_PUBLIC_LAND_CLASS_WEST_TAMAR.zip",FALSE,2936012.8,"2025-07-18T10:31:00+1000",2912175,"2025-07-17T01:29:49Z","""16605dd-2c6faf-63a15f201027f""",200,"2026-09-09T13:41:08Z"
"https://listdata.thelist.tas.gov.au/opendata/data/LIST_PUBLIC_LAND_CLASS-REVOKED_BREAK_O_DAY.zip","LIST_PUBLIC_LAND_CLASS-REVOKED_BREAK_O_DAY.zip","LIST_PUBLIC_LAND_CLASS-REVOKED_BREAK_O_DAY.zip",FALSE,1572864,"2020-01-07T15:18:00+1100",1563124,"2020-01-07T04:12:05Z","""1660939-17d9f4-59b84fa923170""",200,"2026-09-09T13:41:08Z"
"https://listdata.thelist.tas.gov.au/opendata/data/LIST_PUBLIC_LAND_CLASS-REVOKED_BRIGHTON.zip","LIST_PUBLIC_LAND_CLASS-REVOKED_BRIGHTON.zip","LIST_PUBLIC_LAND_CLASS-REVOKED_BRIGHTON.zip",FALSE,296960,"2020-01-07T15:24:00+1100",296582,"2020-01-07T03:52:57Z","""1660572-48686-59b84b6232c27""",200,"2026-09-09T13:41:08Z"
"https://listdata.thelist.tas.gov.au/opendata/data/LIST_PUBLIC_LAND_CLASS-REVOKED_BURNIE.zip","LIST_PUBLIC_LAND_CLASS-REVOKED_BURNIE.zip","LIST_PUBLIC_LAND_CLASS-REVOKED_BURNIE.zip",FALSE,679936,"2020-01-07T15:27:00+1100",679671,"2020-01-07T04:03:10Z","""1660932-a5ef7-59b84daaaf41d""",200,"2026-09-09T13:41:08Z"
"https://listdata.thelist.tas.gov.au/opendata/data/LIST_PUBLIC_LAND_CLASS-REVOKED_CENTRAL_COAST.zip","LIST_PUBLIC_LAND_CLASS-REVOKED_CENTRAL_COAST.zip","LIST_PUBLIC_LAND_CLASS-REVOKED_CENTRAL_COAST.zip",FALSE,959488,"2020-01-07T15:15:00+1100",959791,"2020-01-07T04:04:20Z","""1660933-ea52f-59b84dedb9585""",200,"2026-09-09T13:41:08Z"
"https://listdata.thelist.tas.gov.au/opendata/data/LIST_PUBLIC_LAND_CLASS-REVOKED_CENTRAL_HIGHLANDS.zip","LIST_PUBLIC_LAND_CLASS-REVOKED_CENTRAL_HIGHLANDS.zip","LIST_PUBLIC_LAND_CLASS-REVOKED_CENTRAL_HIGHLANDS.zip",FALSE,649216,"2020-01-07T15:23:00+1100",649474,"2020-01-07T04:19:37Z","""166093f-9e902-59b8515837073""",200,"2026-09-09T13:41:08Z"
"https://listdata.thelist.tas.gov.au/opendata/data/LIST_PUBLIC_LAND_CLASS-REVOKED_CIRCULAR_HEAD.zip","LIST_PUBLIC_LAND_CLASS-REVOKED_CIRCULAR_HEAD.zip","LIST_PUBLIC_LAND_CLASS-REVOKED_CIRCULAR_HEAD.zip",FALSE,7340032,"2020-01-07T15:09:00+1100",7319281,"2020-01-07T04:06:57Z","""1660935-6faef1-59b84e83e08ef""",200,"2026-09-09T13:41:08Z"
"https://listdata.thelist.tas.gov.au/opendata/data/LIST_PUBLIC_LAND_CLASS-REVOKED_CLARENCE.zip","LIST_PUBLIC_LAND_CLASS-REVOKED_CLARENCE.zip","LIST_PUBLIC_LAND_CLASS-REVOKED_CLARENCE.zip",FALSE,903168,"2020-01-07T15:00:00+1100",902745,"2020-01-07T03:57:56Z","""166092e-dc659-59b84c7f1410d""",200,"2026-09-09T13:41:08Z"
"https://listdata.thelist.tas.gov.au/opendata/data/LIST_PUBLIC_LAND_CLASS-REVOKED_DERWENT_VALLEY.zip","LIST_PUBLIC_LAND_CLASS-REVOKED_DERWENT_VALLEY.zip","LIST_PUBLIC_LAND_CLASS-REVOKED_DERWENT_VALLEY.zip",FALSE,464896,"2020-01-07T15:25:00+1100",464769,"2020-01-07T03:54:05Z","""166092b-71781-59b84ba35a67c""",200,"2026-09-09T13:41:08Z"
"https://listdata.thelist.tas.gov.au/opendata/data/LIST_PUBLIC_LAND_CLASS-REVOKED_DEVONPORT.zip","LIST_PUBLIC_LAND_CLASS-REVOKED_DEVONPORT.zip","LIST_PUBLIC_LAND_CLASS-REVOKED_DEVONPORT.zip",FALSE,393216,"2020-01-07T15:28:00+1100",392984,"2020-01-07T04:05:36Z","""1660934-5ff18-59b84e35fe0b4""",200,"2026-09-09T13:41:08Z"
"https://listdata.thelist.tas.gov.au/opendata/data/LIST_PUBLIC_LAND_CLASS-REVOKED_DORSET.zip","LIST_PUBLIC_LAND_CLASS-REVOKED_DORSET.zip","LIST_PUBLIC_LAND_CLASS-REVOKED_DORSET.zip",FALSE,1887436.8,"2020-01-07T15:14:00+1100",1855967,"2020-01-07T04:13:24Z","""166093a-1c51df-59b84ff430fba""",200,"2026-09-09T13:41:08Z"
"https://listdata.thelist.tas.gov.au/opendata/data/LIST_PUBLIC_LAND_CLASS-REVOKED_FLINDERS.zip","LIST_PUBLIC_LAND_CLASS-REVOKED_FLINDERS.zip","LIST_PUBLIC_LAND_CLASS-REVOKED_FLINDERS.zip",FALSE,9542041.6,"2020-01-07T14:56:00+1100",9515574,"2020-01-07T04:08:15Z","""1660936-913236-59b84ece55ea3""",200,"2026-09-09T13:41:08Z"
"https://listdata.thelist.tas.gov.au/opendata/data/LIST_PUBLIC_LAND_CLASS-REVOKED_GEORGE_TOWN.zip","LIST_PUBLIC_LAND_CLASS-REVOKED_GEORGE_TOWN.zip","LIST_PUBLIC_LAND_CLASS-REVOKED_GEORGE_TOWN.zip",FALSE,966656,"2020-01-07T15:17:00+1100",966331,"2020-01-07T04:22:05Z","""1660941-ebebb-59b851e54ba7d""",200,"2026-09-09T13:41:08Z"
"https://listdata.thelist.tas.gov.au/opendata/data/LIST_PUBLIC_LAND_CLASS-REVOKED_GLAMORGAN_SPRING_BAY.zip","LIST_PUBLIC_LAND_CLASS-REVOKED_GLAMORGAN_SPRING_BAY.zip","LIST_PUBLIC_LAND_CLASS-REVOKED_GLAMORGAN_SPRING_BAY.zip",FALSE,4613734.4,"2020-01-07T14:59:00+1100",4608448,"2020-01-07T04:01:52Z","""1660931-4651c0-59b84d606f532""",200,"2026-09-09T13:41:08Z"
"https://listdata.thelist.tas.gov.au/opendata/data/LIST_PUBLIC_LAND_CLASS-REVOKED_GLENORCHY.zip","LIST_PUBLIC_LAND_CLASS-REVOKED_GLENORCHY.zip","LIST_PUBLIC_LAND_CLASS-REVOKED_GLENORCHY.zip",FALSE,350208,"2020-01-07T14:55:00+1100",350092,"2020-01-07T04:18:21Z","""166093e-5578c-59b851101c441""",200,"2026-09-09T13:41:08Z"
"https://listdata.thelist.tas.gov.au/opendata/data/LIST_PUBLIC_LAND_CLASS-REVOKED_HOBART.zip","LIST_PUBLIC_LAND_CLASS-REVOKED_HOBART.zip","LIST_PUBLIC_LAND_CLASS-REVOKED_HOBART.zip",FALSE,280576,"2020-01-07T15:10:00+1100",281007,"2020-01-07T04:24:34Z","""1660943-449af-59b85273bf270""",200,"2026-09-09T13:41:08Z"
"https://listdata.thelist.tas.gov.au/opendata/data/LIST_PUBLIC_LAND_CLASS-REVOKED_HUON_VALLEY.zip","LIST_PUBLIC_LAND_CLASS-REVOKED_HUON_VALLEY.zip","LIST_PUBLIC_LAND_CLASS-REVOKED_HUON_VALLEY.zip",FALSE,4823449.6,"2020-01-07T15:20:00+1100",4835864,"2020-01-07T04:27:10Z","""1660945-49ca18-59b85307d4436""",200,"2026-09-09T13:41:08Z"
"https://listdata.thelist.tas.gov.au/opendata/data/LIST_PUBLIC_LAND_CLASS-REVOKED_KENTISH.zip","LIST_PUBLIC_LAND_CLASS-REVOKED_KENTISH.zip","LIST_PUBLIC_LAND_CLASS-REVOKED_KENTISH.zip",FALSE,389120,"2025-07-17T11:31:00+1000",388934,"2020-01-07T04:15:49Z","""166093c-5ef46-59b8507f1ca01""",200,"2026-09-09T13:41:08Z"
"https://listdata.thelist.tas.gov.au/opendata/data/LIST_PUBLIC_LAND_CLASS-REVOKED_KING_ISLAND.zip","LIST_PUBLIC_LAND_CLASS-REVOKED_KING_ISLAND.zip","LIST_PUBLIC_LAND_CLASS-REVOKED_KING_ISLAND.zip",FALSE,4089446.4,"2025-07-17T11:21:00+1000",4114634,"2020-01-07T04:09:33Z","""1660937-3ec8ca-59b84f18acbb2""",200,"2026-09-09T13:41:08Z"
"https://listdata.thelist.tas.gov.au/opendata/data/LIST_PUBLIC_LAND_CLASS-REVOKED_KINGBOROUGH.zip","LIST_PUBLIC_LAND_CLASS-REVOKED_KINGBOROUGH.zip","LIST_PUBLIC_LAND_CLASS-REVOKED_KINGBOROUGH.zip",FALSE,2097152,"2025-07-17T11:31:00+1000",2095190,"2020-01-07T04:23:16Z","""1660942-1ff856-59b852299618f""",200,"2026-09-09T13:41:08Z"
"https://listdata.thelist.tas.gov.au/opendata/data/LIST_PUBLIC_LAND_CLASS-REVOKED_LATROBE.zip","LIST_PUBLIC_LAND_CLASS-REVOKED_LATROBE.zip","LIST_PUBLIC_LAND_CLASS-REVOKED_LATROBE.zip",FALSE,545792,"2025-07-17T11:29:00+1000",545329,"2020-01-07T04:00:31Z","""1660930-85231-59b84d1316178""",200,"2026-09-09T13:41:08Z"
"https://listdata.thelist.tas.gov.au/opendata/data/LIST_PUBLIC_LAND_CLASS-REVOKED_LAUNCESTON.zip","LIST_PUBLIC_LAND_CLASS-REVOKED_LAUNCESTON.zip","LIST_PUBLIC_LAND_CLASS-REVOKED_LAUNCESTON.zip",FALSE,283648,"2025-07-17T11:30:00+1000",284034,"2020-01-07T04:25:50Z","""1660944-45582-59b852bc670a1""",200,"2026-09-09T13:41:08Z"
"https://listdata.thelist.tas.gov.au/opendata/data/LIST_PUBLIC_LAND_CLASS-REVOKED_MEANDER_VALLEY.zip","LIST_PUBLIC_LAND_CLASS-REVOKED_MEANDER_VALLEY.zip","LIST_PUBLIC_LAND_CLASS-REVOKED_MEANDER_VALLEY.zip",FALSE,585728,"2025-07-17T11:22:00+1000",585406,"2020-01-07T04:28:31Z","""1660946-8eebe-59b853551e39a""",200,"2026-09-09T13:41:08Z"
"https://listdata.thelist.tas.gov.au/opendata/data/LIST_PUBLIC_LAND_CLASS-REVOKED_NORTHERN_MIDLANDS.zip","LIST_PUBLIC_LAND_CLASS-REVOKED_NORTHERN_MIDLANDS.zip","LIST_PUBLIC_LAND_CLASS-REVOKED_NORTHERN_MIDLANDS.zip",FALSE,490496,"2025-07-17T11:32:00+1000",490699,"2020-01-07T04:14:34Z","""166093b-77ccb-59b850376501d""",200,"2026-09-09T13:41:08Z"
"https://listdata.thelist.tas.gov.au/opendata/data/LIST_PUBLIC_LAND_CLASS-REVOKED_SORELL.zip","LIST_PUBLIC_LAND_CLASS-REVOKED_SORELL.zip","LIST_PUBLIC_LAND_CLASS-REVOKED_SORELL.zip",FALSE,614400,"2025-07-17T11:31:00+1000",614900,"2020-01-07T03:56:39Z","""166092d-961f4-59b84c360cd90""",200,"2026-09-09T13:41:08Z"
"https://listdata.thelist.tas.gov.au/opendata/data/LIST_PUBLIC_LAND_CLASS-REVOKED_SOUTHERN_MIDLANDS.zip","LIST_PUBLIC_LAND_CLASS-REVOKED_SOUTHERN_MIDLANDS.zip","LIST_PUBLIC_LAND_CLASS-REVOKED_SOUTHERN_MIDLANDS.zip",FALSE,431104,"2025-07-17T11:29:00+1000",431011,"2020-01-07T04:17:01Z","""166093d-693a3-59b850c31e946""",200,"2026-09-09T13:41:08Z"
"https://listdata.thelist.tas.gov.au/opendata/data/LIST_PUBLIC_LAND_CLASS-REVOKED_TASMAN.zip","LIST_PUBLIC_LAND_CLASS-REVOKED_TASMAN.zip","LIST_PUBLIC_LAND_CLASS-REVOKED_TASMAN.zip",FALSE,3250585.6,"2025-07-17T11:22:00+1000",3292883,"2020-01-07T03:59:15Z","""166092f-323ed3-59b84ccaf3b3c""",200,"2026-09-09T13:41:08Z"
"https://listdata.thelist.tas.gov.au/opendata/data/LIST_PUBLIC_LAND_CLASS-REVOKED_WARATAH_WYNYARD.zip","LIST_PUBLIC_LAND_CLASS-REVOKED_WARATAH_WYNYARD.zip","LIST_PUBLIC_LAND_CLASS-REVOKED_WARATAH_WYNYARD.zip",FALSE,967680,"2025-07-17T11:26:00+1000",967683,"2020-01-07T03:55:22Z","""166092c-ec403-59b84becf28c0""",200,"2026-09-09T13:41:08Z"
"https://listdata.thelist.tas.gov.au/opendata/data/LIST_PUBLIC_LAND_CLASS-REVOKED_WEST_COAST.zip","LIST_PUBLIC_LAND_CLASS-REVOKED_WEST_COAST.zip","LIST_PUBLIC_LAND_CLASS-REVOKED_WEST_COAST.zip",FALSE,7759462.4,"2025-07-17T11:28:00+1000",7798543,"2020-01-07T04:10:47Z","""1660938-76ff0f-59b84f5f0d17d""",200,"2026-09-09T13:41:08Z"
"https://listdata.thelist.tas.gov.au/opendata/data/LIST_PUBLIC_LAND_CLASS-REVOKED_WEST_TAMAR.zip","LIST_PUBLIC_LAND_CLASS-REVOKED_WEST_TAMAR.zip","LIST_PUBLIC_LAND_CLASS-REVOKED_WEST_TAMAR.zip",FALSE,643072,"2025-07-17T11:30:00+1000",642736,"2020-01-07T04:20:55Z","""1660940-9ceb0-59b851a2ddf2e""",200,"2026-09-09T13:41:08Z"
"https://listdata.thelist.tas.gov.au/opendata/data/LIST_RAMSAR_WETLANDS_STATEWIDE.zip","LIST_RAMSAR_WETLANDS_STATEWIDE.zip","LIST_RAMSAR_WETLANDS_STATEWIDE.zip",FALSE,566272,"2025-07-18T10:34:00+1000",566177,"2025-07-17T01:32:12Z","""16605de-8a3a1-63a15fa865706""",200,"2026-09-09T13:41:08Z"
"https://listdata.thelist.tas.gov.au/opendata/data/LIST_RECONNAISSANCE_SOILS_MAP_EXTENTS_100K_STATEWIDE.zip","LIST_RECONNAISSANCE_SOILS_MAP_EXTENTS_100K_STATEWIDE.zip","LIST_RECONNAISSANCE_SOILS_MAP_EXTENTS_100K_STATEWIDE.zip",FALSE,928768,"2025-07-18T10:28:00+1000",929171,"2018-01-16T00:34:22Z","""16606a5-e2d93-562d9e461dae3""",200,"2026-09-09T13:41:08Z"
"https://listdata.thelist.tas.gov.au/opendata/data/LIST_SCALEFISH_BLOCKS_STATEWIDE.zip","LIST_SCALEFISH_BLOCKS_STATEWIDE.zip","LIST_SCALEFISH_BLOCKS_STATEWIDE.zip",FALSE,11534336,"2025-07-18T10:28:00+1000",11912207,"2025-07-17T23:25:00Z","""16607d6-b5c40f-63a28518396d8""",200,"2026-09-09T13:41:08Z"
"https://listdata.thelist.tas.gov.au/opendata/data/LIST_SHELLMAP_HARVEST_AREA_BOUNDARIES_STATEWIDe_old.zip","LIST_SHELLMAP_HARVEST_AREA_BOUNDARIES_STATEWIDe_old.zip","LIST_SHELLMAP_HARVEST_AREA_BOUNDARIES_STATEWIDe_old.zip",FALSE,1048576,"2025-05-20T11:28:00+1000",998800,"2025-07-18T00:28:28Z","""1660c87-f3d90-63a29346f2046""",200,"2026-09-09T13:41:08Z"
"https://listdata.thelist.tas.gov.au/opendata/data/LIST_SHELLMAP_HARVEST_AREA_BOUNDARIES_STATEWIDE.zip","LIST_SHELLMAP_HARVEST_AREA_BOUNDARIES_STATEWIDE.zip","LIST_SHELLMAP_HARVEST_AREA_BOUNDARIES_STATEWIDE.zip",FALSE,885760,"2025-07-18T10:28:00+1000",885912,"2026-07-30T02:38:23Z","""1660c93-d8498-657caf73a69a1""",200,"2026-09-09T13:41:08Z"
"https://listdata.thelist.tas.gov.au/opendata/data/LIST_SHELLMAP_WATER_QUALITY_SAMPLE_SITES_STATEWIDE.zip","LIST_SHELLMAP_WATER_QUALITY_SAMPLE_SITES_STATEWIDE.zip","LIST_SHELLMAP_WATER_QUALITY_SAMPLE_SITES_STATEWIDE.zip",FALSE,68608,"2019-09-23T14:16:00+1000",68557,"2025-07-18T00:07:24Z","""1660c2d-10bcd-63a28e91d555f""",200,"2026-09-09T13:41:08Z"
"https://listdata.thelist.tas.gov.au/opendata/data/LIST_SOIL_BOUNDARIES_STATEWIDE.zip","LIST_SOIL_BOUNDARIES_STATEWIDE.zip","LIST_SOIL_BOUNDARIES_STATEWIDE.zip",FALSE,6081740.8,"2019-09-23T14:02:00+1000",6115486,"2025-07-17T23:23:30Z","""1660709-5d509e-63a284c1f0c99""",200,"2026-09-09T13:41:08Z"
"https://listdata.thelist.tas.gov.au/opendata/data/LIST_SOIL_SAMPLE_SITES_STATEWIDE.zip","LIST_SOIL_SAMPLE_SITES_STATEWIDE.zip","LIST_SOIL_SAMPLE_SITES_STATEWIDE.zip",FALSE,69632,"2019-09-23T14:25:00+1000",69838,"2025-07-17T23:24:48Z","""1660711-110ce-63a2850c0bec8""",200,"2026-09-09T13:41:08Z"
"https://listdata.thelist.tas.gov.au/opendata/data/LIST_SPOT_HEIGHTS_STATEWIDE.zip","LIST_SPOT_HEIGHTS_STATEWIDE.zip","LIST_SPOT_HEIGHTS_STATEWIDE.zip",FALSE,47185920,"2019-09-23T14:27:00+1000",46823013,"2025-07-17T05:01:19Z","""1660476-2ca7665-63a18e662e550""",200,"2026-09-09T13:41:08Z"
"https://listdata.thelist.tas.gov.au/opendata/data/LIST_SURVEY_CONTROL_STATEWIDE.zip","LIST_SURVEY_CONTROL_STATEWIDE.zip","LIST_SURVEY_CONTROL_STATEWIDE.zip",FALSE,4194304,"2019-09-23T15:14:00+1000",4146739,"2025-07-10T01:41:30Z","""166047a-3f4633-639894aef95f2""",200,"2026-09-09T13:41:08Z"
"https://listdata.thelist.tas.gov.au/opendata/data/LIST_TASMANIAN_RESERVE_ESTATE_STATEWIDE.zip","LIST_TASMANIAN_RESERVE_ESTATE_STATEWIDE.zip","LIST_TASMANIAN_RESERVE_ESTATE_STATEWIDE.zip",FALSE,176160768,"2019-09-23T14:34:00+1000",176047978,"2026-01-29T01:35:20Z","""1660701-a7e476a-6497cde9f0600""",200,"2026-09-09T13:41:08Z"
"https://listdata.thelist.tas.gov.au/opendata/data/LIST_TASNETWORKS_HIGH_VOLTAGE_CONDUCTORS_STATEWIDE.zip","LIST_TASNETWORKS_HIGH_VOLTAGE_CONDUCTORS_STATEWIDE.zip","LIST_TASNETWORKS_HIGH_VOLTAGE_CONDUCTORS_STATEWIDE.zip",FALSE,14680064,"2019-09-23T14:18:00+1000",14246304,"2025-07-18T00:32:34Z","""1660c8d-d961a0-63a29431bd065""",200,"2026-09-09T13:41:08Z"
"https://listdata.thelist.tas.gov.au/opendata/data/LIST_TASNETWORKS_LOW_VOLTAGE_CONDUCTORS_STATEWIDE.zip","LIST_TASNETWORKS_LOW_VOLTAGE_CONDUCTORS_STATEWIDE.zip","LIST_TASNETWORKS_LOW_VOLTAGE_CONDUCTORS_STATEWIDE.zip",FALSE,48234496,"2019-09-23T14:06:00+1000",48683757,"2025-07-18T00:31:51Z","""1660c90-2e6daed-63a2940972034""",200,"2026-09-09T13:41:08Z"
"https://listdata.thelist.tas.gov.au/opendata/data/LIST_TASNETWORKS_POLES_STATEWIDE.zip","LIST_TASNETWORKS_POLES_STATEWIDE.zip","LIST_TASNETWORKS_POLES_STATEWIDE.zip",FALSE,17825792,"2019-09-23T14:29:00+1000",17887057,"2025-07-18T00:34:40Z","""1660c8e-110ef51-63a294aa93275""",200,"2026-09-09T13:41:08Z"
"https://listdata.thelist.tas.gov.au/opendata/data/LIST_TASNETWORKS_SUBSTATION_LOCATIONS_STATEWIDE.zip","LIST_TASNETWORKS_SUBSTATION_LOCATIONS_STATEWIDE.zip","LIST_TASNETWORKS_SUBSTATION_LOCATIONS_STATEWIDE.zip",FALSE,40960,"2019-09-23T14:38:00+1000",41263,"2025-07-18T00:28:38Z","""1660c8a-a12f-63a2935086fb6""",200,"2026-09-09T13:41:08Z"
"https://listdata.thelist.tas.gov.au/opendata/data/LIST_TASNETWORKS_TOWER_LINE_NETWORK_STATEWIDE.zip","LIST_TASNETWORKS_TOWER_LINE_NETWORK_STATEWIDE.zip","LIST_TASNETWORKS_TOWER_LINE_NETWORK_STATEWIDE.zip",FALSE,620544,"2019-09-23T14:41:00+1000",620954,"2025-07-18T00:28:47Z","""1660c8b-9799a-63a29359871bd""",200,"2026-09-09T13:41:08Z"
"https://listdata.thelist.tas.gov.au/opendata/data/LIST_TASNETWORKS_TOWER_LOCATIONS_STATEWIDE.zip","LIST_TASNETWORKS_TOWER_LOCATIONS_STATEWIDE.zip","LIST_TASNETWORKS_TOWER_LOCATIONS_STATEWIDE.zip",FALSE,583680,"2019-09-23T15:19:00+1000",583697,"2025-07-18T00:28:59Z","""1660c8f-8e811-63a29364bebf9""",200,"2026-09-09T13:41:08Z"
"https://listdata.thelist.tas.gov.au/opendata/data/LIST_TASNETWORKS_TOWER_OCATIONS_STATEWIDE.zip","LIST_TASNETWORKS_TOWER_OCATIONS_STATEWIDE.zip","LIST_TASNETWORKS_TOWER_OCATIONS_STATEWIDE.zip",FALSE,583680,"2019-09-23T14:23:00+1000",583573,"2025-05-20T01:28:08Z","""1660c8c-8e795-635872936b6e3""",200,"2026-09-09T13:41:08Z"
"https://listdata.thelist.tas.gov.au/opendata/data/LIST_TASVEG_20_BREAK_O_DAY.zip","LIST_TASVEG_20_BREAK_O_DAY.zip","LIST_TASVEG_20_BREAK_O_DAY.zip",FALSE,146800640,"2019-09-23T15:04:00+1000",146926910,"2019-09-23T04:16:19Z","""1660751-8c1ed3e-59330ae84ec7a""",200,"2026-09-09T13:41:08Z"
"https://listdata.thelist.tas.gov.au/opendata/data/LIST_TASVEG_20_BRIGHTON.zip","LIST_TASVEG_20_BRIGHTON.zip","LIST_TASVEG_20_BRIGHTON.zip",FALSE,3250585.6,"2019-09-23T15:23:00+1000",3284873,"2019-09-23T04:02:13Z","""1660754-321f89-593307c22015d""",200,"2026-09-09T13:41:08Z"
"https://listdata.thelist.tas.gov.au/opendata/data/LIST_TASVEG_20_BURNIE.zip","LIST_TASVEG_20_BURNIE.zip","LIST_TASVEG_20_BURNIE.zip",FALSE,31457280,"2019-09-23T15:33:00+1000",31760447,"2019-09-23T04:25:12Z","""1660760-1e4a03f-59330ce4a868a""",200,"2026-09-09T13:41:08Z"
"https://listdata.thelist.tas.gov.au/opendata/data/LIST_TASVEG_20_CENTRAL_COAST.zip","LIST_TASVEG_20_CENTRAL_COAST.zip","LIST_TASVEG_20_CENTRAL_COAST.zip",FALSE,32505856,"2019-09-23T14:59:00+1000",33003163,"2019-09-23T04:27:23Z","""1660753-1f7969b-59330d619e697""",200,"2026-09-09T13:41:08Z"
"https://listdata.thelist.tas.gov.au/opendata/data/LIST_TASVEG_20_CENTRAL_HIGHLANDS.zip","LIST_TASVEG_20_CENTRAL_HIGHLANDS.zip","LIST_TASVEG_20_CENTRAL_HIGHLANDS.zip",FALSE,154140672,"2019-09-23T15:21:00+1000",154311364,"2019-09-23T05:14:13Z","""1660755-9329ac4-593317d952c2b""",200,"2026-09-09T13:41:08Z"
"https://listdata.thelist.tas.gov.au/opendata/data/LIST_TASVEG_20_CIRCULAR_HEAD.zip","LIST_TASVEG_20_CIRCULAR_HEAD.zip","LIST_TASVEG_20_CIRCULAR_HEAD.zip",FALSE,137363456,"2019-09-23T14:43:00+1000",137209637,"2019-09-23T04:34:08Z","""1660762-82da725-59330ee3d2e5e""",200,"2026-09-09T13:41:08Z"
"https://listdata.thelist.tas.gov.au/opendata/data/LIST_TASVEG_20_CLARENCE.zip","LIST_TASVEG_20_CLARENCE.zip","LIST_TASVEG_20_CLARENCE.zip",FALSE,8493465.6,"2019-09-23T14:21:00+1000",8523792,"2019-09-23T04:18:03Z","""1660768-821010-59330b4c17780""",200,"2026-09-09T13:41:08Z"
"https://listdata.thelist.tas.gov.au/opendata/data/LIST_TASVEG_20_DERWENT_VALLEY.zip","LIST_TASVEG_20_DERWENT_VALLEY.zip","LIST_TASVEG_20_DERWENT_VALLEY.zip",FALSE,140509184,"2019-09-23T15:27:00+1000",140810922,"2019-09-23T04:06:44Z","""1660756-8649aaa-593308c48db54""",200,"2026-09-09T13:41:08Z"
"https://listdata.thelist.tas.gov.au/opendata/data/LIST_TASVEG_20_DEVONPORT.zip","LIST_TASVEG_20_DEVONPORT.zip","LIST_TASVEG_20_DEVONPORT.zip",FALSE,3355443.2,"2019-09-23T15:38:00+1000",3359797,"2019-09-23T04:29:21Z","""166075b-334435-59330dd22f598""",200,"2026-09-09T13:41:08Z"
"https://listdata.thelist.tas.gov.au/opendata/data/LIST_TASVEG_20_DORSET.zip","LIST_TASVEG_20_DORSET.zip","LIST_TASVEG_20_DORSET.zip",FALSE,127926272,"2019-09-23T15:08:00+1000",128351078,"2019-09-23T04:38:44Z","""1660763-7a67b66-59330febbc102""",200,"2026-09-09T13:41:08Z"
"https://listdata.thelist.tas.gov.au/opendata/data/LIST_TASVEG_20_FLINDERS.zip","LIST_TASVEG_20_FLINDERS.zip","LIST_TASVEG_20_FLINDERS.zip",FALSE,51380224,"2019-09-23T14:12:00+1000",51721039,"2019-09-23T04:41:25Z","""166074d-315334f-5933108473279""",200,"2026-09-09T13:41:08Z"
"https://listdata.thelist.tas.gov.au/opendata/data/LIST_TASVEG_20_GEORGE_TOWN.zip","LIST_TASVEG_20_GEORGE_TOWN.zip","LIST_TASVEG_20_GEORGE_TOWN.zip",FALSE,23068672,"2019-09-23T15:02:00+1000",22731190,"2019-09-23T05:19:26Z","""1660764-15ad9b6-59331903df05d""",200,"2026-09-09T13:41:08Z"
"https://listdata.thelist.tas.gov.au/opendata/data/LIST_TASVEG_20_GLAMORGAN_SPRING_BAY.zip","LIST_TASVEG_20_GLAMORGAN_SPRING_BAY.zip","LIST_TASVEG_20_GLAMORGAN_SPRING_BAY.zip",FALSE,47185920,"2018-01-19T13:15:00+1100",46971428,"2019-09-23T04:23:15Z","""166075f-2ccba24-59330c74e19c6""",200,"2026-09-09T13:41:08Z"
"https://listdata.thelist.tas.gov.au/opendata/data/LIST_TASVEG_20_GLENORCHY.zip","LIST_TASVEG_20_GLENORCHY.zip","LIST_TASVEG_20_GLENORCHY.zip",FALSE,3565158.4,"2019-09-23T14:19:00+1000",3546397,"2019-09-23T05:04:26Z","""1660750-361d1d-593315a98bc55""",200,"2026-09-09T13:41:08Z"
"https://listdata.thelist.tas.gov.au/opendata/data/LIST_TASVEG_20_HOBART.zip","LIST_TASVEG_20_HOBART.zip","LIST_TASVEG_20_HOBART.zip",FALSE,2726297.6,"2019-09-23T14:10:00+1000",2697109,"2019-09-23T05:23:53Z","""1660752-292795-59331a025dec2""",200,"2026-09-09T13:41:08Z"
"https://listdata.thelist.tas.gov.au/opendata/data/LIST_TASVEG_20_HUON_VALLEY.zip","LIST_TASVEG_20_HUON_VALLEY.zip","LIST_TASVEG_20_HUON_VALLEY.zip",FALSE,193986560,"2019-09-23T14:56:00+1000",194337271,"2019-09-23T05:33:35Z","""1660765-b9559f7-59331c2d8e4eb""",200,"2026-09-09T13:41:08Z"
"https://listdata.thelist.tas.gov.au/opendata/data/LIST_TASVEG_20_KENTISH.zip","LIST_TASVEG_20_KENTISH.zip","LIST_TASVEG_20_KENTISH.zip",FALSE,59768832,"2019-09-23T15:16:00+1000",59452329,"2019-09-23T04:59:55Z","""1660757-38b2ba9-593314a6f0499""",200,"2026-09-09T13:41:08Z"
"https://listdata.thelist.tas.gov.au/opendata/data/LIST_TASVEG_20_KING_ISLAND.zip","LIST_TASVEG_20_KING_ISLAND.zip","LIST_TASVEG_20_KING_ISLAND.zip",FALSE,29360128,"2019-09-26T09:22:00+1000",29341615,"2019-09-23T04:43:44Z","""166074e-1bfb7af-59331108f6c1a""",200,"2026-09-09T13:41:08Z"
"https://listdata.thelist.tas.gov.au/opendata/data/LIST_TASVEG_20_KINGBOROUGH.zip","LIST_TASVEG_20_KINGBOROUGH.zip","LIST_TASVEG_20_KINGBOROUGH.zip",FALSE,25165824,"2019-09-26T09:37:00+1000",24756996,"2019-09-23T05:21:48Z","""1660766-179c304-5933198b42b4f""",200,"2026-09-09T13:41:08Z"
"https://listdata.thelist.tas.gov.au/opendata/data/LIST_TASVEG_20_LATROBE.zip","LIST_TASVEG_20_LATROBE.zip","LIST_TASVEG_20_LATROBE.zip",FALSE,14680064,"2019-09-26T09:48:00+1000",14420044,"2019-09-23T04:21:18Z","""166075a-dc084c-59330c05af8d0""",200,"2026-09-09T13:41:08Z"
"https://listdata.thelist.tas.gov.au/opendata/data/LIST_TASVEG_20_LAUNCESTON.zip","LIST_TASVEG_20_LAUNCESTON.zip","LIST_TASVEG_20_LAUNCESTON.zip",FALSE,73400320,"2019-09-26T09:51:00+1000",73333966,"2019-09-23T05:27:14Z","""1660769-45efcce-59331ac27c82a""",200,"2026-09-09T13:41:08Z"
"https://listdata.thelist.tas.gov.au/opendata/data/LIST_TASVEG_20_MEANDER_VALLEY.zip","LIST_TASVEG_20_MEANDER_VALLEY.zip","LIST_TASVEG_20_MEANDER_VALLEY.zip",FALSE,94371840,"2019-09-26T10:46:00+1000",94588878,"2019-09-23T05:38:08Z","""166075c-5a34fce-59331d322510b""",200,"2026-09-09T13:41:08Z"
"https://listdata.thelist.tas.gov.au/opendata/data/LIST_TASVEG_20_NORTHERN_MIDLANDS.zip","LIST_TASVEG_20_NORTHERN_MIDLANDS.zip","LIST_TASVEG_20_NORTHERN_MIDLANDS.zip",FALSE,124780544,"2019-09-26T10:00:00+1000",124826755,"2019-09-23T05:08:46Z","""166075d-770b483-593316a21cc7a""",200,"2026-09-09T13:41:08Z"
"https://listdata.thelist.tas.gov.au/opendata/data/LIST_TASVEG_20_SORELL.zip","LIST_TASVEG_20_SORELL.zip","LIST_TASVEG_20_SORELL.zip",FALSE,11534336,"2019-09-26T09:38:00+1000",11849930,"2019-09-23T04:12:20Z","""1660767-b4d0ca-59330a04cab75""",200,"2026-09-09T13:41:08Z"
"https://listdata.thelist.tas.gov.au/opendata/data/LIST_TASVEG_20_SOUTHERN_MIDLANDS.zip","LIST_TASVEG_20_SOUTHERN_MIDLANDS.zip","LIST_TASVEG_20_SOUTHERN_MIDLANDS.zip",FALSE,35651584,"2019-09-26T09:27:00+1000",36137924,"2019-09-23T05:02:16Z","""166075e-2276bc4-5933152dddbb9""",200,"2026-09-09T13:41:08Z"
"https://listdata.thelist.tas.gov.au/opendata/data/LIST_TASVEG_20_STATEWIDE.zip","LIST_TASVEG_20_STATEWIDE.zip","LIST_TASVEG_20_STATEWIDE.zip",FALSE,1073741824,"2019-09-26T09:53:00+1000",1126595016,"2018-01-19T02:15:23Z","""1660707-432679c8-56317a72e6f36""",200,"2026-09-09T13:41:08Z"
"https://listdata.thelist.tas.gov.au/opendata/data/LIST_TASVEG_20_TASMAN.zip","LIST_TASVEG_20_TASMAN.zip","LIST_TASVEG_20_TASMAN.zip",FALSE,16777216,"2019-09-26T10:06:00+1000",16732742,"2019-09-23T04:19:40Z","""166074f-ff5246-59330ba88f9b4""",200,"2026-09-09T13:41:08Z"
"https://listdata.thelist.tas.gov.au/opendata/data/LIST_TASVEG_20_WARATAH_WYNYARD.zip","LIST_TASVEG_20_WARATAH_WYNYARD.zip","LIST_TASVEG_20_WARATAH_WYNYARD.zip",FALSE,101711872,"2019-09-26T10:09:00+1000",101642588,"2019-09-23T04:10:38Z","""1660761-60ef15c-593309a32b049""",200,"2026-09-09T13:41:08Z"
"https://listdata.thelist.tas.gov.au/opendata/data/LIST_TASVEG_20_WEST_COAST.zip","LIST_TASVEG_20_WEST_COAST.zip","LIST_TASVEG_20_WEST_COAST.zip",FALSE,295698432,"2019-09-26T10:52:00+1000",295583102,"2019-09-23T04:56:06Z","""1660758-119e3d7e-593313ccb7f94""",200,"2026-09-09T13:41:08Z"
"https://listdata.thelist.tas.gov.au/opendata/data/LIST_TASVEG_20_WEST_TAMAR.zip","LIST_TASVEG_20_WEST_TAMAR.zip","LIST_TASVEG_20_WEST_TAMAR.zip",FALSE,27262976,"2019-09-26T09:46:00+1000",27468210,"2019-09-23T05:16:59Z","""1660759-1a321b2-5933187830f84""",200,"2026-09-09T13:41:08Z"
"https://listdata.thelist.tas.gov.au/opendata/data/LIST_TASVEG_30_BREAK_O_DAY.zip","LIST_TASVEG_30_BREAK_O_DAY.zip","LIST_TASVEG_30_BREAK_O_DAY.zip",FALSE,153092096,"2019-09-26T10:31:00+1000",152583418,"2019-09-25T23:37:18Z","""166076e-9183cfa-593692230bd2d""",200,"2026-09-09T13:41:08Z"
"https://listdata.thelist.tas.gov.au/opendata/data/LIST_TASVEG_30_BRIGHTON.zip","LIST_TASVEG_30_BRIGHTON.zip","LIST_TASVEG_30_BRIGHTON.zip",FALSE,3984588.8,"2019-09-26T15:25:00+1000",3945511,"2019-09-25T23:22:39Z","""1660771-3c3427-59368edd75899""",200,"2026-09-09T13:41:08Z"
"https://listdata.thelist.tas.gov.au/opendata/data/LIST_TASVEG_30_BURNIE.zip","LIST_TASVEG_30_BURNIE.zip","LIST_TASVEG_30_BURNIE.zip",FALSE,32505856,"2019-09-26T15:11:00+1000",32436527,"2019-09-25T23:48:55Z","""166077d-1eef12f-593694bc31a4d""",200,"2026-09-09T13:41:08Z"
"https://listdata.thelist.tas.gov.au/opendata/data/LIST_TASVEG_30_CENTRAL_COAST.zip","LIST_TASVEG_30_CENTRAL_COAST.zip","LIST_TASVEG_30_CENTRAL_COAST.zip",FALSE,33554432,"2019-09-26T15:35:00+1000",33481742,"2019-09-25T23:51:52Z","""1660770-1fee40e-593695656a6bb""",200,"2026-09-09T13:41:08Z"
"https://listdata.thelist.tas.gov.au/opendata/data/LIST_TASVEG_30_CENTRAL_HIGHLANDS.zip","LIST_TASVEG_30_CENTRAL_HIGHLANDS.zip","LIST_TASVEG_30_CENTRAL_HIGHLANDS.zip",FALSE,167772160,"2019-09-26T15:38:00+1000",167540592,"2019-09-26T00:46:29Z","""1660772-9fc7770-5936a19a69607""",200,"2026-09-09T13:41:08Z"
"https://listdata.thelist.tas.gov.au/opendata/data/LIST_TASVEG_30_CIRCULAR_HEAD.zip","LIST_TASVEG_30_CIRCULAR_HEAD.zip","LIST_TASVEG_30_CIRCULAR_HEAD.zip",FALSE,148897792,"2019-09-26T16:21:00+1000",148936454,"2019-09-26T00:00:42Z","""166077f-8e09706-5936975e03200""",200,"2026-09-09T13:41:08Z"
"https://listdata.thelist.tas.gov.au/opendata/data/LIST_TASVEG_30_CIRCULAR_HEAD/","LIST_TASVEG_30_CIRCULAR_HEAD/","LIST_TASVEG_30_CIRCULAR_HEAD/",TRUE,,"2025-07-18T10:08:00+1000",,,,,"2026-09-09T13:41:08Z"
"https://listdata.thelist.tas.gov.au/opendata/data/LIST_TASVEG_30_CIRCULAR_HEAD/list_tasveg_30_circular_head.cpg","LIST_TASVEG_30_CIRCULAR_HEAD/list_tasveg_30_circular_head.cpg","list_tasveg_30_circular_head.cpg",FALSE,5,"2019-09-23T17:35:00+1000",5,"2019-09-23T07:35:22Z","""16609de-5-59333765d6280""",200,"2026-09-09T13:41:08Z"
"https://listdata.thelist.tas.gov.au/opendata/data/LIST_TASVEG_30_CIRCULAR_HEAD/list_tasveg_30_circular_head.DAT","LIST_TASVEG_30_CIRCULAR_HEAD/list_tasveg_30_circular_head.DAT","list_tasveg_30_circular_head.DAT",FALSE,11534336,"2019-09-23T17:33:00+1000",11668002,"2019-09-23T07:35:48Z","""16609df-b20a22-5933377ea1d00""",200,"2026-09-09T13:41:08Z"
"https://listdata.thelist.tas.gov.au/opendata/data/LIST_TASVEG_30_CIRCULAR_HEAD/list_tasveg_30_circular_head.dbf","LIST_TASVEG_30_CIRCULAR_HEAD/list_tasveg_30_circular_head.dbf","list_tasveg_30_circular_head.dbf",FALSE,11534336,"2019-09-23T17:35:00+1000",11967170,"2019-09-23T07:35:22Z","""16609e0-b69ac2-59333765d6280""",200,"2026-09-09T13:41:08Z"
"https://listdata.thelist.tas.gov.au/opendata/data/LIST_TASVEG_30_CIRCULAR_HEAD/list_tasveg_30_circular_head.gdb/","LIST_TASVEG_30_CIRCULAR_HEAD/list_tasveg_30_circular_head.gdb/","list_tasveg_30_circular_head.gdb/",TRUE,,"2019-09-23T17:35:00+1000",,,,,"2026-09-09T13:41:08Z"
"https://listdata.thelist.tas.gov.au/opendata/data/LIST_TASVEG_30_CIRCULAR_HEAD/list_tasveg_30_circular_head.gdb/a00000001.freelist","LIST_TASVEG_30_CIRCULAR_HEAD/list_tasveg_30_circular_head.gdb/a00000001.freelist","a00000001.freelist",FALSE,4403.2,"2019-09-23T17:37:00+1000",4440,"2019-09-23T07:35:54Z","""16609f6-1158-593337845aa80""",200,"2026-09-09T13:41:08Z"
"https://listdata.thelist.tas.gov.au/opendata/data/LIST_TASVEG_30_CIRCULAR_HEAD/list_tasveg_30_circular_head.gdb/a00000001.gdbindexes","LIST_TASVEG_30_CIRCULAR_HEAD/list_tasveg_30_circular_head.gdb/a00000001.gdbindexes","a00000001.gdbindexes",FALSE,110,"2018-07-05T23:26:00+1000",110,"2018-07-05T13:26:28Z","""16609f7-6e-570407e9d2900""",200,"2026-09-09T13:41:08Z"
"https://listdata.thelist.tas.gov.au/opendata/data/LIST_TASVEG_30_CIRCULAR_HEAD/list_tasveg_30_circular_head.gdb/a00000001.gdbtable","LIST_TASVEG_30_CIRCULAR_HEAD/list_tasveg_30_circular_head.gdb/a00000001.gdbtable","a00000001.gdbtable",FALSE,339,"2019-09-23T17:37:00+1000",339,"2019-09-23T07:35:54Z","""16609f8-153-593337845aa80""",200,"2026-09-09T13:41:08Z"
"https://listdata.thelist.tas.gov.au/opendata/data/LIST_TASVEG_30_CIRCULAR_HEAD/list_tasveg_30_circular_head.gdb/a00000001.gdbtablx","LIST_TASVEG_30_CIRCULAR_HEAD/list_tasveg_30_circular_head.gdb/a00000001.gdbtablx","a00000001.gdbtablx",FALSE,5120,"2019-09-23T17:37:00+1000",5152,"2019-09-23T07:35:54Z","""16609f9-1420-593337845aa80""",200,"2026-09-09T13:41:08Z"
"https://listdata.thelist.tas.gov.au/opendata/data/LIST_TASVEG_30_CIRCULAR_HEAD/list_tasveg_30_circular_head.gdb/a00000001.TablesByName.atx","LIST_TASVEG_30_CIRCULAR_HEAD/list_tasveg_30_circular_head.gdb/a00000001.TablesByName.atx","a00000001.TablesByName.atx",FALSE,4096,"2019-09-23T17:35:00+1000",4118,"2019-09-23T07:35:54Z","""16609fa-1016-593337845aa80""",200,"2026-09-09T13:41:08Z"
"https://listdata.thelist.tas.gov.au/opendata/data/LIST_TASVEG_30_CIRCULAR_HEAD/list_tasveg_30_circular_head.gdb/a00000002.gdbtable","LIST_TASVEG_30_CIRCULAR_HEAD/list_tasveg_30_circular_head.gdb/a00000002.gdbtable","a00000002.gdbtable",FALSE,2048,"2018-07-05T23:26:00+1000",2055,"2018-07-05T13:26:28Z","""16609fb-807-570407e9d2900""",200,"2026-09-09T13:41:08Z"
"https://listdata.thelist.tas.gov.au/opendata/data/LIST_TASVEG_30_CIRCULAR_HEAD/list_tasveg_30_circular_head.gdb/a00000002.gdbtablx","LIST_TASVEG_30_CIRCULAR_HEAD/list_tasveg_30_circular_head.gdb/a00000002.gdbtablx","a00000002.gdbtablx",FALSE,5120,"2018-07-05T23:26:00+1000",5152,"2018-07-05T13:26:28Z","""16609fc-1420-570407e9d2900""",200,"2026-09-09T13:41:08Z"
"https://listdata.thelist.tas.gov.au/opendata/data/LIST_TASVEG_30_CIRCULAR_HEAD/list_tasveg_30_circular_head.gdb/a00000003.gdbindexes","LIST_TASVEG_30_CIRCULAR_HEAD/list_tasveg_30_circular_head.gdb/a00000003.gdbindexes","a00000003.gdbindexes",FALSE,42,"2018-07-05T23:26:00+1000",42,"2018-07-05T13:26:28Z","""16609fd-2a-570407e9d2900""",200,"2026-09-09T13:41:08Z"
"https://listdata.thelist.tas.gov.au/opendata/data/LIST_TASVEG_30_CIRCULAR_HEAD/list_tasveg_30_circular_head.gdb/a00000003.gdbtable","LIST_TASVEG_30_CIRCULAR_HEAD/list_tasveg_30_circular_head.gdb/a00000003.gdbtable","a00000003.gdbtable",FALSE,1024,"2018-07-05T23:26:00+1000",1021,"2018-07-05T13:26:36Z","""16609fe-3fd-570407f173b00""",200,"2026-09-09T13:41:08Z"
"https://listdata.thelist.tas.gov.au/opendata/data/LIST_TASVEG_30_CIRCULAR_HEAD/list_tasveg_30_circular_head.gdb/a00000003.gdbtablx","LIST_TASVEG_30_CIRCULAR_HEAD/list_tasveg_30_circular_head.gdb/a00000003.gdbtablx","a00000003.gdbtablx",FALSE,5120,"2018-07-05T23:26:00+1000",5152,"2018-07-05T13:26:36Z","""16609ff-1420-570407f173b00""",200,"2026-09-09T13:41:08Z"
"https://listdata.thelist.tas.gov.au/opendata/data/LIST_TASVEG_30_CIRCULAR_HEAD/list_tasveg_30_circular_head.gdb/a00000004.CatItemsByPhysicalName.atx","LIST_TASVEG_30_CIRCULAR_HEAD/list_tasveg_30_circular_head.gdb/a00000004.CatItemsByPhysicalName.atx","a00000004.CatItemsByPhysicalName.atx",FALSE,4096,"2018-07-05T23:26:00+1000",4118,"2019-09-23T07:35:54Z","""1660a00-1016-593337845aa80""",200,"2026-09-09T13:41:08Z"
"https://listdata.thelist.tas.gov.au/opendata/data/LIST_TASVEG_30_CIRCULAR_HEAD/list_tasveg_30_circular_head.gdb/a00000004.CatItemsByType.atx","LIST_TASVEG_30_CIRCULAR_HEAD/list_tasveg_30_circular_head.gdb/a00000004.CatItemsByType.atx","a00000004.CatItemsByType.atx",FALSE,4096,"2019-09-23T17:35:00+1000",4118,"2019-09-23T07:35:54Z","""1660a01-1016-593337845aa80""",200,"2026-09-09T13:41:08Z"
"https://listdata.thelist.tas.gov.au/opendata/data/LIST_TASVEG_30_CIRCULAR_HEAD/list_tasveg_30_circular_head.gdb/a00000004.FDO_UUID.atx","LIST_TASVEG_30_CIRCULAR_HEAD/list_tasveg_30_circular_head.gdb/a00000004.FDO_UUID.atx","a00000004.FDO_UUID.atx",FALSE,4096,"2019-09-23T17:35:00+1000",4118,"2019-09-23T07:35:54Z","""1660a02-1016-593337845aa80""",200,"2026-09-09T13:41:08Z"
"https://listdata.thelist.tas.gov.au/opendata/data/LIST_TASVEG_30_CIRCULAR_HEAD/list_tasveg_30_circular_head.gdb/a00000004.freelist","LIST_TASVEG_30_CIRCULAR_HEAD/list_tasveg_30_circular_head.gdb/a00000004.freelist","a00000004.freelist",FALSE,12288,"2019-09-23T17:35:00+1000",12632,"2019-09-23T07:37:56Z","""1660a03-3158-593337f8b3d00""",200,"2026-09-09T13:41:08Z"
"https://listdata.thelist.tas.gov.au/opendata/data/LIST_TASVEG_30_CIRCULAR_HEAD/list_tasveg_30_circular_head.gdb/a00000004.gdbindexes","LIST_TASVEG_30_CIRCULAR_HEAD/list_tasveg_30_circular_head.gdb/a00000004.gdbindexes","a00000004.gdbindexes",FALSE,310,"2019-09-23T17:35:00+1000",310,"2018-07-05T13:26:30Z","""1660a04-136-570407ebbad80""",200,"2026-09-09T13:41:08Z"
"https://listdata.thelist.tas.gov.au/opendata/data/LIST_TASVEG_30_CIRCULAR_HEAD/list_tasveg_30_circular_head.gdb/a00000004.gdbtable","LIST_TASVEG_30_CIRCULAR_HEAD/list_tasveg_30_circular_head.gdb/a00000004.gdbtable","a00000004.gdbtable",FALSE,35840,"2019-09-23T17:35:00+1000",36279,"2019-09-23T07:37:56Z","""1660a05-8db7-593337f8b3d00""",200,"2026-09-09T13:41:08Z"
"https://listdata.thelist.tas.gov.au/opendata/data/LIST_TASVEG_30_CIRCULAR_HEAD/list_tasveg_30_circular_head.gdb/a00000004.gdbtablx","LIST_TASVEG_30_CIRCULAR_HEAD/list_tasveg_30_circular_head.gdb/a00000004.gdbtablx","a00000004.gdbtablx",FALSE,5120,"2018-07-05T23:26:00+1000",5152,"2019-09-23T07:37:56Z","""1660a06-1420-593337f8b3d00""",200,"2026-09-09T13:41:08Z"
"https://listdata.thelist.tas.gov.au/opendata/data/LIST_TASVEG_30_CIRCULAR_HEAD/list_tasveg_30_circular_head.gdb/a00000004.spx","LIST_TASVEG_30_CIRCULAR_HEAD/list_tasveg_30_circular_head.gdb/a00000004.spx","a00000004.spx",FALSE,4096,"2019-09-23T17:35:00+1000",4118,"2019-09-23T07:35:54Z","""1660a07-1016-593337845aa80""",200,"2026-09-09T13:41:08Z"
"https://listdata.thelist.tas.gov.au/opendata/data/LIST_TASVEG_30_CIRCULAR_HEAD/list_tasveg_30_circular_head.gdb/a00000005.CatItemTypesByName.atx","LIST_TASVEG_30_CIRCULAR_HEAD/list_tasveg_30_circular_head.gdb/a00000005.CatItemTypesByName.atx","a00000005.CatItemTypesByName.atx",FALSE,12288,"2019-09-23T17:35:00+1000",12310,"2018-07-05T13:26:32Z","""1660a08-3016-570407eda3200""",200,"2026-09-09T13:41:08Z"
"https://listdata.thelist.tas.gov.au/opendata/data/LIST_TASVEG_30_CIRCULAR_HEAD/list_tasveg_30_circular_head.gdb/a00000005.CatItemTypesByParentTypeID.atx","LIST_TASVEG_30_CIRCULAR_HEAD/list_tasveg_30_circular_head.gdb/a00000005.CatItemTypesByParentTypeID.atx","a00000005.CatItemTypesByParentTypeID.atx",FALSE,4096,"2018-07-05T23:26:00+1000",4118,"2018-07-05T13:26:32Z","""1660a09-1016-570407eda3200""",200,"2026-09-09T13:41:08Z"
"https://listdata.thelist.tas.gov.au/opendata/data/LIST_TASVEG_30_CIRCULAR_HEAD/list_tasveg_30_circular_head.gdb/a00000005.CatItemTypesByUUID.atx","LIST_TASVEG_30_CIRCULAR_HEAD/list_tasveg_30_circular_head.gdb/a00000005.CatItemTypesByUUID.atx","a00000005.CatItemTypesByUUID.atx",FALSE,4096,"2018-07-05T23:26:00+1000",4118,"2018-07-05T13:26:32Z","""1660a0a-1016-570407eda3200""",200,"2026-09-09T13:41:08Z"
"https://listdata.thelist.tas.gov.au/opendata/data/LIST_TASVEG_30_CIRCULAR_HEAD/list_tasveg_30_circular_head.gdb/a00000005.gdbindexes","LIST_TASVEG_30_CIRCULAR_HEAD/list_tasveg_30_circular_head.gdb/a00000005.gdbindexes","a00000005.gdbindexes",FALSE,296,"2018-07-05T23:26:00+1000",296,"2018-07-05T13:26:32Z","""1660a0b-128-570407eda3200""",200,"2026-09-09T13:41:08Z"
"https://listdata.thelist.tas.gov.au/opendata/data/LIST_TASVEG_30_CIRCULAR_HEAD/list_tasveg_30_circular_head.gdb/a00000005.gdbtable","LIST_TASVEG_30_CIRCULAR_HEAD/list_tasveg_30_circular_head.gdb/a00000005.gdbtable","a00000005.gdbtable",FALSE,1843.2,"2018-07-05T23:26:00+1000",1803,"2018-07-05T13:26:32Z","""1660a0c-70b-570407eda3200""",200,"2026-09-09T13:41:08Z"
"https://listdata.thelist.tas.gov.au/opendata/data/LIST_TASVEG_30_CIRCULAR_HEAD/list_tasveg_30_circular_head.gdb/a00000005.gdbtablx","LIST_TASVEG_30_CIRCULAR_HEAD/list_tasveg_30_circular_head.gdb/a00000005.gdbtablx","a00000005.gdbtablx",FALSE,5120,"2018-07-05T23:26:00+1000",5152,"2018-07-05T13:26:32Z","""1660a0d-1420-570407eda3200""",200,"2026-09-09T13:41:08Z"
"https://listdata.thelist.tas.gov.au/opendata/data/LIST_TASVEG_30_CIRCULAR_HEAD/list_tasveg_30_circular_head.gdb/a00000006.CatRelsByDestinationID.atx","LIST_TASVEG_30_CIRCULAR_HEAD/list_tasveg_30_circular_head.gdb/a00000006.CatRelsByDestinationID.atx","a00000006.CatRelsByDestinationID.atx",FALSE,4096,"2018-07-05T23:26:00+1000",4118,"2019-09-23T07:35:54Z","""1660a0e-1016-593337845aa80""",200,"2026-09-09T13:41:08Z"
"https://listdata.thelist.tas.gov.au/opendata/data/LIST_TASVEG_30_CIRCULAR_HEAD/list_tasveg_30_circular_head.gdb/a00000006.CatRelsByOriginID.atx","LIST_TASVEG_30_CIRCULAR_HEAD/list_tasveg_30_circular_head.gdb/a00000006.CatRelsByOriginID.atx","a00000006.CatRelsByOriginID.atx",FALSE,4096,"2018-07-05T23:26:00+1000",4118,"2019-09-23T07:35:54Z","""1660a0f-1016-593337845aa80""",200,"2026-09-09T13:41:08Z"
"https://listdata.thelist.tas.gov.au/opendata/data/LIST_TASVEG_30_CIRCULAR_HEAD/list_tasveg_30_circular_head.gdb/a00000006.CatRelsByType.atx","LIST_TASVEG_30_CIRCULAR_HEAD/list_tasveg_30_circular_head.gdb/a00000006.CatRelsByType.atx","a00000006.CatRelsByType.atx",FALSE,4096,"2018-07-05T23:26:00+1000",4118,"2019-09-23T07:35:54Z","""1660a10-1016-593337845aa80""",200,"2026-09-09T13:41:08Z"
"https://listdata.thelist.tas.gov.au/opendata/data/LIST_TASVEG_30_CIRCULAR_HEAD/list_tasveg_30_circular_head.gdb/a00000006.FDO_UUID.atx","LIST_TASVEG_30_CIRCULAR_HEAD/list_tasveg_30_circular_head.gdb/a00000006.FDO_UUID.atx","a00000006.FDO_UUID.atx",FALSE,4096,"2018-07-05T23:26:00+1000",4118,"2019-09-23T07:35:54Z","""1660a11-1016-593337845aa80""",200,"2026-09-09T13:41:08Z"
"https://listdata.thelist.tas.gov.au/opendata/data/LIST_TASVEG_30_CIRCULAR_HEAD/list_tasveg_30_circular_head.gdb/a00000006.freelist","LIST_TASVEG_30_CIRCULAR_HEAD/list_tasveg_30_circular_head.gdb/a00000006.freelist","a00000006.freelist",FALSE,4403.2,"2018-07-05T23:26:00+1000",4440,"2019-09-23T07:35:54Z","""1660a12-1158-593337845aa80""",200,"2026-09-09T13:41:08Z"
"https://listdata.thelist.tas.gov.au/opendata/data/LIST_TASVEG_30_CIRCULAR_HEAD/list_tasveg_30_circular_head.gdb/a00000006.gdbindexes","LIST_TASVEG_30_CIRCULAR_HEAD/list_tasveg_30_circular_head.gdb/a00000006.gdbindexes","a00000006.gdbindexes",FALSE,318,"2019-09-23T17:37:00+1000",318,"2018-07-05T13:26:30Z","""1660a13-13e-570407ebbad80""",200,"2026-09-09T13:41:08Z"
"https://listdata.thelist.tas.gov.au/opendata/data/LIST_TASVEG_30_CIRCULAR_HEAD/list_tasveg_30_circular_head.gdb/a00000006.gdbtable","LIST_TASVEG_30_CIRCULAR_HEAD/list_tasveg_30_circular_head.gdb/a00000006.gdbtable","a00000006.gdbtable",FALSE,263,"2019-09-23T17:37:00+1000",263,"2019-09-23T07:35:54Z","""1660a14-107-593337845aa80""",200,"2026-09-09T13:41:08Z"
"https://listdata.thelist.tas.gov.au/opendata/data/LIST_TASVEG_30_CIRCULAR_HEAD/list_tasveg_30_circular_head.gdb/a00000006.gdbtablx","LIST_TASVEG_30_CIRCULAR_HEAD/list_tasveg_30_circular_head.gdb/a00000006.gdbtablx","a00000006.gdbtablx",FALSE,5120,"2019-09-23T17:37:00+1000",5152,"2019-09-23T07:35:54Z","""1660a15-1420-593337845aa80""",200,"2026-09-09T13:41:08Z"
"https://listdata.thelist.tas.gov.au/opendata/data/LIST_TASVEG_30_CIRCULAR_HEAD/list_tasveg_30_circular_head.gdb/a00000007.CatRelTypesByBackwardLabel.atx","LIST_TASVEG_30_CIRCULAR_HEAD/list_tasveg_30_circular_head.gdb/a00000007.CatRelTypesByBackwardLabel.atx","a00000007.CatRelTypesByBackwardLabel.atx",FALSE,4096,"2019-09-23T17:37:00+1000",4118,"2018-07-05T13:26:32Z","""1660a16-1016-570407eda3200""",200,"2026-09-09T13:41:08Z"
"https://listdata.thelist.tas.gov.au/opendata/data/LIST_TASVEG_30_CIRCULAR_HEAD/list_tasveg_30_circular_head.gdb/a00000007.CatRelTypesByDestItemTypeID.atx","LIST_TASVEG_30_CIRCULAR_HEAD/list_tasveg_30_circular_head.gdb/a00000007.CatRelTypesByDestItemTypeID.atx","a00000007.CatRelTypesByDestItemTypeID.atx",FALSE,4096,"2019-09-23T17:37:00+1000",4118,"2018-07-05T13:26:32Z","""1660a17-1016-570407eda3200""",200,"2026-09-09T13:41:08Z"
"https://listdata.thelist.tas.gov.au/opendata/data/LIST_TASVEG_30_CIRCULAR_HEAD/list_tasveg_30_circular_head.gdb/a00000007.CatRelTypesByForwardLabel.atx","LIST_TASVEG_30_CIRCULAR_HEAD/list_tasveg_30_circular_head.gdb/a00000007.CatRelTypesByForwardLabel.atx","a00000007.CatRelTypesByForwardLabel.atx",FALSE,4096,"2019-09-23T17:37:00+1000",4118,"2018-07-05T13:26:32Z","""1660a18-1016-570407eda3200""",200,"2026-09-09T13:41:08Z"
"https://listdata.thelist.tas.gov.au/opendata/data/LIST_TASVEG_30_CIRCULAR_HEAD/list_tasveg_30_circular_head.gdb/a00000007.CatRelTypesByName.atx","LIST_TASVEG_30_CIRCULAR_HEAD/list_tasveg_30_circular_head.gdb/a00000007.CatRelTypesByName.atx","a00000007.CatRelTypesByName.atx",FALSE,4096,,4118,"2018-07-05T13:26:32Z","""1660a19-1016-570407eda3200""",200,"2026-09-09T13:41:08Z"
"https://listdata.thelist.tas.gov.au/opendata/data/LIST_TASVEG_30_CIRCULAR_HEAD/list_tasveg_30_circular_head.gdb/a00000007.CatRelTypesByOriginItemTypeID.atx","LIST_TASVEG_30_CIRCULAR_HEAD/list_tasveg_30_circular_head.gdb/a00000007.CatRelTypesByOriginItemTypeID.atx","a00000007.CatRelTypesByOriginItemTypeID.atx",FALSE,4096,,4118,"2018-07-05T13:26:32Z","""1660a1a-1016-570407eda3200""",200,"2026-09-09T13:41:08Z"
"https://listdata.thelist.tas.gov.au/opendata/data/LIST_TASVEG_30_CIRCULAR_HEAD/list_tasveg_30_circular_head.gdb/a00000007.CatRelTypesByUUID.atx","LIST_TASVEG_30_CIRCULAR_HEAD/list_tasveg_30_circular_head.gdb/a00000007.CatRelTypesByUUID.atx","a00000007.CatRelTypesByUUID.atx",FALSE,4096,,4118,"2018-07-05T13:26:32Z","""1660a1b-1016-570407eda3200""",200,"2026-09-09T13:41:08Z"
"https://listdata.thelist.tas.gov.au/opendata/data/LIST_TASVEG_30_CIRCULAR_HEAD/list_tasveg_30_circular_head.gdb/a00000007.gdbindexes","LIST_TASVEG_30_CIRCULAR_HEAD/list_tasveg_30_circular_head.gdb/a00000007.gdbindexes","a00000007.gdbindexes",FALSE,602,,602,"2018-07-05T13:26:32Z","""1660a1c-25a-570407eda3200""",200,"2026-09-09T13:41:08Z"
"https://listdata.thelist.tas.gov.au/opendata/data/LIST_TASVEG_30_CIRCULAR_HEAD/list_tasveg_30_circular_head.gdb/a00000007.gdbtable","LIST_TASVEG_30_CIRCULAR_HEAD/list_tasveg_30_circular_head.gdb/a00000007.gdbtable","a00000007.gdbtable",FALSE,2457.6,,2504,"2018-07-05T13:26:32Z","""1660a1d-9c8-570407eda3200""",200,"2026-09-09T13:41:08Z"
"https://listdata.thelist.tas.gov.au/opendata/data/LIST_TASVEG_30_CIRCULAR_HEAD/list_tasveg_30_circular_head.gdb/a00000007.gdbtablx","LIST_TASVEG_30_CIRCULAR_HEAD/list_tasveg_30_circular_head.gdb/a00000007.gdbtablx","a00000007.gdbtablx",FALSE,5120,,5152,"2018-07-05T13:26:32Z","""1660a1e-1420-570407eda3200""",200,"2026-09-09T13:41:08Z"
"https://listdata.thelist.tas.gov.au/opendata/data/LIST_TASVEG_30_CIRCULAR_HEAD/list_tasveg_30_circular_head.gdb/a0000000a.gdbindexes","LIST_TASVEG_30_CIRCULAR_HEAD/list_tasveg_30_circular_head.gdb/a0000000a.gdbindexes","a0000000a.gdbindexes",FALSE,116,"2018-07-05T23:26:00+1000",116,"2019-09-23T07:37:56Z","""1660a1f-74-593337f8b3d00""",200,"2026-09-09T13:41:08Z"
"https://listdata.thelist.tas.gov.au/opendata/data/LIST_TASVEG_30_CIRCULAR_HEAD/list_tasveg_30_circular_head.gdb/a0000000a.gdbtable","LIST_TASVEG_30_CIRCULAR_HEAD/list_tasveg_30_circular_head.gdb/a0000000a.gdbtable","a0000000a.gdbtable",FALSE,28311552,"2019-09-23T17:35:00+1000",28815915,"2019-09-23T07:37:56Z","""1660a20-1b7b22b-593337f8b3d00""",200,"2026-09-09T13:41:08Z"
"https://listdata.thelist.tas.gov.au/opendata/data/LIST_TASVEG_30_CIRCULAR_HEAD/list_tasveg_30_circular_head.gdb/a0000000a.gdbtablx","LIST_TASVEG_30_CIRCULAR_HEAD/list_tasveg_30_circular_head.gdb/a0000000a.gdbtablx","a0000000a.gdbtablx",FALSE,189440,"2019-09-23T17:35:00+1000",189472,"2019-09-23T07:37:56Z","""1660a21-2e420-593337f8b3d00""",200,"2026-09-09T13:41:08Z"
"https://listdata.thelist.tas.gov.au/opendata/data/LIST_TASVEG_30_CIRCULAR_HEAD/list_tasveg_30_circular_head.gdb/a0000000a.spx","LIST_TASVEG_30_CIRCULAR_HEAD/list_tasveg_30_circular_head.gdb/a0000000a.spx","a0000000a.spx",FALSE,643072,"2019-09-23T17:35:00+1000",643094,"2019-09-23T07:37:56Z","""1660a22-9d016-593337f8b3d00""",200,"2026-09-09T13:41:08Z"
"https://listdata.thelist.tas.gov.au/opendata/data/LIST_TASVEG_30_CIRCULAR_HEAD/list_tasveg_30_circular_head.gdb/gdb","LIST_TASVEG_30_CIRCULAR_HEAD/list_tasveg_30_circular_head.gdb/gdb","gdb",FALSE,4,,4,"2018-07-05T13:26:28Z","""1660a23-4-570407e9d2900""",200,"2026-09-09T13:41:08Z"
"https://listdata.thelist.tas.gov.au/opendata/data/LIST_TASVEG_30_CIRCULAR_HEAD/list_tasveg_30_circular_head.gdb/timestamps","LIST_TASVEG_30_CIRCULAR_HEAD/list_tasveg_30_circular_head.gdb/timestamps","timestamps",FALSE,400,,400,"2019-09-23T07:37:56Z","""1660a24-190-593337f8b3d00""",200,"2026-09-09T13:41:08Z"
"https://listdata.thelist.tas.gov.au/opendata/data/LIST_TASVEG_30_CIRCULAR_HEAD/list_tasveg_30_circular_head.ID","LIST_TASVEG_30_CIRCULAR_HEAD/list_tasveg_30_circular_head.ID","list_tasveg_30_circular_head.ID",FALSE,149504,"2019-09-23T17:35:00+1000",149584,"2019-09-23T07:35:48Z","""16609e1-24850-5933377ea1d00""",200,"2026-09-09T13:41:08Z"
"https://listdata.thelist.tas.gov.au/opendata/data/LIST_TASVEG_30_CIRCULAR_HEAD/list_tasveg_30_circular_head.MAP","LIST_TASVEG_30_CIRCULAR_HEAD/list_tasveg_30_circular_head.MAP","list_tasveg_30_circular_head.MAP",FALSE,29360128,"2019-09-23T17:33:00+1000",29161472,"2019-09-23T07:35:48Z","""16609e2-1bcf800-5933377ea1d00""",200,"2026-09-09T13:41:08Z"
"https://listdata.thelist.tas.gov.au/opendata/data/LIST_TASVEG_30_CIRCULAR_HEAD/list_tasveg_30_circular_head.prj","LIST_TASVEG_30_CIRCULAR_HEAD/list_tasveg_30_circular_head.prj","list_tasveg_30_circular_head.prj",FALSE,408,"2019-09-23T17:33:00+1000",408,"2019-09-23T07:33:10Z","""16609e3-198-593336e7f3980""",200,"2026-09-09T13:41:08Z"
"https://listdata.thelist.tas.gov.au/opendata/data/LIST_TASVEG_30_CIRCULAR_HEAD/list_tasveg_30_circular_head.sbn","LIST_TASVEG_30_CIRCULAR_HEAD/list_tasveg_30_circular_head.sbn","list_tasveg_30_circular_head.sbn",FALSE,386048,"2019-09-23T17:33:00+1000",385628,"2019-09-23T07:35:32Z","""16609e4-5e25c-5933376f5f900""",200,"2026-09-09T13:41:08Z"
"https://listdata.thelist.tas.gov.au/opendata/data/LIST_TASVEG_30_CIRCULAR_HEAD/list_tasveg_30_circular_head.sbx","LIST_TASVEG_30_CIRCULAR_HEAD/list_tasveg_30_circular_head.sbx","list_tasveg_30_circular_head.sbx",FALSE,23552,"2019-09-23T17:33:00+1000",23348,"2019-09-23T07:35:32Z","""16609e5-5b34-5933376f5f900""",200,"2026-09-09T13:41:08Z"
"https://listdata.thelist.tas.gov.au/opendata/data/LIST_TASVEG_30_CIRCULAR_HEAD/list_tasveg_30_circular_head.shp","LIST_TASVEG_30_CIRCULAR_HEAD/list_tasveg_30_circular_head.shp","list_tasveg_30_circular_head.shp",FALSE,57671680,"2019-09-23T17:33:00+1000",58080744,"2019-09-23T07:35:22Z","""16609e6-3763de8-59333765d6280""",200,"2026-09-09T13:41:08Z"
"https://listdata.thelist.tas.gov.au/opendata/data/LIST_TASVEG_30_CIRCULAR_HEAD/list_tasveg_30_circular_head.shp.xml","LIST_TASVEG_30_CIRCULAR_HEAD/list_tasveg_30_circular_head.shp.xml","list_tasveg_30_circular_head.shp.xml",FALSE,10240,"2019-09-23T17:33:00+1000",10676,"2019-09-23T07:35:22Z","""16609e7-29b4-59333765d6280""",200,"2026-09-09T13:41:08Z"
"https://listdata.thelist.tas.gov.au/opendata/data/LIST_TASVEG_30_CIRCULAR_HEAD/list_tasveg_30_circular_head.shx","LIST_TASVEG_30_CIRCULAR_HEAD/list_tasveg_30_circular_head.shx","list_tasveg_30_circular_head.shx",FALSE,299008,"2019-09-23T17:35:00+1000",299268,"2019-09-23T07:35:22Z","""16609e8-49104-59333765d6280""",200,"2026-09-09T13:41:08Z"
"https://listdata.thelist.tas.gov.au/opendata/data/LIST_TASVEG_30_CIRCULAR_HEAD/list_tasveg_30_circular_head.tab","LIST_TASVEG_30_CIRCULAR_HEAD/list_tasveg_30_circular_head.tab","list_tasveg_30_circular_head.tab",FALSE,498,"2019-09-23T17:37:00+1000",498,"2019-09-23T07:35:48Z","""16609e9-1f2-5933377ea1d00""",200,"2026-09-09T13:41:08Z"
"https://listdata.thelist.tas.gov.au/opendata/data/LIST_TASVEG_30_CIRCULAR_HEAD/municipality_circular_head.cpg","LIST_TASVEG_30_CIRCULAR_HEAD/municipality_circular_head.cpg","municipality_circular_head.cpg",FALSE,5,"2019-09-23T17:37:00+1000",5,"2019-09-23T07:33:00Z","""16609ea-5-593336de6a300""",200,"2026-09-09T13:41:08Z"
"https://listdata.thelist.tas.gov.au/opendata/data/LIST_TASVEG_30_CIRCULAR_HEAD/municipality_circular_head.DAT","LIST_TASVEG_30_CIRCULAR_HEAD/municipality_circular_head.DAT","municipality_circular_head.DAT",FALSE,607,"2019-09-23T17:37:00+1000",607,"2019-09-23T07:35:50Z","""16609eb-25f-593337808a180""",200,"2026-09-09T13:41:08Z"
"https://listdata.thelist.tas.gov.au/opendata/data/LIST_TASVEG_30_CIRCULAR_HEAD/municipality_circular_head.dbf","LIST_TASVEG_30_CIRCULAR_HEAD/municipality_circular_head.dbf","municipality_circular_head.dbf",FALSE,618,"2019-09-23T17:37:00+1000",618,"2019-09-23T07:33:00Z","""16609ec-26a-593336de6a300""",200,"2026-09-09T13:41:08Z"
"https://listdata.thelist.tas.gov.au/opendata/data/LIST_TASVEG_30_CIRCULAR_HEAD/municipality_circular_head.gdb/","LIST_TASVEG_30_CIRCULAR_HEAD/municipality_circular_head.gdb/","municipality_circular_head.gdb/",TRUE,,"2019-09-23T17:33:00+1000",,,,,"2026-09-09T13:41:08Z"
"https://listdata.thelist.tas.gov.au/opendata/data/LIST_TASVEG_30_CIRCULAR_HEAD/municipality_circular_head.gdb/a00000001.gdbindexes","LIST_TASVEG_30_CIRCULAR_HEAD/municipality_circular_head.gdb/a00000001.gdbindexes","a00000001.gdbindexes",FALSE,110,"2019-09-23T17:32:00+1000",110,"2019-09-23T07:32:48Z","""1660a25-6e-593336d2f8800""",200,"2026-09-09T13:41:08Z"
"https://listdata.thelist.tas.gov.au/opendata/data/LIST_TASVEG_30_CIRCULAR_HEAD/municipality_circular_head.gdb/a00000001.gdbtable","LIST_TASVEG_30_CIRCULAR_HEAD/municipality_circular_head.gdb/a00000001.gdbtable","a00000001.gdbtable",FALSE,337,"2019-09-23T17:32:00+1000",337,"2019-09-23T07:32:50Z","""1660a26-151-593336d4e0c80""",200,"2026-09-09T13:41:08Z"
"https://listdata.thelist.tas.gov.au/opendata/data/LIST_TASVEG_30_CIRCULAR_HEAD/municipality_circular_head.gdb/a00000001.gdbtablx","LIST_TASVEG_30_CIRCULAR_HEAD/municipality_circular_head.gdb/a00000001.gdbtablx","a00000001.gdbtablx",FALSE,5120,"2019-09-23T17:32:00+1000",5152,"2019-09-23T07:32:50Z","""1660a27-1420-593336d4e0c80""",200,"2026-09-09T13:41:08Z"
"https://listdata.thelist.tas.gov.au/opendata/data/LIST_TASVEG_30_CIRCULAR_HEAD/municipality_circular_head.gdb/a00000001.TablesByName.atx","LIST_TASVEG_30_CIRCULAR_HEAD/municipality_circular_head.gdb/a00000001.TablesByName.atx","a00000001.TablesByName.atx",FALSE,4096,"2019-09-23T17:32:00+1000",4118,"2019-09-23T07:32:50Z","""1660a28-1016-593336d4e0c80""",200,"2026-09-09T13:41:08Z"
"https://listdata.thelist.tas.gov.au/opendata/data/LIST_TASVEG_30_CIRCULAR_HEAD/municipality_circular_head.gdb/a00000002.gdbtable","LIST_TASVEG_30_CIRCULAR_HEAD/municipality_circular_head.gdb/a00000002.gdbtable","a00000002.gdbtable",FALSE,2048,"2019-09-23T17:32:00+1000",2055,"2019-09-23T07:32:48Z","""1660a29-807-593336d2f8800""",200,"2026-09-09T13:41:08Z"
"https://listdata.thelist.tas.gov.au/opendata/data/LIST_TASVEG_30_CIRCULAR_HEAD/municipality_circular_head.gdb/a00000002.gdbtablx","LIST_TASVEG_30_CIRCULAR_HEAD/municipality_circular_head.gdb/a00000002.gdbtablx","a00000002.gdbtablx",FALSE,5120,"2019-09-23T17:32:00+1000",5152,"2019-09-23T07:32:48Z","""1660a2a-1420-593336d2f8800""",200,"2026-09-09T13:41:08Z"
"https://listdata.thelist.tas.gov.au/opendata/data/LIST_TASVEG_30_CIRCULAR_HEAD/municipality_circular_head.gdb/a00000003.gdbindexes","LIST_TASVEG_30_CIRCULAR_HEAD/municipality_circular_head.gdb/a00000003.gdbindexes","a00000003.gdbindexes",FALSE,42,"2019-09-23T17:32:00+1000",42,"2019-09-23T07:32:48Z","""1660a2b-2a-593336d2f8800""",200,"2026-09-09T13:41:08Z"
"https://listdata.thelist.tas.gov.au/opendata/data/LIST_TASVEG_30_CIRCULAR_HEAD/municipality_circular_head.gdb/a00000003.gdbtable","LIST_TASVEG_30_CIRCULAR_HEAD/municipality_circular_head.gdb/a00000003.gdbtable","a00000003.gdbtable",FALSE,1024,"2019-09-23T17:32:00+1000",1021,"2019-09-23T07:32:50Z","""1660a2c-3fd-593336d4e0c80""",200,"2026-09-09T13:41:08Z"
"https://listdata.thelist.tas.gov.au/opendata/data/LIST_TASVEG_30_CIRCULAR_HEAD/municipality_circular_head.gdb/a00000003.gdbtablx","LIST_TASVEG_30_CIRCULAR_HEAD/municipality_circular_head.gdb/a00000003.gdbtablx","a00000003.gdbtablx",FALSE,5120,"2019-09-23T17:32:00+1000",5152,"2019-09-23T07:32:50Z","""1660a2d-1420-593336d4e0c80""",200,"2026-09-09T13:41:08Z"
"https://listdata.thelist.tas.gov.au/opendata/data/LIST_TASVEG_30_CIRCULAR_HEAD/municipality_circular_head.gdb/a00000004.CatItemsByPhysicalName.atx","LIST_TASVEG_30_CIRCULAR_HEAD/municipality_circular_head.gdb/a00000004.CatItemsByPhysicalName.atx","a00000004.CatItemsByPhysicalName.atx",FALSE,4096,"2019-09-23T17:32:00+1000",4118,"2019-09-23T07:32:50Z","""1660a2e-1016-593336d4e0c80""",200,"2026-09-09T13:41:08Z"
"https://listdata.thelist.tas.gov.au/opendata/data/LIST_TASVEG_30_CIRCULAR_HEAD/municipality_circular_head.gdb/a00000004.CatItemsByType.atx","LIST_TASVEG_30_CIRCULAR_HEAD/municipality_circular_head.gdb/a00000004.CatItemsByType.atx","a00000004.CatItemsByType.atx",FALSE,4096,"2019-09-23T17:32:00+1000",4118,"2019-09-23T07:32:50Z","""1660a2f-1016-593336d4e0c80""",200,"2026-09-09T13:41:08Z"
"https://listdata.thelist.tas.gov.au/opendata/data/LIST_TASVEG_30_CIRCULAR_HEAD/municipality_circular_head.gdb/a00000004.FDO_UUID.atx","LIST_TASVEG_30_CIRCULAR_HEAD/municipality_circular_head.gdb/a00000004.FDO_UUID.atx","a00000004.FDO_UUID.atx",FALSE,4096,"2019-09-23T17:32:00+1000",4118,"2019-09-23T07:32:50Z","""1660a30-1016-593336d4e0c80""",200,"2026-09-09T13:41:08Z"
"https://listdata.thelist.tas.gov.au/opendata/data/LIST_TASVEG_30_CIRCULAR_HEAD/municipality_circular_head.gdb/a00000004.gdbindexes","LIST_TASVEG_30_CIRCULAR_HEAD/municipality_circular_head.gdb/a00000004.gdbindexes","a00000004.gdbindexes",FALSE,310,"2019-09-23T17:32:00+1000",310,"2019-09-23T07:32:48Z","""1660a31-136-593336d2f8800""",200,"2026-09-09T13:41:08Z"
"https://listdata.thelist.tas.gov.au/opendata/data/LIST_TASVEG_30_CIRCULAR_HEAD/municipality_circular_head.gdb/a00000004.gdbtable","LIST_TASVEG_30_CIRCULAR_HEAD/municipality_circular_head.gdb/a00000004.gdbtable","a00000004.gdbtable",FALSE,19456,"2019-09-23T17:32:00+1000",19750,"2019-09-23T07:32:52Z","""1660a32-4d26-593336d6c9100""",200,"2026-09-09T13:41:08Z"
"https://listdata.thelist.tas.gov.au/opendata/data/LIST_TASVEG_30_CIRCULAR_HEAD/municipality_circular_head.gdb/a00000004.gdbtablx","LIST_TASVEG_30_CIRCULAR_HEAD/municipality_circular_head.gdb/a00000004.gdbtablx","a00000004.gdbtablx",FALSE,5120,"2019-09-23T17:32:00+1000",5152,"2019-09-23T07:32:52Z","""1660a33-1420-593336d6c9100""",200,"2026-09-09T13:41:08Z"
"https://listdata.thelist.tas.gov.au/opendata/data/LIST_TASVEG_30_CIRCULAR_HEAD/municipality_circular_head.gdb/a00000004.spx","LIST_TASVEG_30_CIRCULAR_HEAD/municipality_circular_head.gdb/a00000004.spx","a00000004.spx",FALSE,4096,"2019-09-23T17:32:00+1000",4118,"2019-09-23T07:32:50Z","""1660a34-1016-593336d4e0c80""",200,"2026-09-09T13:41:08Z"
"https://listdata.thelist.tas.gov.au/opendata/data/LIST_TASVEG_30_CIRCULAR_HEAD/municipality_circular_head.gdb/a00000005.CatItemTypesByName.atx","LIST_TASVEG_30_CIRCULAR_HEAD/municipality_circular_head.gdb/a00000005.CatItemTypesByName.atx","a00000005.CatItemTypesByName.atx",FALSE,12288,"2019-09-23T17:32:00+1000",12310,"2019-09-23T07:32:48Z","""1660a35-3016-593336d2f8800""",200,"2026-09-09T13:41:08Z"
"https://listdata.thelist.tas.gov.au/opendata/data/LIST_TASVEG_30_CIRCULAR_HEAD/municipality_circular_head.gdb/a00000005.CatItemTypesByParentTypeID.atx","LIST_TASVEG_30_CIRCULAR_HEAD/municipality_circular_head.gdb/a00000005.CatItemTypesByParentTypeID.atx","a00000005.CatItemTypesByParentTypeID.atx",FALSE,4096,"2019-09-23T17:32:00+1000",4118,"2019-09-23T07:32:48Z","""1660a36-1016-593336d2f8800""",200,"2026-09-09T13:41:08Z"
"https://listdata.thelist.tas.gov.au/opendata/data/LIST_TASVEG_30_CIRCULAR_HEAD/municipality_circular_head.gdb/a00000005.CatItemTypesByUUID.atx","LIST_TASVEG_30_CIRCULAR_HEAD/municipality_circular_head.gdb/a00000005.CatItemTypesByUUID.atx","a00000005.CatItemTypesByUUID.atx",FALSE,4096,"2019-09-23T17:32:00+1000",4118,"2019-09-23T07:32:48Z","""1660a37-1016-593336d2f8800""",200,"2026-09-09T13:41:08Z"
"https://listdata.thelist.tas.gov.au/opendata/data/LIST_TASVEG_30_CIRCULAR_HEAD/municipality_circular_head.gdb/a00000005.gdbindexes","LIST_TASVEG_30_CIRCULAR_HEAD/municipality_circular_head.gdb/a00000005.gdbindexes","a00000005.gdbindexes",FALSE,296,"2019-09-23T17:32:00+1000",296,"2019-09-23T07:32:48Z","""1660a38-128-593336d2f8800""",200,"2026-09-09T13:41:08Z"
"https://listdata.thelist.tas.gov.au/opendata/data/LIST_TASVEG_30_CIRCULAR_HEAD/municipality_circular_head.gdb/a00000005.gdbtable","LIST_TASVEG_30_CIRCULAR_HEAD/municipality_circular_head.gdb/a00000005.gdbtable","a00000005.gdbtable",FALSE,1843.2,"2019-09-23T17:32:00+1000",1803,"2019-09-23T07:32:48Z","""1660a39-70b-593336d2f8800""",200,"2026-09-09T13:41:08Z"
"https://listdata.thelist.tas.gov.au/opendata/data/LIST_TASVEG_30_CIRCULAR_HEAD/municipality_circular_head.gdb/a00000005.gdbtablx","LIST_TASVEG_30_CIRCULAR_HEAD/municipality_circular_head.gdb/a00000005.gdbtablx","a00000005.gdbtablx",FALSE,5120,"2019-09-23T17:32:00+1000",5152,"2019-09-23T07:32:48Z","""1660a3a-1420-593336d2f8800""",200,"2026-09-09T13:41:08Z"
"https://listdata.thelist.tas.gov.au/opendata/data/LIST_TASVEG_30_CIRCULAR_HEAD/municipality_circular_head.gdb/a00000006.CatRelsByDestinationID.atx","LIST_TASVEG_30_CIRCULAR_HEAD/municipality_circular_head.gdb/a00000006.CatRelsByDestinationID.atx","a00000006.CatRelsByDestinationID.atx",FALSE,4096,"2019-09-23T17:32:00+1000",4118,"2019-09-23T07:32:50Z","""1660a3b-1016-593336d4e0c80""",200,"2026-09-09T13:41:08Z"
"https://listdata.thelist.tas.gov.au/opendata/data/LIST_TASVEG_30_CIRCULAR_HEAD/municipality_circular_head.gdb/a00000006.CatRelsByOriginID.atx","LIST_TASVEG_30_CIRCULAR_HEAD/municipality_circular_head.gdb/a00000006.CatRelsByOriginID.atx","a00000006.CatRelsByOriginID.atx",FALSE,4096,"2019-09-23T17:32:00+1000",4118,"2019-09-23T07:32:50Z","""1660a3c-1016-593336d4e0c80""",200,"2026-09-09T13:41:08Z"
"https://listdata.thelist.tas.gov.au/opendata/data/LIST_TASVEG_30_CIRCULAR_HEAD/municipality_circular_head.gdb/a00000006.CatRelsByType.atx","LIST_TASVEG_30_CIRCULAR_HEAD/municipality_circular_head.gdb/a00000006.CatRelsByType.atx","a00000006.CatRelsByType.atx",FALSE,4096,"2019-09-23T17:32:00+1000",4118,"2019-09-23T07:32:50Z","""1660a3d-1016-593336d4e0c80""",200,"2026-09-09T13:41:08Z"
"https://listdata.thelist.tas.gov.au/opendata/data/LIST_TASVEG_30_CIRCULAR_HEAD/municipality_circular_head.gdb/a00000006.FDO_UUID.atx","LIST_TASVEG_30_CIRCULAR_HEAD/municipality_circular_head.gdb/a00000006.FDO_UUID.atx","a00000006.FDO_UUID.atx",FALSE,4096,"2019-09-23T17:32:00+1000",4118,"2019-09-23T07:32:50Z","""1660a3e-1016-593336d4e0c80""",200,"2026-09-09T13:41:08Z"
"https://listdata.thelist.tas.gov.au/opendata/data/LIST_TASVEG_30_CIRCULAR_HEAD/municipality_circular_head.gdb/a00000006.gdbindexes","LIST_TASVEG_30_CIRCULAR_HEAD/municipality_circular_head.gdb/a00000006.gdbindexes","a00000006.gdbindexes",FALSE,318,"2019-09-23T17:32:00+1000",318,"2019-09-23T07:32:48Z","""1660a3f-13e-593336d2f8800""",200,"2026-09-09T13:41:08Z"
"https://listdata.thelist.tas.gov.au/opendata/data/LIST_TASVEG_30_CIRCULAR_HEAD/municipality_circular_head.gdb/a00000006.gdbtable","LIST_TASVEG_30_CIRCULAR_HEAD/municipality_circular_head.gdb/a00000006.gdbtable","a00000006.gdbtable",FALSE,263,"2019-09-23T17:32:00+1000",263,"2019-09-23T07:32:50Z","""1660a40-107-593336d4e0c80""",200,"2026-09-09T13:41:08Z"
"https://listdata.thelist.tas.gov.au/opendata/data/LIST_TASVEG_30_CIRCULAR_HEAD/municipality_circular_head.gdb/a00000006.gdbtablx","LIST_TASVEG_30_CIRCULAR_HEAD/municipality_circular_head.gdb/a00000006.gdbtablx","a00000006.gdbtablx",FALSE,5120,"2019-09-23T17:32:00+1000",5152,"2019-09-23T07:32:50Z","""1660a41-1420-593336d4e0c80""",200,"2026-09-09T13:41:08Z"
"https://listdata.thelist.tas.gov.au/opendata/data/LIST_TASVEG_30_CIRCULAR_HEAD/municipality_circular_head.gdb/a00000007.CatRelTypesByBackwardLabel.atx","LIST_TASVEG_30_CIRCULAR_HEAD/municipality_circular_head.gdb/a00000007.CatRelTypesByBackwardLabel.atx","a00000007.CatRelTypesByBackwardLabel.atx",FALSE,4096,"2019-09-23T17:32:00+1000",4118,"2019-09-23T07:32:48Z","""1660a42-1016-593336d2f8800""",200,"2026-09-09T13:41:08Z"
"https://listdata.thelist.tas.gov.au/opendata/data/LIST_TASVEG_30_CIRCULAR_HEAD/municipality_circular_head.gdb/a00000007.CatRelTypesByDestItemTypeID.atx","LIST_TASVEG_30_CIRCULAR_HEAD/municipality_circular_head.gdb/a00000007.CatRelTypesByDestItemTypeID.atx","a00000007.CatRelTypesByDestItemTypeID.atx",FALSE,4096,"2019-09-23T17:32:00+1000",4118,"2019-09-23T07:32:48Z","""1660a43-1016-593336d2f8800""",200,"2026-09-09T13:41:08Z"
"https://listdata.thelist.tas.gov.au/opendata/data/LIST_TASVEG_30_CIRCULAR_HEAD/municipality_circular_head.gdb/a00000007.CatRelTypesByForwardLabel.atx","LIST_TASVEG_30_CIRCULAR_HEAD/municipality_circular_head.gdb/a00000007.CatRelTypesByForwardLabel.atx","a00000007.CatRelTypesByForwardLabel.atx",FALSE,4096,"2019-09-23T17:32:00+1000",4118,"2019-09-23T07:32:48Z","""1660a44-1016-593336d2f8800""",200,"2026-09-09T13:41:08Z"
"https://listdata.thelist.tas.gov.au/opendata/data/LIST_TASVEG_30_CIRCULAR_HEAD/municipality_circular_head.gdb/a00000007.CatRelTypesByName.atx","LIST_TASVEG_30_CIRCULAR_HEAD/municipality_circular_head.gdb/a00000007.CatRelTypesByName.atx","a00000007.CatRelTypesByName.atx",FALSE,4096,"2019-09-23T17:32:00+1000",4118,"2019-09-23T07:32:48Z","""1660a45-1016-593336d2f8800""",200,"2026-09-09T13:41:08Z"
"https://listdata.thelist.tas.gov.au/opendata/data/LIST_TASVEG_30_CIRCULAR_HEAD/municipality_circular_head.gdb/a00000007.CatRelTypesByOriginItemTypeID.atx","LIST_TASVEG_30_CIRCULAR_HEAD/municipality_circular_head.gdb/a00000007.CatRelTypesByOriginItemTypeID.atx","a00000007.CatRelTypesByOriginItemTypeID.atx",FALSE,4096,"2019-09-23T17:32:00+1000",4118,"2019-09-23T07:32:48Z","""1660a46-1016-593336d2f8800""",200,"2026-09-09T13:41:08Z"
"https://listdata.thelist.tas.gov.au/opendata/data/LIST_TASVEG_30_CIRCULAR_HEAD/municipality_circular_head.gdb/a00000007.CatRelTypesByUUID.atx","LIST_TASVEG_30_CIRCULAR_HEAD/municipality_circular_head.gdb/a00000007.CatRelTypesByUUID.atx","a00000007.CatRelTypesByUUID.atx",FALSE,4096,"2019-09-23T17:32:00+1000",4118,"2019-09-23T07:32:48Z","""1660a47-1016-593336d2f8800""",200,"2026-09-09T13:41:08Z"
"https://listdata.thelist.tas.gov.au/opendata/data/LIST_TASVEG_30_CIRCULAR_HEAD/municipality_circular_head.gdb/a00000007.gdbindexes","LIST_TASVEG_30_CIRCULAR_HEAD/municipality_circular_head.gdb/a00000007.gdbindexes","a00000007.gdbindexes",FALSE,602,"2019-09-23T17:32:00+1000",602,"2019-09-23T07:32:48Z","""1660a48-25a-593336d2f8800""",200,"2026-09-09T13:41:08Z"
"https://listdata.thelist.tas.gov.au/opendata/data/LIST_TASVEG_30_CIRCULAR_HEAD/municipality_circular_head.gdb/a00000007.gdbtable","LIST_TASVEG_30_CIRCULAR_HEAD/municipality_circular_head.gdb/a00000007.gdbtable","a00000007.gdbtable",FALSE,2457.6,,2504,"2019-09-23T07:32:48Z","""1660a49-9c8-593336d2f8800""",200,"2026-09-09T13:41:08Z"
"https://listdata.thelist.tas.gov.au/opendata/data/LIST_TASVEG_30_CIRCULAR_HEAD/municipality_circular_head.gdb/a00000007.gdbtablx","LIST_TASVEG_30_CIRCULAR_HEAD/municipality_circular_head.gdb/a00000007.gdbtablx","a00000007.gdbtablx",FALSE,5120,,5152,"2019-09-23T07:32:48Z","""1660a4a-1420-593336d2f8800""",200,"2026-09-09T13:41:08Z"
"https://listdata.thelist.tas.gov.au/opendata/data/LIST_TASVEG_30_CIRCULAR_HEAD/municipality_circular_head.gdb/a00000009.gdbindexes","LIST_TASVEG_30_CIRCULAR_HEAD/municipality_circular_head.gdb/a00000009.gdbindexes","a00000009.gdbindexes",FALSE,116,,116,"2019-09-23T07:32:52Z","""1660a4b-74-593336d6c9100""",200,"2026-09-09T13:41:08Z"
"https://listdata.thelist.tas.gov.au/opendata/data/LIST_TASVEG_30_CIRCULAR_HEAD/municipality_circular_head.gdb/a00000009.gdbtable","LIST_TASVEG_30_CIRCULAR_HEAD/municipality_circular_head.gdb/a00000009.gdbtable","a00000009.gdbtable",FALSE,1048576,,1032384,"2019-09-23T07:32:52Z","""1660a4c-fc0c0-593336d6c9100""",200,"2026-09-09T13:41:08Z"
"https://listdata.thelist.tas.gov.au/opendata/data/LIST_TASVEG_30_CIRCULAR_HEAD/municipality_circular_head.gdb/a00000009.gdbtablx","LIST_TASVEG_30_CIRCULAR_HEAD/municipality_circular_head.gdb/a00000009.gdbtablx","a00000009.gdbtablx",FALSE,5120,,5152,"2019-09-23T07:32:52Z","""1660a4d-1420-593336d6c9100""",200,"2026-09-09T13:41:08Z"
"https://listdata.thelist.tas.gov.au/opendata/data/LIST_TASVEG_30_CIRCULAR_HEAD/municipality_circular_head.gdb/a00000009.spx","LIST_TASVEG_30_CIRCULAR_HEAD/municipality_circular_head.gdb/a00000009.spx","a00000009.spx",FALSE,4096,,4118,"2019-09-23T07:32:52Z","""1660a4e-1016-593336d6c9100""",200,"2026-09-09T13:41:08Z"
"https://listdata.thelist.tas.gov.au/opendata/data/LIST_TASVEG_30_CIRCULAR_HEAD/municipality_circular_head.gdb/gdb","LIST_TASVEG_30_CIRCULAR_HEAD/municipality_circular_head.gdb/gdb","gdb",FALSE,4,,4,"2019-09-23T07:32:48Z","""1660a4f-4-593336d2f8800""",200,"2026-09-09T13:41:08Z"
"https://listdata.thelist.tas.gov.au/opendata/data/LIST_TASVEG_30_CIRCULAR_HEAD/municipality_circular_head.gdb/timestamps","LIST_TASVEG_30_CIRCULAR_HEAD/municipality_circular_head.gdb/timestamps","timestamps",FALSE,400,,400,"2019-09-23T07:32:52Z","""1660a50-190-593336d6c9100""",200,"2026-09-09T13:41:08Z"
"https://listdata.thelist.tas.gov.au/opendata/data/LIST_TASVEG_30_CIRCULAR_HEAD/municipality_circular_head.ID","LIST_TASVEG_30_CIRCULAR_HEAD/municipality_circular_head.ID","municipality_circular_head.ID",FALSE,4,"2019-09-23T17:37:00+1000",4,"2019-09-23T07:35:50Z","""16609ed-4-593337808a180""",200,"2026-09-09T13:41:08Z"
"https://listdata.thelist.tas.gov.au/opendata/data/LIST_TASVEG_30_CIRCULAR_HEAD/municipality_circular_head.MAP","LIST_TASVEG_30_CIRCULAR_HEAD/municipality_circular_head.MAP","municipality_circular_head.MAP",FALSE,2097152,"2019-09-23T17:37:00+1000",2057728,"2019-09-23T07:35:50Z","""16609ee-1f6600-593337808a180""",200,"2026-09-09T13:41:08Z"
"https://listdata.thelist.tas.gov.au/opendata/data/LIST_TASVEG_30_CIRCULAR_HEAD/municipality_circular_head.prj","LIST_TASVEG_30_CIRCULAR_HEAD/municipality_circular_head.prj","municipality_circular_head.prj",FALSE,408,,408,"2019-09-23T07:33:00Z","""16609ef-198-593336de6a300""",200,"2026-09-09T13:41:08Z"
"https://listdata.thelist.tas.gov.au/opendata/data/LIST_TASVEG_30_CIRCULAR_HEAD/municipality_circular_head.sbn","LIST_TASVEG_30_CIRCULAR_HEAD/municipality_circular_head.sbn","municipality_circular_head.sbn",FALSE,132,,132,"2019-09-23T07:33:00Z","""16609f0-84-593336de6a300""",200,"2026-09-09T13:41:08Z"
"https://listdata.thelist.tas.gov.au/opendata/data/LIST_TASVEG_30_CIRCULAR_HEAD/municipality_circular_head.sbx","LIST_TASVEG_30_CIRCULAR_HEAD/municipality_circular_head.sbx","municipality_circular_head.sbx",FALSE,116,,116,"2019-09-23T07:33:00Z","""16609f1-74-593336de6a300""",200,"2026-09-09T13:41:08Z"
"https://listdata.thelist.tas.gov.au/opendata/data/LIST_TASVEG_30_CIRCULAR_HEAD/municipality_circular_head.shp","LIST_TASVEG_30_CIRCULAR_HEAD/municipality_circular_head.shp","municipality_circular_head.shp",FALSE,4089446.4,,4042952,"2019-09-23T07:33:00Z","""16609f2-3db0c8-593336de6a300""",200,"2026-09-09T13:41:08Z"
"https://listdata.thelist.tas.gov.au/opendata/data/LIST_TASVEG_30_CIRCULAR_HEAD/municipality_circular_head.shp.xml","LIST_TASVEG_30_CIRCULAR_HEAD/municipality_circular_head.shp.xml","municipality_circular_head.shp.xml",FALSE,13312,,13536,"2019-09-23T07:33:02Z","""16609f3-34e0-593336e052780""",200,"2026-09-09T13:41:08Z"
"https://listdata.thelist.tas.gov.au/opendata/data/LIST_TASVEG_30_CIRCULAR_HEAD/municipality_circular_head.shx","LIST_TASVEG_30_CIRCULAR_HEAD/municipality_circular_head.shx","municipality_circular_head.shx",FALSE,108,,108,"2019-09-23T07:33:00Z","""16609f4-6c-593336de6a300""",200,"2026-09-09T13:41:08Z"
"https://listdata.thelist.tas.gov.au/opendata/data/LIST_TASVEG_30_CIRCULAR_HEAD/municipality_circular_head.tab","LIST_TASVEG_30_CIRCULAR_HEAD/municipality_circular_head.tab","municipality_circular_head.tab",FALSE,423,,423,"2019-09-23T07:35:50Z","""16609f5-1a7-593337808a180""",200,"2026-09-09T13:41:08Z"
"https://listdata.thelist.tas.gov.au/opendata/data/LIST_TASVEG_30_CIRCULAR_HEAD/readme.txt","LIST_TASVEG_30_CIRCULAR_HEAD/readme.txt","readme.txt",FALSE,2560,,2580,"2019-09-23T07:37:56Z","""16609dd-a14-593337f8b3d00""",200,"2026-09-09T13:41:08Z"
"https://listdata.thelist.tas.gov.au/opendata/data/LIST_TASVEG_30_CLARENCE.zip","LIST_TASVEG_30_CLARENCE.zip","LIST_TASVEG_30_CLARENCE.zip",FALSE,9332326.4,"2019-09-26T15:43:00+1000",9354780,"2019-09-25T23:38:51Z","""1660785-8ebe1c-5936927c72562""",200,"2026-09-09T13:41:08Z"
"https://listdata.thelist.tas.gov.au/opendata/data/LIST_TASVEG_30_DERWENT_VALLEY.zip","LIST_TASVEG_30_DERWENT_VALLEY.zip","LIST_TASVEG_30_DERWENT_VALLEY.zip",FALSE,133169152,"2019-09-26T15:27:00+1000",132887838,"2019-09-25T23:27:01Z","""1660773-7ebb51e-59368fd76d000""",200,"2026-09-09T13:41:08Z"
"https://listdata.thelist.tas.gov.au/opendata/data/LIST_TASVEG_30_DEVONPORT.zip","LIST_TASVEG_30_DEVONPORT.zip","LIST_TASVEG_30_DEVONPORT.zip",FALSE,3250585.6,"2019-09-26T15:15:00+1000",3234684,"2019-09-25T23:53:48Z","""1660778-315b7c-593695d34ce4d""",200,"2026-09-09T13:41:08Z"
"https://listdata.thelist.tas.gov.au/opendata/data/LIST_TASVEG_30_DORSET.zip","LIST_TASVEG_30_DORSET.zip","LIST_TASVEG_30_DORSET.zip",FALSE,140509184,"2019-09-26T15:39:00+1000",140387042,"2019-09-26T00:06:36Z","""1660780-85e22e2-593698affe7a6""",200,"2026-09-09T13:41:08Z"
"https://listdata.thelist.tas.gov.au/opendata/data/LIST_TASVEG_30_FLINDERS.zip","LIST_TASVEG_30_FLINDERS.zip","LIST_TASVEG_30_FLINDERS.zip",FALSE,48234496,"2019-09-26T15:47:00+1000",48250257,"2019-09-26T00:09:01Z","""166076a-2e03d91-59369939ee519""",200,"2026-09-09T13:41:08Z"
"https://listdata.thelist.tas.gov.au/opendata/data/LIST_TASVEG_30_GEORGE_TOWN.zip","LIST_TASVEG_30_GEORGE_TOWN.zip","LIST_TASVEG_30_GEORGE_TOWN.zip",FALSE,26214400,"2019-09-26T15:50:00+1000",25921773,"2019-09-26T00:52:11Z","""1660781-18b88ed-5936a2e07226e""",200,"2026-09-09T13:41:08Z"
"https://listdata.thelist.tas.gov.au/opendata/data/LIST_TASVEG_30_GLAMORGAN_SPRING_BAY.zip","LIST_TASVEG_30_GLAMORGAN_SPRING_BAY.zip","LIST_TASVEG_30_GLAMORGAN_SPRING_BAY.zip",FALSE,50331648,"2019-09-26T16:26:00+1000",50040821,"2019-09-25T23:46:12Z","""166077c-2fb8ff5-593694204a63e""",200,"2026-09-09T13:41:08Z"
"https://listdata.thelist.tas.gov.au/opendata/data/LIST_TASVEG_30_GLENORCHY.zip","LIST_TASVEG_30_GLENORCHY.zip","LIST_TASVEG_30_GLENORCHY.zip",FALSE,3565158.4,"2019-09-26T15:33:00+1000",3587594,"2019-09-26T00:31:43Z","""166076d-36be0a-59369e4d0fcb0""",200,"2026-09-09T13:41:08Z"
"https://listdata.thelist.tas.gov.au/opendata/data/LIST_TASVEG_30_GROUPS_BREAK_O_DAY.zip","LIST_TASVEG_30_GROUPS_BREAK_O_DAY.zip","LIST_TASVEG_30_GROUPS_BREAK_O_DAY.zip",FALSE,84934656,"2019-09-26T16:10:00+1000",84676627,"2019-09-26T05:25:36Z","""166078b-50c1013-5936dffd19f78""",200,"2026-09-09T13:41:08Z"
"https://listdata.thelist.tas.gov.au/opendata/data/LIST_TASVEG_30_GROUPS_BRIGHTON.zip","LIST_TASVEG_30_GROUPS_BRIGHTON.zip","LIST_TASVEG_30_GROUPS_BRIGHTON.zip",FALSE,2621440,"2019-09-26T16:31:00+1000",2651243,"2019-09-26T05:11:26Z","""166078e-28746b-5936dcd2b5322""",200,"2026-09-09T13:41:08Z"
"https://listdata.thelist.tas.gov.au/opendata/data/LIST_TASVEG_30_GROUPS_BURNIE.zip","LIST_TASVEG_30_GROUPS_BURNIE.zip","LIST_TASVEG_30_GROUPS_BURNIE.zip",FALSE,14680064,"2019-09-26T16:40:00+1000",14700942,"2019-09-26T05:35:48Z","""166079a-e0518e-5936e245355f9""",200,"2026-09-09T13:41:08Z"
"https://listdata.thelist.tas.gov.au/opendata/data/LIST_TASVEG_30_GROUPS_CENTRAL_COAST.zip","LIST_TASVEG_30_GROUPS_CENTRAL_COAST.zip","LIST_TASVEG_30_GROUPS_CENTRAL_COAST.zip",FALSE,18874368,"2019-09-26T16:06:00+1000",18843006,"2019-09-26T05:38:00Z","""166078d-11f857e-5936e2c325b3e""",200,"2026-09-09T13:41:08Z"
"https://listdata.thelist.tas.gov.au/opendata/data/LIST_TASVEG_30_GROUPS_CENTRAL_HIGHLANDS.zip","LIST_TASVEG_30_GROUPS_CENTRAL_HIGHLANDS.zip","LIST_TASVEG_30_GROUPS_CENTRAL_HIGHLANDS.zip",FALSE,105906176,"2019-09-26T16:29:00+1000",105439947,"2019-09-26T06:21:26Z","""166078f-648e2cb-5936ec78044f1""",200,"2026-09-09T13:41:08Z"
"https://listdata.thelist.tas.gov.au/opendata/data/LIST_TASVEG_30_GROUPS_CIRCULAR_HEAD.zip","LIST_TASVEG_30_GROUPS_CIRCULAR_HEAD.zip","LIST_TASVEG_30_GROUPS_CIRCULAR_HEAD.zip",FALSE,99614720,"2019-09-26T15:52:00+1000",99718443,"2019-09-26T05:43:32Z","""166079c-5f1952b-5936e3ff6000a""",200,"2026-09-09T13:41:08Z"
"https://listdata.thelist.tas.gov.au/opendata/data/LIST_TASVEG_30_GROUPS_CLARENCE.zip","LIST_TASVEG_30_GROUPS_CLARENCE.zip","LIST_TASVEG_30_GROUPS_CLARENCE.zip",FALSE,7025459.2,"2019-09-26T15:31:00+1000",7032254,"2019-09-26T05:27:46Z","""16607a2-6b4dbe-5936e079c77ea""",200,"2026-09-09T13:41:08Z"
"https://listdata.thelist.tas.gov.au/opendata/data/LIST_TASVEG_30_GROUPS_DERWENT_VALLEY.zip","LIST_TASVEG_30_GROUPS_DERWENT_VALLEY.zip","LIST_TASVEG_30_GROUPS_DERWENT_VALLEY.zip",FALSE,89128960,"2019-09-26T16:35:00+1000",88739535,"2019-09-26T05:15:31Z","""1660790-54a0ecf-5936ddbc249d3""",200,"2026-09-09T13:41:08Z"
"https://listdata.thelist.tas.gov.au/opendata/data/LIST_TASVEG_30_GROUPS_DEVONPORT.zip","LIST_TASVEG_30_GROUPS_DEVONPORT.zip","LIST_TASVEG_30_GROUPS_DEVONPORT.zip",FALSE,3040870.4,"2019-09-26T16:44:00+1000",2993748,"2019-09-26T05:39:54Z","""1660795-2dae54-5936e32fdc547""",200,"2026-09-09T13:41:08Z"
"https://listdata.thelist.tas.gov.au/opendata/data/LIST_TASVEG_30_GROUPS_DORSET.zip","LIST_TASVEG_30_GROUPS_DORSET.zip","LIST_TASVEG_30_GROUPS_DORSET.zip",FALSE,83886080,"2019-09-26T16:15:00+1000",83987000,"2019-09-26T05:47:52Z","""166079d-5018a38-5936e4f757b15""",200,"2026-09-09T13:41:08Z"
"https://listdata.thelist.tas.gov.au/opendata/data/LIST_TASVEG_30_GROUPS_FLINDERS.zip","LIST_TASVEG_30_GROUPS_FLINDERS.zip","LIST_TASVEG_30_GROUPS_FLINDERS.zip",FALSE,38797312,"2019-09-26T15:21:00+1000",38870116,"2019-09-26T05:50:25Z","""1660787-2511c64-5936e58996b37""",200,"2026-09-09T13:41:08Z"
"https://listdata.thelist.tas.gov.au/opendata/data/LIST_TASVEG_30_GROUPS_GEORGE_TOWN.zip","LIST_TASVEG_30_GROUPS_GEORGE_TOWN.zip","LIST_TASVEG_30_GROUPS_GEORGE_TOWN.zip",FALSE,15728640,"2019-09-26T16:09:00+1000",15499311,"2019-09-26T06:26:44Z","""166079e-ec802f-5936eda7224a1""",200,"2026-09-09T13:41:08Z"
"https://listdata.thelist.tas.gov.au/opendata/data/LIST_TASVEG_30_GROUPS_GLAMORGAN_SPRING_BAY.zip","LIST_TASVEG_30_GROUPS_GLAMORGAN_SPRING_BAY.zip","LIST_TASVEG_30_GROUPS_GLAMORGAN_SPRING_BAY.zip",FALSE,33554432,"2018-01-30T14:29:00+1100",33676893,"2019-09-26T05:33:30Z","""1660799-201de5d-5936e1c1a2b63""",200,"2026-09-09T13:41:08Z"
"https://listdata.thelist.tas.gov.au/opendata/data/LIST_TASVEG_30_GROUPS_GLENORCHY.zip","LIST_TASVEG_30_GROUPS_GLENORCHY.zip","LIST_TASVEG_30_GROUPS_GLENORCHY.zip",FALSE,2726297.6,"2019-09-26T15:29:00+1000",2695295,"2019-09-26T06:10:47Z","""166078a-29207f-5936ea1669cba""",200,"2026-09-09T13:41:08Z"
"https://listdata.thelist.tas.gov.au/opendata/data/LIST_TASVEG_30_GROUPS_HOBART.zip","LIST_TASVEG_30_GROUPS_HOBART.zip","LIST_TASVEG_30_GROUPS_HOBART.zip",FALSE,2202009.6,"2019-09-26T15:18:00+1000",2175821,"2019-09-26T06:31:16Z","""166078c-21334d-5936eeab2ed08""",200,"2026-09-09T13:41:08Z"
"https://listdata.thelist.tas.gov.au/opendata/data/LIST_TASVEG_30_GROUPS_HUON_VALLEY.zip","LIST_TASVEG_30_GROUPS_HUON_VALLEY.zip","LIST_TASVEG_30_GROUPS_HUON_VALLEY.zip",FALSE,126877696,"2019-09-26T16:04:00+1000",126739661,"2019-09-26T06:40:57Z","""166079f-78de4cd-5936f0d4b5ff8""",200,"2026-09-09T13:41:08Z"
"https://listdata.thelist.tas.gov.au/opendata/data/LIST_TASVEG_30_GROUPS_KENTISH.zip","LIST_TASVEG_30_GROUPS_KENTISH.zip","LIST_TASVEG_30_GROUPS_KENTISH.zip",FALSE,35651584,"2019-09-26T16:24:00+1000",36158918,"2019-09-26T06:06:57Z","""1660791-227bdc6-5936e93b108fe""",200,"2026-09-09T13:41:08Z"
"https://listdata.thelist.tas.gov.au/opendata/data/LIST_TASVEG_30_GROUPS_KING_ISLAND.zip","LIST_TASVEG_30_GROUPS_KING_ISLAND.zip","LIST_TASVEG_30_GROUPS_KING_ISLAND.zip",FALSE,24117248,"2019-09-26T12:46:00+1000",24281770,"2019-09-26T05:52:48Z","""1660788-17282aa-5936e61240ce4""",200,"2026-09-09T13:41:08Z"
"https://listdata.thelist.tas.gov.au/opendata/data/LIST_TASVEG_30_GROUPS_KINGBOROUGH.zip","LIST_TASVEG_30_GROUPS_KINGBOROUGH.zip","LIST_TASVEG_30_GROUPS_KINGBOROUGH.zip",FALSE,17825792,"2019-09-26T10:57:00+1000",17508054,"2019-09-26T06:29:08Z","""16607a0-10b26d6-5936ee30b24bc""",200,"2026-09-09T13:41:08Z"
"https://listdata.thelist.tas.gov.au/opendata/data/LIST_TASVEG_30_GROUPS_LATROBE.zip","LIST_TASVEG_30_GROUPS_LATROBE.zip","LIST_TASVEG_30_GROUPS_LATROBE.zip",FALSE,10276044.8,"2019-09-26T10:27:00+1000",10234205,"2019-09-26T05:31:28Z","""1660794-9c295d-5936e14cc91e6""",200,"2026-09-09T13:41:08Z"
"https://listdata.thelist.tas.gov.au/opendata/data/LIST_TASVEG_30_GROUPS_LAUNCESTON.zip","LIST_TASVEG_30_GROUPS_LAUNCESTON.zip","LIST_TASVEG_30_GROUPS_LAUNCESTON.zip",FALSE,50331648,"2019-09-26T10:55:00+1000",50390777,"2019-09-26T06:35:28Z","""16607a3-300e6f9-5936ef9af1129""",200,"2026-09-09T13:41:08Z"
"https://listdata.thelist.tas.gov.au/opendata/data/LIST_TASVEG_30_GROUPS_MEANDER_VALLEY.zip","LIST_TASVEG_30_GROUPS_MEANDER_VALLEY.zip","LIST_TASVEG_30_GROUPS_MEANDER_VALLEY.zip",FALSE,59768832,"2019-09-26T10:11:00+1000",60185116,"2019-09-26T06:44:56Z","""1660796-3965a1c-5936f1b8d998b""",200,"2026-09-09T13:41:08Z"
"https://listdata.thelist.tas.gov.au/opendata/data/LIST_TASVEG_30_GROUPS_NORTHERN_MIDLANDS.zip","LIST_TASVEG_30_GROUPS_NORTHERN_MIDLANDS.zip","LIST_TASVEG_30_GROUPS_NORTHERN_MIDLANDS.zip",FALSE,92274688,"2019-09-26T09:43:00+1000",91924912,"2019-09-26T06:15:51Z","""1660797-57aa9b0-5936eb38a96e3""",200,"2026-09-09T13:41:08Z"
"https://listdata.thelist.tas.gov.au/opendata/data/LIST_TASVEG_30_GROUPS_SORELL.zip","LIST_TASVEG_30_GROUPS_SORELL.zip","LIST_TASVEG_30_GROUPS_SORELL.zip",FALSE,13631488,"2019-09-26T11:03:00+1000",13651257,"2019-09-26T05:21:05Z","""16607a1-d04d39-5936defaa9f70""",200,"2026-09-09T13:41:08Z"
"https://listdata.thelist.tas.gov.au/opendata/data/LIST_TASVEG_30_GROUPS_SOUTHERN_MIDLANDS.zip","LIST_TASVEG_30_GROUPS_SOUTHERN_MIDLANDS.zip","LIST_TASVEG_30_GROUPS_SOUTHERN_MIDLANDS.zip",FALSE,28311552,"2019-09-26T12:52:00+1000",27890427,"2019-09-26T06:09:20Z","""1660798-1a992fb-5936e9c3bbcdd""",200,"2026-09-09T13:41:08Z"
"https://listdata.thelist.tas.gov.au/opendata/data/LIST_TASVEG_30_GROUPS_STATEWIDE.zip","LIST_TASVEG_30_GROUPS_STATEWIDE.zip","LIST_TASVEG_30_GROUPS_STATEWIDE.zip",FALSE,640679936,"2019-09-26T10:37:00+1000",640427951,"2018-01-30T03:29:03Z","""166070f-262c27af-563f5f6dc6080""",200,"2026-09-09T13:41:08Z"
"https://listdata.thelist.tas.gov.au/opendata/data/LIST_TASVEG_30_GROUPS_TASMAN.zip","LIST_TASVEG_30_GROUPS_TASMAN.zip","LIST_TASVEG_30_GROUPS_TASMAN.zip",FALSE,32505856,"2019-09-26T09:32:00+1000",32611919,"2019-09-26T05:29:24Z","""1660789-1f19e4f-5936e0d6b36ca""",200,"2026-09-09T13:41:08Z"
"https://listdata.thelist.tas.gov.au/opendata/data/LIST_TASVEG_30_GROUPS_WARATAH_WYNYARD.zip","LIST_TASVEG_30_GROUPS_WARATAH_WYNYARD.zip","LIST_TASVEG_30_GROUPS_WARATAH_WYNYARD.zip",FALSE,61865984,"2019-09-26T10:30:00+1000",62002384,"2019-09-26T05:18:57Z","""166079b-3b214d0-5936de80dead0""",200,"2026-09-09T13:41:08Z"
"https://listdata.thelist.tas.gov.au/opendata/data/LIST_TASVEG_30_GROUPS_WEST_COAST.zip","LIST_TASVEG_30_GROUPS_WEST_COAST.zip","LIST_TASVEG_30_GROUPS_WEST_COAST.zip",FALSE,201326592,"2018-01-19T13:37:00+1100",201689280,"2019-09-26T06:04:30Z","""1660792-c0588c0-5936e8afaf749""",200,"2026-09-09T13:41:08Z"
"https://listdata.thelist.tas.gov.au/opendata/data/LIST_TASVEG_30_GROUPS_WEST_TAMAR.zip","LIST_TASVEG_30_GROUPS_WEST_TAMAR.zip","LIST_TASVEG_30_GROUPS_WEST_TAMAR.zip",FALSE,15728640,"2019-09-26T09:40:00+1000",15983810,"2019-09-26T06:24:13Z","""1660793-f3e4c2-5936ed175fc55""",200,"2026-09-09T13:41:08Z"
"https://listdata.thelist.tas.gov.au/opendata/data/LIST_TASVEG_30_HOBART.zip","LIST_TASVEG_30_HOBART.zip","LIST_TASVEG_30_HOBART.zip",FALSE,2516582.4,"2019-09-26T09:31:00+1000",2543603,"2019-09-26T00:57:46Z","""166076f-26cff3-5936a41ffc1d4""",200,"2026-09-09T13:41:08Z"
"https://listdata.thelist.tas.gov.au/opendata/data/LIST_TASVEG_30_HUON_VALLEY.zip","LIST_TASVEG_30_HUON_VALLEY.zip","LIST_TASVEG_30_HUON_VALLEY.zip",FALSE,190840832,"2019-09-26T10:24:00+1000",190614986,"2019-09-26T02:46:04Z","""1660782-b5c8dca-5936bc54c96b6""",200,"2026-09-09T13:41:08Z"
"https://listdata.thelist.tas.gov.au/opendata/data/LIST_TASVEG_30_KENTISH.zip","LIST_TASVEG_30_KENTISH.zip","LIST_TASVEG_30_KENTISH.zip",FALSE,59768832,"2019-09-26T10:49:00+1000",60000687,"2019-09-26T00:27:33Z","""1660774-39389af-59369d5f38a7c""",200,"2026-09-09T13:41:08Z"
"https://listdata.thelist.tas.gov.au/opendata/data/LIST_TASVEG_30_KING_ISLAND.zip","LIST_TASVEG_30_KING_ISLAND.zip","LIST_TASVEG_30_KING_ISLAND.zip",FALSE,27262976,"2020-09-23T11:23:00+1000",27615259,"2019-09-26T00:11:29Z","""166076b-1a5601b-593699c7121f8""",200,"2026-09-09T13:41:08Z"
"https://listdata.thelist.tas.gov.au/opendata/data/LIST_TASVEG_30_KINGBOROUGH.zip","LIST_TASVEG_30_KINGBOROUGH.zip","LIST_TASVEG_30_KINGBOROUGH.zip",FALSE,24117248,"2020-09-23T13:04:00+1000",24419195,"2019-09-26T00:55:16Z","""1660783-1749b7b-5936a3914403c""",200,"2026-09-09T13:41:08Z"
"https://listdata.thelist.tas.gov.au/opendata/data/LIST_TASVEG_30_LATROBE.zip","LIST_TASVEG_30_LATROBE.zip","LIST_TASVEG_30_LATROBE.zip",FALSE,17825792,"2020-09-23T11:38:00+1000",17528227,"2019-09-25T23:43:14Z","""1660777-10b75a3-5936937697927""",200,"2026-09-09T13:41:08Z"
"https://listdata.thelist.tas.gov.au/opendata/data/LIST_TASVEG_30_LAUNCESTON.zip","LIST_TASVEG_30_LAUNCESTON.zip","LIST_TASVEG_30_LAUNCESTON.zip",FALSE,79691776,"2020-09-23T11:57:00+1000",79356320,"2019-09-26T01:03:56Z","""1660786-4bae1a0-5936a58076645""",200,"2026-09-09T13:41:08Z"
"https://listdata.thelist.tas.gov.au/opendata/data/LIST_TASVEG_30_MEANDER_VALLEY.zip","LIST_TASVEG_30_MEANDER_VALLEY.zip","LIST_TASVEG_30_MEANDER_VALLEY.zip",FALSE,103809024,"2020-09-23T13:14:00+1000",103469855,"2019-09-26T02:52:24Z","""1660779-62ad31f-5936bdbed8107""",200,"2026-09-09T13:41:08Z"
"https://listdata.thelist.tas.gov.au/opendata/data/LIST_TASVEG_30_NORTHERN_MIDLANDS.zip","LIST_TASVEG_30_NORTHERN_MIDLANDS.zip","LIST_TASVEG_30_NORTHERN_MIDLANDS.zip",FALSE,124780544,"2020-09-23T12:04:00+1000",124370967,"2019-09-26T00:37:59Z","""166077a-769c017-59369fb38af89""",200,"2026-09-09T13:41:08Z"
"https://listdata.thelist.tas.gov.au/opendata/data/LIST_TASVEG_30_SORELL.zip","LIST_TASVEG_30_SORELL.zip","LIST_TASVEG_30_SORELL.zip",FALSE,19922944,"2020-09-23T11:32:00+1000",19729034,"2019-09-25T23:32:37Z","""1660784-12d0a8a-593691178f5ca""",200,"2026-09-09T13:41:08Z"
"https://listdata.thelist.tas.gov.au/opendata/data/LIST_TASVEG_30_SOUTHERN_MIDLANDS.zip","LIST_TASVEG_30_SOUTHERN_MIDLANDS.zip","LIST_TASVEG_30_SOUTHERN_MIDLANDS.zip",FALSE,49283072,"2020-09-23T12:58:00+1000",48944782,"2019-09-26T00:30:29Z","""166077b-2ead68e-59369e06e4da5""",200,"2026-09-09T13:41:08Z"
"https://listdata.thelist.tas.gov.au/opendata/data/LIST_TASVEG_30_STATEWIDE.zip","LIST_TASVEG_30_STATEWIDE.zip","LIST_TASVEG_30_STATEWIDE.zip",FALSE,994050048,"2020-09-23T14:16:00+1000",994487985,"2018-01-19T02:37:13Z","""1660708-3b46aeb1-56317f53cd361""",200,"2026-09-09T13:41:08Z"
"https://listdata.thelist.tas.gov.au/opendata/data/LIST_TASVEG_30_TASMAN.zip","LIST_TASVEG_30_TASMAN.zip","LIST_TASVEG_30_TASMAN.zip",FALSE,41943040,"2020-09-23T13:26:00+1000",42374599,"2019-09-25T23:40:52Z","""166076c-28695c7-593692efb1c38""",200,"2026-09-09T13:41:08Z"
"https://listdata.thelist.tas.gov.au/opendata/data/LIST_TASVEG_30_WARATAH_WYNYARD.zip","LIST_TASVEG_30_WARATAH_WYNYARD.zip","LIST_TASVEG_30_WARATAH_WYNYARD.zip",FALSE,110100480,"2020-11-04T13:45:00+1100",109671791,"2019-09-25T23:31:02Z","""166077e-689756f-593690bcd93a7""",200,"2026-09-09T13:41:08Z"
"https://listdata.thelist.tas.gov.au/opendata/data/LIST_TASVEG_30_WEST_COAST.zip","LIST_TASVEG_30_WEST_COAST.zip","LIST_TASVEG_30_WEST_COAST.zip",FALSE,262144000,"2020-11-04T12:26:00+1100",262638210,"2019-09-26T00:24:06Z","""1660775-fa78a82-59369c99aa07a""",200,"2026-09-09T13:41:08Z"
"https://listdata.thelist.tas.gov.au/opendata/data/LIST_TASVEG_30_WEST_TAMAR.zip","LIST_TASVEG_30_WEST_TAMAR.zip","LIST_TASVEG_30_WEST_TAMAR.zip",FALSE,30408704,"2020-11-04T12:42:00+1100",30067532,"2019-09-26T00:49:11Z","""1660776-1cacb4c-5936a234f1cfc""",200,"2026-09-09T13:41:08Z"
"https://listdata.thelist.tas.gov.au/opendata/data/LIST_TASVEG_40_BREAK_O_DAY.zip","LIST_TASVEG_40_BREAK_O_DAY.zip","LIST_TASVEG_40_BREAK_O_DAY.zip",FALSE,155189248,"2020-11-04T12:46:00+1100",155676097,"2020-09-23T03:04:50Z","""1660b5c-9476dc1-5aff258d10c04""",200,"2026-09-09T13:41:08Z"
"https://listdata.thelist.tas.gov.au/opendata/data/LIST_TASVEG_40_BRIGHTON.zip","LIST_TASVEG_40_BRIGHTON.zip","LIST_TASVEG_40_BRIGHTON.zip",FALSE,4508876.8,"2020-11-04T14:10:00+1100",4547275,"2020-09-23T01:23:09Z","""1660b4d-4562cb-5aff0ed2ea929""",200,"2026-09-09T13:41:08Z"
"https://listdata.thelist.tas.gov.au/opendata/data/LIST_TASVEG_40_BURNIE.zip","LIST_TASVEG_40_BURNIE.zip","LIST_TASVEG_40_BURNIE.zip",FALSE,45088768,"2020-11-04T12:53:00+1100",45061364,"2020-09-23T01:38:20Z","""1660b52-2af94f4-5aff1237976a8""",200,"2026-09-09T13:41:08Z"
"https://listdata.thelist.tas.gov.au/opendata/data/LIST_TASVEG_40_CENTRAL_COAST.zip","LIST_TASVEG_40_CENTRAL_COAST.zip","LIST_TASVEG_40_CENTRAL_COAST.zip",FALSE,38797312,"2020-11-04T12:36:00+1100",38282503,"2020-09-23T01:57:05Z","""1660b53-2482507-5aff16682d011""",200,"2026-09-09T13:41:08Z"
"https://listdata.thelist.tas.gov.au/opendata/data/LIST_TASVEG_40_CENTRAL_HIGHLANDS.zip","LIST_TASVEG_40_CENTRAL_HIGHLANDS.zip","LIST_TASVEG_40_CENTRAL_HIGHLANDS.zip",FALSE,252706816,"2020-11-04T13:32:00+1100",252806276,"2020-09-23T03:14:47Z","""1660b5d-f118484-5aff27c6b2bd6""",200,"2026-09-09T13:41:08Z"
"https://listdata.thelist.tas.gov.au/opendata/data/LIST_TASVEG_40_CIRCULAR_HEAD.zip","LIST_TASVEG_40_CIRCULAR_HEAD.zip","LIST_TASVEG_40_CIRCULAR_HEAD.zip",FALSE,155189248,"2020-11-04T13:35:00+1100",155449585,"2020-09-23T02:04:21Z","""1660b55-943f8f1-5aff1807a9e34""",200,"2026-09-09T13:41:08Z"
"https://listdata.thelist.tas.gov.au/opendata/data/LIST_TASVEG_40_CLARENCE.zip","LIST_TASVEG_40_CLARENCE.zip","LIST_TASVEG_40_CLARENCE.zip",FALSE,10485760,"2020-11-04T13:55:00+1100",10496976,"2020-09-23T01:32:55Z","""1660b50-a02bd0-5aff11016d838""",200,"2026-09-09T13:41:08Z"
"https://listdata.thelist.tas.gov.au/opendata/data/LIST_TASVEG_40_DERWENT_VALLEY.zip","LIST_TASVEG_40_DERWENT_VALLEY.zip","LIST_TASVEG_40_DERWENT_VALLEY.zip",FALSE,174063616,"2020-11-04T12:57:00+1100",174415182,"2020-09-23T02:58:49Z","""1660b5b-a655d4e-5aff243495abc""",200,"2026-09-09T13:41:08Z"
"https://listdata.thelist.tas.gov.au/opendata/data/LIST_TASVEG_40_DEVONPORT.zip","LIST_TASVEG_40_DEVONPORT.zip","LIST_TASVEG_40_DEVONPORT.zip",FALSE,4299161.6,"2020-11-04T14:23:00+1100",4344471,"2020-09-23T04:16:25Z","""1660b54-424a97-5aff358d1ba18""",200,"2026-09-09T13:41:08Z"
"https://listdata.thelist.tas.gov.au/opendata/data/LIST_TASVEG_40_DORSET.zip","LIST_TASVEG_40_DORSET.zip","LIST_TASVEG_40_DORSET.zip",FALSE,144703488,"2020-11-04T13:49:00+1100",144979083,"2020-09-23T03:26:55Z","""1660b5f-8a4348b-5aff2a7c5c3d3""",200,"2026-09-09T13:41:08Z"
"https://listdata.thelist.tas.gov.au/opendata/data/LIST_TASVEG_40_FIRE_ATTRIBUTES_BREAK_O_DAY.zip","LIST_TASVEG_40_FIRE_ATTRIBUTES_BREAK_O_DAY.zip","LIST_TASVEG_40_FIRE_ATTRIBUTES_BREAK_O_DAY.zip",FALSE,180355072,"2020-11-04T14:29:00+1100",180193145,"2020-11-04T02:45:05Z","""1660b87-abd8779-5b33ef7816b41""",200,"2026-09-09T13:41:08Z"
"https://listdata.thelist.tas.gov.au/opendata/data/LIST_TASVEG_40_FIRE_ATTRIBUTES_BRIGHTON.zip","LIST_TASVEG_40_FIRE_ATTRIBUTES_BRIGHTON.zip","LIST_TASVEG_40_FIRE_ATTRIBUTES_BRIGHTON.zip",FALSE,5452595.2,"2020-11-04T14:19:00+1100",5465963,"2020-11-04T01:26:36Z","""1660b78-53676b-5b33dded2dc09""",200,"2026-09-09T13:41:08Z"
"https://listdata.thelist.tas.gov.au/opendata/data/LIST_TASVEG_40_FIRE_ATTRIBUTES_BURNIE.zip","LIST_TASVEG_40_FIRE_ATTRIBUTES_BURNIE.zip","LIST_TASVEG_40_FIRE_ATTRIBUTES_BURNIE.zip",FALSE,52428800,"2020-11-04T14:38:00+1100",52828066,"2020-11-04T01:42:56Z","""1660b7d-32617a2-5b33e193e5fc0""",200,"2026-09-09T13:41:08Z"
"https://listdata.thelist.tas.gov.au/opendata/data/LIST_TASVEG_40_FIRE_ATTRIBUTES_CENTRAL_COAST.zip","LIST_TASVEG_40_FIRE_ATTRIBUTES_CENTRAL_COAST.zip","LIST_TASVEG_40_FIRE_ATTRIBUTES_CENTRAL_COAST.zip",FALSE,46137344,"2020-11-04T13:25:00+1100",46411377,"2020-11-04T01:46:29Z","""1660b7e-2c42e71-5b33e25ebe165""",200,"2026-09-09T13:41:08Z"
"https://listdata.thelist.tas.gov.au/opendata/data/LIST_TASVEG_40_FIRE_ATTRIBUTES_CENTRAL_HIGHLANDS.zip","LIST_TASVEG_40_FIRE_ATTRIBUTES_CENTRAL_HIGHLANDS.zip","LIST_TASVEG_40_FIRE_ATTRIBUTES_CENTRAL_HIGHLANDS.zip",FALSE,294649856,"2020-11-04T14:26:00+1100",294556138,"2020-11-04T03:10:16Z","""1660b8b-118e91ea-5b33f5195763c""",200,"2026-09-09T13:41:08Z"
"https://listdata.thelist.tas.gov.au/opendata/data/LIST_TASVEG_40_FIRE_ATTRIBUTES_CIRCULAR_HEAD.zip","LIST_TASVEG_40_FIRE_ATTRIBUTES_CIRCULAR_HEAD.zip","LIST_TASVEG_40_FIRE_ATTRIBUTES_CIRCULAR_HEAD.zip",FALSE,190840832,"2020-11-04T13:03:00+1100",190730652,"2020-11-04T01:53:43Z","""1660b7f-b5e519c-5b33e3fd548d8""",200,"2026-09-09T13:41:08Z"
"https://listdata.thelist.tas.gov.au/opendata/data/LIST_TASVEG_40_FIRE_ATTRIBUTES_CLARENCE.zip","LIST_TASVEG_40_FIRE_ATTRIBUTES_CLARENCE.zip","LIST_TASVEG_40_FIRE_ATTRIBUTES_CLARENCE.zip",FALSE,12582912,"2020-11-04T13:38:00+1100",12512041,"2020-11-04T01:36:56Z","""1660b7b-beeb29-5b33e03ca41ea""",200,"2026-09-09T13:41:08Z"
"https://listdata.thelist.tas.gov.au/opendata/data/LIST_TASVEG_40_FIRE_ATTRIBUTES_DERWENT_VALLEY.zip","LIST_TASVEG_40_FIRE_ATTRIBUTES_DERWENT_VALLEY.zip","LIST_TASVEG_40_FIRE_ATTRIBUTES_DERWENT_VALLEY.zip",FALSE,200278016,"2020-11-04T14:53:00+1100",199761874,"2020-11-04T02:32:06Z","""1660b84-be81fd2-5b33ec91430a1""",200,"2026-09-09T13:41:08Z"
"https://listdata.thelist.tas.gov.au/opendata/data/LIST_TASVEG_40_FIRE_ATTRIBUTES_DEVONPORT.zip","LIST_TASVEG_40_FIRE_ATTRIBUTES_DEVONPORT.zip","LIST_TASVEG_40_FIRE_ATTRIBUTES_DEVONPORT.zip",FALSE,5033164.8,"2020-11-04T14:47:00+1100",4982315,"2020-11-04T02:35:24Z","""1660b85-4c062b-5b33ed4e6bac2""",200,"2026-09-09T13:41:08Z"
"https://listdata.thelist.tas.gov.au/opendata/data/LIST_TASVEG_40_FIRE_ATTRIBUTES_DORSET.zip","LIST_TASVEG_40_FIRE_ATTRIBUTES_DORSET.zip","LIST_TASVEG_40_FIRE_ATTRIBUTES_DORSET.zip",FALSE,171966464,"2020-11-04T14:17:00+1100",171582995,"2020-11-04T02:55:42Z","""1660b89-a3a2613-5b33f1d7bcb2e""",200,"2026-09-09T13:41:08Z"
"https://listdata.thelist.tas.gov.au/opendata/data/LIST_TASVEG_40_FIRE_ATTRIBUTES_FLINDERS.zip","LIST_TASVEG_40_FIRE_ATTRIBUTES_FLINDERS.zip","LIST_TASVEG_40_FIRE_ATTRIBUTES_FLINDERS.zip",FALSE,66060288,"2020-11-04T12:34:00+1100",65849375,"2020-11-04T01:57:33Z","""1660b80-3ecc81f-5b33e4d830041""",200,"2026-09-09T13:41:08Z"
"https://listdata.thelist.tas.gov.au/opendata/data/LIST_TASVEG_40_FIRE_ATTRIBUTES_GEORGE_TOWN.zip","LIST_TASVEG_40_FIRE_ATTRIBUTES_GEORGE_TOWN.zip","LIST_TASVEG_40_FIRE_ATTRIBUTES_GEORGE_TOWN.zip",FALSE,34603008,"2020-11-04T14:00:00+1100",34310481,"2020-11-04T03:23:08Z","""1660b8e-20b8951-5b33f7f96a83d""",200,"2026-09-09T13:41:08Z"
"https://listdata.thelist.tas.gov.au/opendata/data/LIST_TASVEG_40_FIRE_ATTRIBUTES_GLAMORGAN_SPRING_BAY.zip","LIST_TASVEG_40_FIRE_ATTRIBUTES_GLAMORGAN_SPRING_BAY.zip","LIST_TASVEG_40_FIRE_ATTRIBUTES_GLAMORGAN_SPRING_BAY.zip",FALSE,63963136,"2020-11-04T12:39:00+1100",64214979,"2020-11-04T02:49:05Z","""1660b88-3d3d7c3-5b33f05d8d325""",200,"2026-09-09T13:41:08Z"
"https://listdata.thelist.tas.gov.au/opendata/data/LIST_TASVEG_40_FIRE_ATTRIBUTES_GLENORCHY.zip","LIST_TASVEG_40_FIRE_ATTRIBUTES_GLENORCHY.zip","LIST_TASVEG_40_FIRE_ATTRIBUTES_GLENORCHY.zip",FALSE,4194304,"2020-11-04T12:31:00+1100",4179299,"2020-11-04T03:29:17Z","""1660b90-3fc563-5b33f9595ba73""",200,"2026-09-09T13:41:08Z"
"https://listdata.thelist.tas.gov.au/opendata/data/LIST_TASVEG_40_FIRE_ATTRIBUTES_HOBART.zip","LIST_TASVEG_40_FIRE_ATTRIBUTES_HOBART.zip","LIST_TASVEG_40_FIRE_ATTRIBUTES_HOBART.zip",FALSE,3040870.4,"2020-11-04T13:20:00+1100",3047612,"2020-11-04T03:19:34Z","""1660b8d-2e80bc-5b33f72d34990""",200,"2026-09-09T13:41:08Z"
"https://listdata.thelist.tas.gov.au/opendata/data/LIST_TASVEG_40_FIRE_ATTRIBUTES_HUON_VALLEY.zip","LIST_TASVEG_40_FIRE_ATTRIBUTES_HUON_VALLEY.zip","LIST_TASVEG_40_FIRE_ATTRIBUTES_HUON_VALLEY.zip",FALSE,240123904,"2020-11-04T14:58:00+1100",240574280,"2020-11-04T03:38:49Z","""1660b91-e56df48-5b33fb7ad43c8""",200,"2026-09-09T13:41:08Z"
"https://listdata.thelist.tas.gov.au/opendata/data/LIST_TASVEG_40_FIRE_ATTRIBUTES_KENTISH.zip","LIST_TASVEG_40_FIRE_ATTRIBUTES_KENTISH.zip","LIST_TASVEG_40_FIRE_ATTRIBUTES_KENTISH.zip",FALSE,88080384,"2020-09-23T12:07:00+1000",88416108,"2020-11-04T02:25:01Z","""1660b83-5451f6c-5b33eafc1b2fc""",200,"2026-09-09T13:41:08Z"
"https://listdata.thelist.tas.gov.au/opendata/data/LIST_TASVEG_40_FIRE_ATTRIBUTES_KING_ISLAND.zip","LIST_TASVEG_40_FIRE_ATTRIBUTES_KING_ISLAND.zip","LIST_TASVEG_40_FIRE_ATTRIBUTES_KING_ISLAND.zip",FALSE,97517568,"2020-09-23T13:18:00+1000",97904659,"2020-11-04T02:03:14Z","""1660b81-5d5e813-5b33e61d71365""",200,"2026-09-09T13:41:08Z"
"https://listdata.thelist.tas.gov.au/opendata/data/LIST_TASVEG_40_FIRE_ATTRIBUTES_KINGBOROUGH.zip","LIST_TASVEG_40_FIRE_ATTRIBUTES_KINGBOROUGH.zip","LIST_TASVEG_40_FIRE_ATTRIBUTES_KINGBOROUGH.zip",FALSE,31457280,"2020-09-23T13:41:00+1000",31700236,"2020-11-04T03:26:15Z","""1660b8f-1e3b50c-5b33f8ac193fe""",200,"2026-09-09T13:41:08Z"
"https://listdata.thelist.tas.gov.au/opendata/data/LIST_TASVEG_40_FIRE_ATTRIBUTES_LATROBE.zip","LIST_TASVEG_40_FIRE_ATTRIBUTES_LATROBE.zip","LIST_TASVEG_40_FIRE_ATTRIBUTES_LATROBE.zip",FALSE,22020096,"2020-09-23T13:47:00+1000",22388241,"2020-11-04T02:38:36Z","""1660b86-1559e11-5b33ee04eff5b""",200,"2026-09-09T13:41:08Z"
"https://listdata.thelist.tas.gov.au/opendata/data/LIST_TASVEG_40_FIRE_ATTRIBUTES_LAUNCESTON.zip","LIST_TASVEG_40_FIRE_ATTRIBUTES_LAUNCESTON.zip","LIST_TASVEG_40_FIRE_ATTRIBUTES_LAUNCESTON.zip",FALSE,99614720,"2020-09-23T13:38:00+1000",99823932,"2020-11-04T03:53:51Z","""1660b93-5f3313c-5b33fed728387""",200,"2026-09-09T13:41:08Z"
"https://listdata.thelist.tas.gov.au/opendata/data/LIST_TASVEG_40_FIRE_ATTRIBUTES_MEANDER_VALLEY.zip","LIST_TASVEG_40_FIRE_ATTRIBUTES_MEANDER_VALLEY.zip","LIST_TASVEG_40_FIRE_ATTRIBUTES_MEANDER_VALLEY.zip",FALSE,201326592,"2020-09-23T13:56:00+1000",201393196,"2020-11-04T03:47:22Z","""1660b92-c01042c-5b33fd63ed1de""",200,"2026-09-09T13:41:08Z"
"https://listdata.thelist.tas.gov.au/opendata/data/LIST_TASVEG_40_FIRE_ATTRIBUTES_NORTHERN_MIDLANDS.zip","LIST_TASVEG_40_FIRE_ATTRIBUTES_NORTHERN_MIDLANDS.zip","LIST_TASVEG_40_FIRE_ATTRIBUTES_NORTHERN_MIDLANDS.zip",FALSE,149946368,"2020-09-23T12:52:00+1000",149933867,"2020-11-04T03:17:01Z","""1660b8c-8efcf2b-5b33f69ba3e72""",200,"2026-09-09T13:41:08Z"
"https://listdata.thelist.tas.gov.au/opendata/data/LIST_TASVEG_40_FIRE_ATTRIBUTES_SORELL.zip","LIST_TASVEG_40_FIRE_ATTRIBUTES_SORELL.zip","LIST_TASVEG_40_FIRE_ATTRIBUTES_SORELL.zip",FALSE,23068672,"2020-09-23T13:44:00+1000",23348469,"2020-11-04T01:34:14Z","""1660b7a-16444f5-5b33dfa23506f""",200,"2026-09-09T13:41:08Z"
"https://listdata.thelist.tas.gov.au/opendata/data/LIST_TASVEG_40_FIRE_ATTRIBUTES_SOUTHERN_MIDLANDS.zip","LIST_TASVEG_40_FIRE_ATTRIBUTES_SOUTHERN_MIDLANDS.zip","LIST_TASVEG_40_FIRE_ATTRIBUTES_SOUTHERN_MIDLANDS.zip",FALSE,68157440,"2020-09-23T12:35:00+1000",67637775,"2020-11-04T03:00:10Z","""1660b8a-408120f-5b33f2d7b867d""",200,"2026-09-09T13:41:08Z"
"https://listdata.thelist.tas.gov.au/opendata/data/LIST_TASVEG_40_FIRE_ATTRIBUTES_TASMAN.zip","LIST_TASVEG_40_FIRE_ATTRIBUTES_TASMAN.zip","LIST_TASVEG_40_FIRE_ATTRIBUTES_TASMAN.zip",FALSE,52428800,"2020-09-23T14:14:00+1000",52608148,"2020-11-04T01:39:37Z","""1660b7c-322bc94-5b33e0d62a744""",200,"2026-09-09T13:41:08Z"
"https://listdata.thelist.tas.gov.au/opendata/data/LIST_TASVEG_40_FIRE_ATTRIBUTES_WARATAH_WYNYARD.zip","LIST_TASVEG_40_FIRE_ATTRIBUTES_WARATAH_WYNYARD.zip","LIST_TASVEG_40_FIRE_ATTRIBUTES_WARATAH_WYNYARD.zip",FALSE,155189248,"2020-09-23T14:08:00+1000",155251247,"2020-11-04T01:31:26Z","""1660b79-940f22f-5b33df01bfec1""",200,"2026-09-09T13:41:08Z"
"https://listdata.thelist.tas.gov.au/opendata/data/LIST_TASVEG_40_FIRE_ATTRIBUTES_WEST_COAST.zip","LIST_TASVEG_40_FIRE_ATTRIBUTES_WEST_COAST.zip","LIST_TASVEG_40_FIRE_ATTRIBUTES_WEST_COAST.zip",FALSE,349175808,"2020-09-23T14:03:00+1000",348765599,"2020-11-04T02:20:39Z","""1660b82-14c9bd9f-5b33ea01c2010""",200,"2026-09-09T13:41:08Z"
"https://listdata.thelist.tas.gov.au/opendata/data/LIST_TASVEG_40_FIRE_ATTRIBUTES_WEST_TAMAR.zip","LIST_TASVEG_40_FIRE_ATTRIBUTES_WEST_TAMAR.zip","LIST_TASVEG_40_FIRE_ATTRIBUTES_WEST_TAMAR.zip",FALSE,38797312,"2020-09-23T13:33:00+1000",39219613,"2020-11-04T03:58:13Z","""1660b94-256719d-5b33ffd0c91fe""",200,"2026-09-09T13:41:08Z"
"https://listdata.thelist.tas.gov.au/opendata/data/LIST_TASVEG_40_FLINDERS.zip","LIST_TASVEG_40_FLINDERS.zip","LIST_TASVEG_40_FLINDERS.zip",FALSE,57671680,"2020-09-23T11:30:00+1000",57639907,"2020-09-23T02:07:20Z","""1660b56-36f83e3-5aff18b2a7728""",200,"2026-09-09T13:41:08Z"
"https://listdata.thelist.tas.gov.au/opendata/data/LIST_TASVEG_40_GEORGE_TOWN.zip","LIST_TASVEG_40_GEORGE_TOWN.zip","LIST_TASVEG_40_GEORGE_TOWN.zip",FALSE,28311552,"2020-09-23T13:36:00+1000",28537623,"2020-09-23T03:41:51Z","""1660b63-1b37317-5aff2dd2d9b4b""",200,"2026-09-09T13:41:08Z"
"https://listdata.thelist.tas.gov.au/opendata/data/LIST_TASVEG_40_GLAMORGAN_SPRING_BAY.zip","LIST_TASVEG_40_GLAMORGAN_SPRING_BAY.zip","LIST_TASVEG_40_GLAMORGAN_SPRING_BAY.zip",FALSE,55574528,"2020-09-23T11:35:00+1000",55739495,"2020-09-23T03:18:51Z","""1660b5e-3528467-5aff28aea7af7""",200,"2026-09-09T13:41:08Z"
"https://listdata.thelist.tas.gov.au/opendata/data/LIST_TASVEG_40_GLENORCHY.zip","LIST_TASVEG_40_GLENORCHY.zip","LIST_TASVEG_40_GLENORCHY.zip",FALSE,3565158.4,"2020-09-23T11:27:00+1000",3588121,"2020-09-23T03:47:36Z","""1660b65-36c019-5aff2f1bb5347""",200,"2026-09-09T13:41:08Z"
"https://listdata.thelist.tas.gov.au/opendata/data/LIST_TASVEG_40_HOBART.zip","LIST_TASVEG_40_HOBART.zip","LIST_TASVEG_40_HOBART.zip",FALSE,2621440,"2020-09-23T12:48:00+1000",2635847,"2020-09-23T03:38:48Z","""1660b62-283847-5aff2d2454979""",200,"2026-09-09T13:41:08Z"
"https://listdata.thelist.tas.gov.au/opendata/data/LIST_TASVEG_40_HUON_VALLEY.zip","LIST_TASVEG_40_HUON_VALLEY.zip","LIST_TASVEG_40_HUON_VALLEY.zip",FALSE,195035136,"2020-09-23T14:11:00+1000",195404851,"2020-09-23T03:56:03Z","""1660b66-ba5a433-5aff30ff4c7c1""",200,"2026-09-09T13:41:08Z"
"https://listdata.thelist.tas.gov.au/opendata/data/LIST_TASVEG_40_KENTISH.zip","LIST_TASVEG_40_KENTISH.zip","LIST_TASVEG_40_KENTISH.zip",FALSE,74448896,"2025-11-25T15:23:00+1100",74785944,"2020-09-23T02:52:20Z","""1660b5a-4752498-5aff22c2153f3""",200,"2026-09-09T13:41:08Z"
"https://listdata.thelist.tas.gov.au/opendata/data/LIST_TASVEG_40_KING_ISLAND.zip","LIST_TASVEG_40_KING_ISLAND.zip","LIST_TASVEG_40_KING_ISLAND.zip",FALSE,77594624,"2025-07-18T09:48:00+1000",77955362,"2020-09-23T02:35:54Z","""1660b57-4a58122-5aff1f14ec6d3""",200,"2026-09-09T13:41:08Z"
"https://listdata.thelist.tas.gov.au/opendata/data/LIST_TASVEG_40_KINGBOROUGH.zip","LIST_TASVEG_40_KINGBOROUGH.zip","LIST_TASVEG_40_KINGBOROUGH.zip",FALSE,25165824,"2025-12-04T14:59:00+1100",25599665,"2020-09-23T03:44:52Z","""1660b64-1869eb1-5aff2e7f8870f""",200,"2026-09-09T13:41:08Z"
"https://listdata.thelist.tas.gov.au/opendata/data/LIST_TASVEG_40_LATROBE.zip","LIST_TASVEG_40_LATROBE.zip","LIST_TASVEG_40_LATROBE.zip",FALSE,18874368,"2025-07-18T09:42:00+1000",19091606,"2020-09-23T04:14:01Z","""1660b59-1235096-5aff3503a57ff""",200,"2026-09-09T13:41:08Z"
"https://listdata.thelist.tas.gov.au/opendata/data/LIST_TASVEG_40_LAUNCESTON.zip","LIST_TASVEG_40_LAUNCESTON.zip","LIST_TASVEG_40_LAUNCESTON.zip",FALSE,83886080,"2025-07-18T09:42:00+1000",84207065,"2020-09-23T04:08:18Z","""1660b68-504e5d9-5aff33bc2e0e2""",200,"2026-09-09T13:41:08Z"
"https://listdata.thelist.tas.gov.au/opendata/data/LIST_TASVEG_40_MEANDER_VALLEY.zip","LIST_TASVEG_40_MEANDER_VALLEY.zip","LIST_TASVEG_40_MEANDER_VALLEY.zip",FALSE,173015040,"2025-07-18T09:42:00+1000",173401005,"2020-09-23T04:03:31Z","""1660b67-a55e3ad-5aff32ab0b318""",200,"2026-09-09T13:41:08Z"
"https://listdata.thelist.tas.gov.au/opendata/data/LIST_TASVEG_40_NORTHERN_MIDLANDS.zip","LIST_TASVEG_40_NORTHERN_MIDLANDS.zip","LIST_TASVEG_40_NORTHERN_MIDLANDS.zip",FALSE,128974848,"2023-06-08T19:28:00+1000",128742050,"2020-09-23T03:33:19Z","""1660b60-7ac72a2-5aff2bea643cf""",200,"2026-09-09T13:41:08Z"
"https://listdata.thelist.tas.gov.au/opendata/data/LIST_TASVEG_40_SORELL.zip","LIST_TASVEG_40_SORELL.zip","LIST_TASVEG_40_SORELL.zip",FALSE,19922944,"2025-07-18T09:44:00+1000",20258048,"2020-09-23T01:30:33Z","""1660b4f-1351d00-5aff1079dbe87""",200,"2026-09-09T13:41:08Z"
"https://listdata.thelist.tas.gov.au/opendata/data/LIST_TASVEG_40_SOUTHERN_MIDLANDS.zip","LIST_TASVEG_40_SOUTHERN_MIDLANDS.zip","LIST_TASVEG_40_SOUTHERN_MIDLANDS.zip",FALSE,55574528,"2025-07-18T09:44:00+1000",56095019,"2020-09-23T03:36:47Z","""1660b61-357f12b-5aff2cb0d691b""",200,"2026-09-09T13:41:08Z"
"https://listdata.thelist.tas.gov.au/opendata/data/LIST_TASVEG_40_TASMAN.zip","LIST_TASVEG_40_TASMAN.zip","LIST_TASVEG_40_TASMAN.zip",FALSE,44040192,"2025-07-18T09:45:00+1000",43754382,"2020-09-23T01:35:35Z","""1660b51-29ba38e-5aff119a45634""",200,"2026-09-09T13:41:08Z"
"https://listdata.thelist.tas.gov.au/opendata/data/LIST_TASVEG_40_WARATAH_WYNYARD.zip","LIST_TASVEG_40_WARATAH_WYNYARD.zip","LIST_TASVEG_40_WARATAH_WYNYARD.zip",FALSE,128974848,"2023-06-09T19:49:00+1000",128798414,"2020-09-23T01:27:55Z","""1660b4e-7ad4ece-5aff0fe3d33d2""",200,"2026-09-09T13:41:08Z"
"https://listdata.thelist.tas.gov.au/opendata/data/LIST_TASVEG_40_WEST_COAST.zip","LIST_TASVEG_40_WEST_COAST.zip","LIST_TASVEG_40_WEST_COAST.zip",FALSE,291504128,"2023-06-09T19:29:00+1000",291183893,"2020-09-23T02:48:05Z","""1660b58-115b1d15-5aff21ce20189""",200,"2026-09-09T13:41:08Z"
"https://listdata.thelist.tas.gov.au/opendata/data/LIST_TASVEG_40_WEST_TAMAR.zip","LIST_TASVEG_40_WEST_TAMAR.zip","LIST_TASVEG_40_WEST_TAMAR.zip",FALSE,33554432,"2023-06-09T19:27:00+1000",33266313,"2020-09-23T04:11:30Z","""1660b69-1fb9a89-5aff34741eded""",200,"2026-09-09T13:41:08Z"
"https://listdata.thelist.tas.gov.au/opendata/data/LIST_TASVEG_50_FIRE_ATTRIBUTES_STATEWIDE.zip","LIST_TASVEG_50_FIRE_ATTRIBUTES_STATEWIDE.zip","LIST_TASVEG_50_FIRE_ATTRIBUTES_STATEWIDE.zip",FALSE,1395864371.2,"2023-06-09T19:16:00+1000",1443803981,"2025-11-25T04:23:56Z","""1660b76-560eb34d-64463a5f49370""",200,"2026-09-09T13:41:08Z"
"https://listdata.thelist.tas.gov.au/opendata/data/LIST_TASVEG_50_STATEWIDE.zip","LIST_TASVEG_50_STATEWIDE.zip","LIST_TASVEG_50_STATEWIDE.zip",FALSE,1825361100.8,"2023-06-09T19:53:00+1000",1785214638,"2025-12-04T03:59:48Z","""1660ce0-6a6836ae-645185c35c1a1""",200,"2026-09-09T13:41:08Z"
"https://listdata.thelist.tas.gov.au/opendata/data/LIST_TASVEG_50_STATEWIDE/","LIST_TASVEG_50_STATEWIDE/","LIST_TASVEG_50_STATEWIDE/",TRUE,,"2025-07-18T10:09:00+1000",,,,,"2026-09-09T13:41:08Z"
"https://listdata.thelist.tas.gov.au/opendata/data/LIST_TASVEG_50_STATEWIDE/TASVEG_5_0_Fire_Attributes_LUT.cpg","LIST_TASVEG_50_STATEWIDE/TASVEG_5_0_Fire_Attributes_LUT.cpg","TASVEG_5_0_Fire_Attributes_LUT.cpg",FALSE,5,"2025-08-22T14:55:00+1000",5,"2025-09-12T03:10:04Z","""1660cd4-5-63e91fd78db00""",200,"2026-09-09T13:41:08Z"
"https://listdata.thelist.tas.gov.au/opendata/data/LIST_TASVEG_50_STATEWIDE/TASVEG_5_0_Fire_Attributes_LUT.dbf","LIST_TASVEG_50_STATEWIDE/TASVEG_5_0_Fire_Attributes_LUT.dbf","TASVEG_5_0_Fire_Attributes_LUT.dbf",FALSE,136192,"2025-08-22T14:54:00+1000",135981,"2025-10-02T00:38:36Z","""1660cd5-2132d-64022349c7b00""",200,"2026-09-09T13:41:08Z"
"https://listdata.thelist.tas.gov.au/opendata/data/LIST_TASVEG_50_STATEWIDE/TASVEG_5_0_Fire_Attributes_LUT.dbf.xml","LIST_TASVEG_50_STATEWIDE/TASVEG_5_0_Fire_Attributes_LUT.dbf.xml","TASVEG_5_0_Fire_Attributes_LUT.dbf.xml",FALSE,11264,"2025-08-22T14:54:00+1000",10986,"2025-09-12T03:10:06Z","""1660cd6-2aea-63e91fd975f80""",200,"2026-09-09T13:41:08Z"
"https://listdata.thelist.tas.gov.au/opendata/data/LIST_TASVEG_50_STATEWIDE/TASVEG_5_0_mapinfo.dat","LIST_TASVEG_50_STATEWIDE/TASVEG_5_0_mapinfo.dat","TASVEG_5_0_mapinfo.dat",FALSE,220200960,"2025-08-22T14:54:00+1000",220337580,"2025-10-01T04:37:48Z","""1660cd7-d2215ac-640116e373f00""",200,"2026-09-09T13:41:08Z"
"https://listdata.thelist.tas.gov.au/opendata/data/LIST_TASVEG_50_STATEWIDE/TASVEG_5_0_mapinfo.id","LIST_TASVEG_50_STATEWIDE/TASVEG_5_0_mapinfo.id","TASVEG_5_0_mapinfo.id",FALSE,1887436.8,"2025-08-22T14:54:00+1000",1928552,"2025-08-22T04:43:54Z","""1660cd8-1d6d68-63cecda60f680""",200,"2026-09-09T13:41:08Z"
"https://listdata.thelist.tas.gov.au/opendata/data/LIST_TASVEG_50_STATEWIDE/TASVEG_5_0_mapinfo.IND","LIST_TASVEG_50_STATEWIDE/TASVEG_5_0_mapinfo.IND","TASVEG_5_0_mapinfo.IND",FALSE,7025459.2,"2025-08-22T14:54:00+1000",6990336,"2025-08-22T04:44:48Z","""1660cd9-6aaa00-63cecdd98f000""",200,"2026-09-09T13:41:08Z"
"https://listdata.thelist.tas.gov.au/opendata/data/LIST_TASVEG_50_STATEWIDE/TASVEG_5_0_mapinfo.map","LIST_TASVEG_50_STATEWIDE/TASVEG_5_0_mapinfo.map","TASVEG_5_0_mapinfo.map",FALSE,1181116006.4,"2025-08-22T14:54:00+1000",1150734336,"2025-08-22T04:43:54Z","""1660cda-4496d000-63cecda60f680""",200,"2026-09-09T13:41:08Z"
"https://listdata.thelist.tas.gov.au/opendata/data/LIST_TASVEG_50_STATEWIDE/TASVEG_5_0_mapinfo.qmd","LIST_TASVEG_50_STATEWIDE/TASVEG_5_0_mapinfo.qmd","TASVEG_5_0_mapinfo.qmd",FALSE,2355.2,,2306,"2025-08-22T04:01:20Z","""1660cdb-902-63cec42260400""",200,"2026-09-09T13:41:08Z"
"https://listdata.thelist.tas.gov.au/opendata/data/LIST_TASVEG_50_STATEWIDE/TASVEG_5_0_mapinfo.tab","LIST_TASVEG_50_STATEWIDE/TASVEG_5_0_mapinfo.tab","TASVEG_5_0_mapinfo.tab",FALSE,33792,,33766,"2025-08-25T04:58:00Z","""1660cdc-83e6-63d2966540600""",200,"2026-09-09T13:41:08Z"
"https://listdata.thelist.tas.gov.au/opendata/data/LIST_TASVEG_50_STATEWIDE/TASVEG_5_0_Metadata_CCby.pdf","LIST_TASVEG_50_STATEWIDE/TASVEG_5_0_Metadata_CCby.pdf","TASVEG_5_0_Metadata_CCby.pdf",FALSE,430080,,429951,"2025-11-18T01:04:06Z","""1660b75-68f7f-643d40a590d80""",200,"2026-09-09T13:41:08Z"
"https://listdata.thelist.tas.gov.au/opendata/data/LIST_TASVEG_50_STATEWIDE/TASVEG_5_0.cpg","LIST_TASVEG_50_STATEWIDE/TASVEG_5_0.cpg","TASVEG_5_0.cpg",FALSE,9,"2025-08-22T14:43:00+1000",9,"2025-10-01T21:39:16Z","""1660ccb-9-6401fb343e900""",200,"2026-09-09T13:41:08Z"
"https://listdata.thelist.tas.gov.au/opendata/data/LIST_TASVEG_50_STATEWIDE/TASVEG_5_0.dbf","LIST_TASVEG_50_STATEWIDE/TASVEG_5_0.dbf","TASVEG_5_0.dbf",FALSE,224395264,"2025-08-22T14:44:00+1000",224676822,"2025-10-01T21:39:16Z","""1660ccc-d644bd6-6401fb343e900""",200,"2026-09-09T13:41:08Z"
"https://listdata.thelist.tas.gov.au/opendata/data/LIST_TASVEG_50_STATEWIDE/TASVEG_5_0.prj","LIST_TASVEG_50_STATEWIDE/TASVEG_5_0.prj","TASVEG_5_0.prj",FALSE,408,"2025-08-22T14:43:00+1000",408,"2025-08-19T03:37:40Z","""1660ccd-198-63caf93fc6900""",200,"2026-09-09T13:41:08Z"
"https://listdata.thelist.tas.gov.au/opendata/data/LIST_TASVEG_50_STATEWIDE/TASVEG_5_0.qix","LIST_TASVEG_50_STATEWIDE/TASVEG_5_0.qix","TASVEG_5_0.qix",FALSE,12582912,"2025-08-22T14:01:00+1000",12816060,"2025-08-21T23:56:16Z","""1660cce-c38ebc-63ce8d5b8c800""",200,"2026-09-09T13:41:08Z"
"https://listdata.thelist.tas.gov.au/opendata/data/LIST_TASVEG_50_STATEWIDE/TASVEG_5_0.qml","LIST_TASVEG_50_STATEWIDE/TASVEG_5_0.qml","TASVEG_5_0.qml",FALSE,1363148.8,"2025-08-25T14:58:00+1000",1357021,"2025-10-02T00:36:24Z","""1660ccf-14b4dd-640222cbe5200""",200,"2026-09-09T13:41:08Z"
"https://listdata.thelist.tas.gov.au/opendata/data/LIST_TASVEG_50_STATEWIDE/TASVEG_5_0.shp","LIST_TASVEG_50_STATEWIDE/TASVEG_5_0.shp","TASVEG_5_0.shp",FALSE,1288490188.8,"2025-11-18T12:04:00+1100",1276652620,"2025-08-21T23:56:16Z","""1660cd0-4c182c4c-63ce8d5b8c800""",200,"2026-09-09T13:41:08Z"
"https://listdata.thelist.tas.gov.au/opendata/data/LIST_TASVEG_50_STATEWIDE/TASVEG_5_0.shp.xml","LIST_TASVEG_50_STATEWIDE/TASVEG_5_0.shp.xml","TASVEG_5_0.shp.xml",FALSE,205,"2025-11-18T12:14:00+1100",205,"2025-10-01T21:39:16Z","""1660cd1-cd-6401fb343e900""",200,"2026-09-09T13:41:08Z"
"https://listdata.thelist.tas.gov.au/opendata/data/LIST_TASVEG_50_STATEWIDE/TASVEG_5_0.shx","LIST_TASVEG_50_STATEWIDE/TASVEG_5_0.shx","TASVEG_5_0.shx",FALSE,3879731.2,"2025-11-18T12:17:00+1100",3857204,"2025-08-21T23:56:16Z","""1660cd2-3adb34-63ce8d5b8c800""",200,"2026-09-09T13:41:08Z"
"https://listdata.thelist.tas.gov.au/opendata/data/LIST_TASVEG_50_STATEWIDE/TASVEG_5_0.VEGCODE.atx","LIST_TASVEG_50_STATEWIDE/TASVEG_5_0.VEGCODE.atx","TASVEG_5_0.VEGCODE.atx",FALSE,3879731.2,"2025-12-01T10:43:00+1100",3921920,"2025-09-05T00:20:40Z","""1660cd3-3bd800-63e02cec2e600""",200,"2026-09-09T13:41:08Z"
"https://listdata.thelist.tas.gov.au/opendata/data/LIST_TASVEG_50_STATEWIDE/TASVEG_5_legend_code_order.pdf","LIST_TASVEG_50_STATEWIDE/TASVEG_5_legend_code_order.pdf","TASVEG_5_legend_code_order.pdf",FALSE,460800,,460308,"2025-11-18T01:14:56Z","""1660c9a-70614-643d431174400""",200,"2026-09-09T13:41:08Z"
"https://listdata.thelist.tas.gov.au/opendata/data/LIST_TASVEG_50_STATEWIDE/TASVEG_5_legend_name_order.pdf","LIST_TASVEG_50_STATEWIDE/TASVEG_5_legend_name_order.pdf","TASVEG_5_legend_name_order.pdf",FALSE,459776,,460270,"2025-11-18T01:17:10Z","""1660c9b-705ee-643d43913f180""",200,"2026-09-09T13:41:08Z"
"https://listdata.thelist.tas.gov.au/opendata/data/LIST_TASVEG_50_STATEWIDE/TASVEG_5_release.gdb/","LIST_TASVEG_50_STATEWIDE/TASVEG_5_release.gdb/","TASVEG_5_release.gdb/",TRUE,,"2025-10-01T14:37:00+1000",,,,,"2026-09-09T13:41:08Z"
"https://listdata.thelist.tas.gov.au/opendata/data/LIST_TASVEG_50_STATEWIDE/TASVEG_5_release.gdb/a00000001.gdbindexes","LIST_TASVEG_50_STATEWIDE/TASVEG_5_release.gdb/a00000001.gdbindexes","a00000001.gdbindexes",FALSE,110,"2025-08-08T15:51:00+1000",110,"2025-08-08T05:51:04Z","""1660c9c-6e-63bd428cea200""",200,"2026-09-09T13:41:08Z"
"https://listdata.thelist.tas.gov.au/opendata/data/LIST_TASVEG_50_STATEWIDE/TASVEG_5_release.gdb/a00000001.gdbtable","LIST_TASVEG_50_STATEWIDE/TASVEG_5_release.gdb/a00000001.gdbtable","a00000001.gdbtable",FALSE,321,"2025-10-01T14:16:00+1000",321,"2025-08-24T23:13:10Z","""1660c9d-141-63d24951bad80""",200,"2026-09-09T13:41:08Z"
"https://listdata.thelist.tas.gov.au/opendata/data/LIST_TASVEG_50_STATEWIDE/TASVEG_5_release.gdb/a00000001.gdbtablx","LIST_TASVEG_50_STATEWIDE/TASVEG_5_release.gdb/a00000001.gdbtablx","a00000001.gdbtablx",FALSE,5120,"2025-10-01T14:16:00+1000",5152,"2025-08-24T23:13:10Z","""1660c9e-1420-63d24951bad80""",200,"2026-09-09T13:41:08Z"
"https://listdata.thelist.tas.gov.au/opendata/data/LIST_TASVEG_50_STATEWIDE/TASVEG_5_release.gdb/a00000001.TablesByName.atx","LIST_TASVEG_50_STATEWIDE/TASVEG_5_release.gdb/a00000001.TablesByName.atx","a00000001.TablesByName.atx",FALSE,4096,"2025-08-08T15:58:00+1000",4118,"2025-08-20T00:07:50Z","""1660c9f-1016-63cc0c367a180""",200,"2026-09-09T13:41:08Z"
"https://listdata.thelist.tas.gov.au/opendata/data/LIST_TASVEG_50_STATEWIDE/TASVEG_5_release.gdb/a00000002.gdbtable","LIST_TASVEG_50_STATEWIDE/TASVEG_5_release.gdb/a00000002.gdbtable","a00000002.gdbtable",FALSE,2048,"2025-10-01T14:16:00+1000",2055,"2025-08-08T05:51:04Z","""1660ca0-807-63bd428cea200""",200,"2026-09-09T13:41:08Z"
"https://listdata.thelist.tas.gov.au/opendata/data/LIST_TASVEG_50_STATEWIDE/TASVEG_5_release.gdb/a00000002.gdbtablx","LIST_TASVEG_50_STATEWIDE/TASVEG_5_release.gdb/a00000002.gdbtablx","a00000002.gdbtablx",FALSE,5120,"2025-08-08T15:58:00+1000",5152,"2025-08-08T05:51:04Z","""1660ca1-1420-63bd428cea200""",200,"2026-09-09T13:41:08Z"
"https://listdata.thelist.tas.gov.au/opendata/data/LIST_TASVEG_50_STATEWIDE/TASVEG_5_release.gdb/a00000003.gdbindexes","LIST_TASVEG_50_STATEWIDE/TASVEG_5_release.gdb/a00000003.gdbindexes","a00000003.gdbindexes",FALSE,42,"2025-08-08T15:58:00+1000",42,"2025-08-08T05:51:04Z","""1660ca2-2a-63bd428cea200""",200,"2026-09-09T13:41:08Z"
"https://listdata.thelist.tas.gov.au/opendata/data/LIST_TASVEG_50_STATEWIDE/TASVEG_5_release.gdb/a00000003.gdbtable","LIST_TASVEG_50_STATEWIDE/TASVEG_5_release.gdb/a00000003.gdbtable","a00000003.gdbtable",FALSE,1536,"2025-08-08T15:58:00+1000",1517,"2025-08-08T06:03:18Z","""1660ca3-5ed-63bd4548e9580""",200,"2026-09-09T13:41:08Z"
"https://listdata.thelist.tas.gov.au/opendata/data/LIST_TASVEG_50_STATEWIDE/TASVEG_5_release.gdb/a00000003.gdbtablx","LIST_TASVEG_50_STATEWIDE/TASVEG_5_release.gdb/a00000003.gdbtablx","a00000003.gdbtablx",FALSE,5120,"2025-08-08T15:51:00+1000",5152,"2025-08-08T06:03:18Z","""1660ca4-1420-63bd4548e9580""",200,"2026-09-09T13:41:08Z"
"https://listdata.thelist.tas.gov.au/opendata/data/LIST_TASVEG_50_STATEWIDE/TASVEG_5_release.gdb/a00000004.CatItemsByPhysicalName.atx","LIST_TASVEG_50_STATEWIDE/TASVEG_5_release.gdb/a00000004.CatItemsByPhysicalName.atx","a00000004.CatItemsByPhysicalName.atx",FALSE,4096,"2025-08-08T15:58:00+1000",4118,"2025-08-20T00:07:50Z","""1660ca5-1016-63cc0c367a180""",200,"2026-09-09T13:41:08Z"
"https://listdata.thelist.tas.gov.au/opendata/data/LIST_TASVEG_50_STATEWIDE/TASVEG_5_release.gdb/a00000004.CatItemsByType.atx","LIST_TASVEG_50_STATEWIDE/TASVEG_5_release.gdb/a00000004.CatItemsByType.atx","a00000004.CatItemsByType.atx",FALSE,4096,"2025-08-08T15:58:00+1000",4118,"2025-08-20T00:07:50Z","""1660ca6-1016-63cc0c367a180""",200,"2026-09-09T13:41:08Z"
"https://listdata.thelist.tas.gov.au/opendata/data/LIST_TASVEG_50_STATEWIDE/TASVEG_5_release.gdb/a00000004.FDO_UUID.atx","LIST_TASVEG_50_STATEWIDE/TASVEG_5_release.gdb/a00000004.FDO_UUID.atx","a00000004.FDO_UUID.atx",FALSE,4096,"2025-08-20T10:07:00+1000",4118,"2025-08-20T00:07:50Z","""1660ca7-1016-63cc0c367a180""",200,"2026-09-09T13:41:08Z"
"https://listdata.thelist.tas.gov.au/opendata/data/LIST_TASVEG_50_STATEWIDE/TASVEG_5_release.gdb/a00000004.freelist","LIST_TASVEG_50_STATEWIDE/TASVEG_5_release.gdb/a00000004.freelist","a00000004.freelist",FALSE,24576,"2025-08-20T10:07:00+1000",24920,"2025-10-01T04:16:52Z","""1660ca8-6158-64011235a3500""",200,"2026-09-09T13:41:08Z"
"https://listdata.thelist.tas.gov.au/opendata/data/LIST_TASVEG_50_STATEWIDE/TASVEG_5_release.gdb/a00000004.gdbindexes","LIST_TASVEG_50_STATEWIDE/TASVEG_5_release.gdb/a00000004.gdbindexes","a00000004.gdbindexes",FALSE,310,"2025-08-20T10:07:00+1000",310,"2025-08-08T05:51:04Z","""1660ca9-136-63bd428cea200""",200,"2026-09-09T13:41:08Z"
"https://listdata.thelist.tas.gov.au/opendata/data/LIST_TASVEG_50_STATEWIDE/TASVEG_5_release.gdb/a00000004.gdbtable","LIST_TASVEG_50_STATEWIDE/TASVEG_5_release.gdb/a00000004.gdbtable","a00000004.gdbtable",FALSE,876544,"2025-08-20T10:07:00+1000",876438,"2025-10-01T04:16:52Z","""1660caa-d5f96-64011235a3500""",200,"2026-09-09T13:41:08Z"
"https://listdata.thelist.tas.gov.au/opendata/data/LIST_TASVEG_50_STATEWIDE/TASVEG_5_release.gdb/a00000004.gdbtablx","LIST_TASVEG_50_STATEWIDE/TASVEG_5_release.gdb/a00000004.gdbtablx","a00000004.gdbtablx",FALSE,5120,"2025-08-08T15:51:00+1000",5152,"2025-10-01T04:16:52Z","""1660cab-1420-64011235a3500""",200,"2026-09-09T13:41:08Z"
"https://listdata.thelist.tas.gov.au/opendata/data/LIST_TASVEG_50_STATEWIDE/TASVEG_5_release.gdb/a00000004.horizon","LIST_TASVEG_50_STATEWIDE/TASVEG_5_release.gdb/a00000004.horizon","a00000004.horizon",FALSE,32,"2025-08-25T09:13:00+1000",32,"2025-08-08T05:58:48Z","""1660cac-20-63bd44476b600""",200,"2026-09-09T13:41:08Z"
"https://listdata.thelist.tas.gov.au/opendata/data/LIST_TASVEG_50_STATEWIDE/TASVEG_5_release.gdb/a00000004.spx","LIST_TASVEG_50_STATEWIDE/TASVEG_5_release.gdb/a00000004.spx","a00000004.spx",FALSE,4096,"2025-08-25T09:13:00+1000",4118,"2025-10-01T04:16:52Z","""1660cad-1016-64011235a3500""",200,"2026-09-09T13:41:08Z"
"https://listdata.thelist.tas.gov.au/opendata/data/LIST_TASVEG_50_STATEWIDE/TASVEG_5_release.gdb/a00000005.CatItemTypesByName.atx","LIST_TASVEG_50_STATEWIDE/TASVEG_5_release.gdb/a00000005.CatItemTypesByName.atx","a00000005.CatItemTypesByName.atx",FALSE,12288,"2025-08-08T15:58:00+1000",12310,"2025-08-08T05:58:48Z","""1660cae-3016-63bd44476b600""",200,"2026-09-09T13:41:08Z"
"https://listdata.thelist.tas.gov.au/opendata/data/LIST_TASVEG_50_STATEWIDE/TASVEG_5_release.gdb/a00000005.CatItemTypesByParentTypeID.atx","LIST_TASVEG_50_STATEWIDE/TASVEG_5_release.gdb/a00000005.CatItemTypesByParentTypeID.atx","a00000005.CatItemTypesByParentTypeID.atx",FALSE,4096,"2025-08-08T15:58:00+1000",4118,"2025-08-08T05:58:48Z","""1660caf-1016-63bd44476b600""",200,"2026-09-09T13:41:08Z"
"https://listdata.thelist.tas.gov.au/opendata/data/LIST_TASVEG_50_STATEWIDE/TASVEG_5_release.gdb/a00000005.CatItemTypesByUUID.atx","LIST_TASVEG_50_STATEWIDE/TASVEG_5_release.gdb/a00000005.CatItemTypesByUUID.atx","a00000005.CatItemTypesByUUID.atx",FALSE,4096,"2025-08-08T15:58:00+1000",4118,"2025-08-08T05:58:48Z","""1660cb0-1016-63bd44476b600""",200,"2026-09-09T13:41:08Z"
"https://listdata.thelist.tas.gov.au/opendata/data/LIST_TASVEG_50_STATEWIDE/TASVEG_5_release.gdb/a00000005.gdbindexes","LIST_TASVEG_50_STATEWIDE/TASVEG_5_release.gdb/a00000005.gdbindexes","a00000005.gdbindexes",FALSE,296,"2025-08-08T15:58:00+1000",296,"2025-08-08T05:51:04Z","""1660cb1-128-63bd428cea200""",200,"2026-09-09T13:41:08Z"
"https://listdata.thelist.tas.gov.au/opendata/data/LIST_TASVEG_50_STATEWIDE/TASVEG_5_release.gdb/a00000005.gdbtable","LIST_TASVEG_50_STATEWIDE/TASVEG_5_release.gdb/a00000005.gdbtable","a00000005.gdbtable",FALSE,2048,"2025-08-08T15:58:00+1000",2021,"2025-08-08T05:58:48Z","""1660cb2-7e5-63bd44476b600""",200,"2026-09-09T13:41:08Z"
"https://listdata.thelist.tas.gov.au/opendata/data/LIST_TASVEG_50_STATEWIDE/TASVEG_5_release.gdb/a00000005.gdbtablx","LIST_TASVEG_50_STATEWIDE/TASVEG_5_release.gdb/a00000005.gdbtablx","a00000005.gdbtablx",FALSE,5120,"2025-08-08T15:58:00+1000",5152,"2025-08-08T05:58:48Z","""1660cb3-1420-63bd44476b600""",200,"2026-09-09T13:41:08Z"
"https://listdata.thelist.tas.gov.au/opendata/data/LIST_TASVEG_50_STATEWIDE/TASVEG_5_release.gdb/a00000006.CatRelsByDestinationID.atx","LIST_TASVEG_50_STATEWIDE/TASVEG_5_release.gdb/a00000006.CatRelsByDestinationID.atx","a00000006.CatRelsByDestinationID.atx",FALSE,4096,"2025-08-08T15:51:00+1000",4118,"2025-08-20T00:07:50Z","""1660cb4-1016-63cc0c367a180""",200,"2026-09-09T13:41:08Z"
"https://listdata.thelist.tas.gov.au/opendata/data/LIST_TASVEG_50_STATEWIDE/TASVEG_5_release.gdb/a00000006.CatRelsByOriginID.atx","LIST_TASVEG_50_STATEWIDE/TASVEG_5_release.gdb/a00000006.CatRelsByOriginID.atx","a00000006.CatRelsByOriginID.atx",FALSE,4096,"2025-08-08T15:58:00+1000",4118,"2025-08-20T00:07:50Z","""1660cb5-1016-63cc0c367a180""",200,"2026-09-09T13:41:08Z"
"https://listdata.thelist.tas.gov.au/opendata/data/LIST_TASVEG_50_STATEWIDE/TASVEG_5_release.gdb/a00000006.CatRelsByType.atx","LIST_TASVEG_50_STATEWIDE/TASVEG_5_release.gdb/a00000006.CatRelsByType.atx","a00000006.CatRelsByType.atx",FALSE,4096,"2025-08-08T15:58:00+1000",4118,"2025-08-20T00:07:50Z","""1660cb6-1016-63cc0c367a180""",200,"2026-09-09T13:41:08Z"
"https://listdata.thelist.tas.gov.au/opendata/data/LIST_TASVEG_50_STATEWIDE/TASVEG_5_release.gdb/a00000006.FDO_UUID.atx","LIST_TASVEG_50_STATEWIDE/TASVEG_5_release.gdb/a00000006.FDO_UUID.atx","a00000006.FDO_UUID.atx",FALSE,4096,"2025-08-08T15:51:00+1000",4118,"2025-08-20T00:07:50Z","""1660cb7-1016-63cc0c367a180""",200,"2026-09-09T13:41:08Z"
"https://listdata.thelist.tas.gov.au/opendata/data/LIST_TASVEG_50_STATEWIDE/TASVEG_5_release.gdb/a00000006.gdbindexes","LIST_TASVEG_50_STATEWIDE/TASVEG_5_release.gdb/a00000006.gdbindexes","a00000006.gdbindexes",FALSE,318,"2025-10-01T14:16:00+1000",318,"2025-08-08T05:51:04Z","""1660cb8-13e-63bd428cea200""",200,"2026-09-09T13:41:08Z"
"https://listdata.thelist.tas.gov.au/opendata/data/LIST_TASVEG_50_STATEWIDE/TASVEG_5_release.gdb/a00000006.gdbtable","LIST_TASVEG_50_STATEWIDE/TASVEG_5_release.gdb/a00000006.gdbtable","a00000006.gdbtable",FALSE,1638.4,"2025-10-01T14:16:00+1000",1650,"2025-08-24T23:13:02Z","""1660cb9-672-63d2494a19b80""",200,"2026-09-09T13:41:08Z"
"https://listdata.thelist.tas.gov.au/opendata/data/LIST_TASVEG_50_STATEWIDE/TASVEG_5_release.gdb/a00000006.gdbtablx","LIST_TASVEG_50_STATEWIDE/TASVEG_5_release.gdb/a00000006.gdbtablx","a00000006.gdbtablx",FALSE,5120,"2025-10-01T14:16:00+1000",5152,"2025-08-24T23:13:02Z","""1660cba-1420-63d2494a19b80""",200,"2026-09-09T13:41:08Z"
"https://listdata.thelist.tas.gov.au/opendata/data/LIST_TASVEG_50_STATEWIDE/TASVEG_5_release.gdb/a00000007.CatRelTypesByBackwardLabel.atx","LIST_TASVEG_50_STATEWIDE/TASVEG_5_release.gdb/a00000007.CatRelTypesByBackwardLabel.atx","a00000007.CatRelTypesByBackwardLabel.atx",FALSE,12288,"2025-10-01T14:16:00+1000",12310,"2025-08-08T05:58:48Z","""1660cbb-3016-63bd44476b600""",200,"2026-09-09T13:41:08Z"
"https://listdata.thelist.tas.gov.au/opendata/data/LIST_TASVEG_50_STATEWIDE/TASVEG_5_release.gdb/a00000007.CatRelTypesByDestItemTypeID.atx","LIST_TASVEG_50_STATEWIDE/TASVEG_5_release.gdb/a00000007.CatRelTypesByDestItemTypeID.atx","a00000007.CatRelTypesByDestItemTypeID.atx",FALSE,4096,"2025-10-01T14:16:00+1000",4118,"2025-08-08T05:58:48Z","""1660cbc-1016-63bd44476b600""",200,"2026-09-09T13:41:08Z"
"https://listdata.thelist.tas.gov.au/opendata/data/LIST_TASVEG_50_STATEWIDE/TASVEG_5_release.gdb/a00000007.CatRelTypesByForwardLabel.atx","LIST_TASVEG_50_STATEWIDE/TASVEG_5_release.gdb/a00000007.CatRelTypesByForwardLabel.atx","a00000007.CatRelTypesByForwardLabel.atx",FALSE,12288,"2025-10-01T14:16:00+1000",12310,"2025-08-08T05:58:48Z","""1660cbd-3016-63bd44476b600""",200,"2026-09-09T13:41:08Z"
"https://listdata.thelist.tas.gov.au/opendata/data/LIST_TASVEG_50_STATEWIDE/TASVEG_5_release.gdb/a00000007.CatRelTypesByName.atx","LIST_TASVEG_50_STATEWIDE/TASVEG_5_release.gdb/a00000007.CatRelTypesByName.atx","a00000007.CatRelTypesByName.atx",FALSE,12288,,12310,"2025-08-08T05:58:48Z","""1660cbe-3016-63bd44476b600""",200,"2026-09-09T13:41:08Z"
"https://listdata.thelist.tas.gov.au/opendata/data/LIST_TASVEG_50_STATEWIDE/TASVEG_5_release.gdb/a00000007.CatRelTypesByOriginItemTypeID.atx","LIST_TASVEG_50_STATEWIDE/TASVEG_5_release.gdb/a00000007.CatRelTypesByOriginItemTypeID.atx","a00000007.CatRelTypesByOriginItemTypeID.atx",FALSE,4096,,4118,"2025-08-08T05:58:48Z","""1660cbf-1016-63bd44476b600""",200,"2026-09-09T13:41:08Z"
"https://listdata.thelist.tas.gov.au/opendata/data/LIST_TASVEG_50_STATEWIDE/TASVEG_5_release.gdb/a00000007.CatRelTypesByUUID.atx","LIST_TASVEG_50_STATEWIDE/TASVEG_5_release.gdb/a00000007.CatRelTypesByUUID.atx","a00000007.CatRelTypesByUUID.atx",FALSE,4096,,4118,"2025-08-08T05:58:48Z","""1660cc0-1016-63bd44476b600""",200,"2026-09-09T13:41:08Z"
"https://listdata.thelist.tas.gov.au/opendata/data/LIST_TASVEG_50_STATEWIDE/TASVEG_5_release.gdb/a00000007.gdbindexes","LIST_TASVEG_50_STATEWIDE/TASVEG_5_release.gdb/a00000007.gdbindexes","a00000007.gdbindexes",FALSE,602,,602,"2025-08-08T05:51:04Z","""1660cc1-25a-63bd428cea200""",200,"2026-09-09T13:41:08Z"
"https://listdata.thelist.tas.gov.au/opendata/data/LIST_TASVEG_50_STATEWIDE/TASVEG_5_release.gdb/a00000007.gdbtable","LIST_TASVEG_50_STATEWIDE/TASVEG_5_release.gdb/a00000007.gdbtable","a00000007.gdbtable",FALSE,3584,,3626,"2025-08-08T05:58:48Z","""1660cc2-e2a-63bd44476b600""",200,"2026-09-09T13:41:08Z"
"https://listdata.thelist.tas.gov.au/opendata/data/LIST_TASVEG_50_STATEWIDE/TASVEG_5_release.gdb/a00000007.gdbtablx","LIST_TASVEG_50_STATEWIDE/TASVEG_5_release.gdb/a00000007.gdbtablx","a00000007.gdbtablx",FALSE,5120,,5152,"2025-08-08T05:58:48Z","""1660cc3-1420-63bd44476b600""",200,"2026-09-09T13:41:08Z"
"https://listdata.thelist.tas.gov.au/opendata/data/LIST_TASVEG_50_STATEWIDE/TASVEG_5_release.gdb/a0000000c.gdbindexes","LIST_TASVEG_50_STATEWIDE/TASVEG_5_release.gdb/a0000000c.gdbindexes","a0000000c.gdbindexes",FALSE,116,"2025-08-08T16:03:00+1000",116,"2025-08-19T22:27:54Z","""1660cc4-74-63cbf5e03ee80""",200,"2026-09-09T13:41:08Z"
"https://listdata.thelist.tas.gov.au/opendata/data/LIST_TASVEG_50_STATEWIDE/TASVEG_5_release.gdb/a0000000c.gdbtable","LIST_TASVEG_50_STATEWIDE/TASVEG_5_release.gdb/a0000000c.gdbtable","a0000000c.gdbtable",FALSE,488636416,"2025-08-20T10:07:00+1000",488605966,"2025-10-01T04:16:56Z","""1660cc5-1d1f890e-6401123973e00""",200,"2026-09-09T13:41:08Z"
"https://listdata.thelist.tas.gov.au/opendata/data/LIST_TASVEG_50_STATEWIDE/TASVEG_5_release.gdb/a0000000c.gdbtablx","LIST_TASVEG_50_STATEWIDE/TASVEG_5_release.gdb/a0000000c.gdbtablx","a0000000c.gdbtablx",FALSE,4089446.4,"2025-08-20T10:07:00+1000",4050080,"2025-10-01T04:16:54Z","""1660cc6-3dcca0-640112378b980""",200,"2026-09-09T13:41:08Z"
"https://listdata.thelist.tas.gov.au/opendata/data/LIST_TASVEG_50_STATEWIDE/TASVEG_5_release.gdb/a0000000c.horizon","LIST_TASVEG_50_STATEWIDE/TASVEG_5_release.gdb/a0000000c.horizon","a0000000c.horizon",FALSE,32,"2025-08-20T10:07:00+1000",32,"2025-08-19T22:27:46Z","""1660cc7-20-63cbf5d89dc80""",200,"2026-09-09T13:41:08Z"
"https://listdata.thelist.tas.gov.au/opendata/data/LIST_TASVEG_50_STATEWIDE/TASVEG_5_release.gdb/a0000000c.spx","LIST_TASVEG_50_STATEWIDE/TASVEG_5_release.gdb/a0000000c.spx","a0000000c.spx",FALSE,8703180.8,"2025-10-01T14:16:00+1000",8732694,"2025-08-19T23:03:58Z","""1660cc8-854016-63cbfdefff380""",200,"2026-09-09T13:41:08Z"
"https://listdata.thelist.tas.gov.au/opendata/data/LIST_TASVEG_50_STATEWIDE/TASVEG_5_release.gdb/gdb","LIST_TASVEG_50_STATEWIDE/TASVEG_5_release.gdb/gdb","gdb",FALSE,4,,4,"2025-08-08T05:51:04Z","""1660cc9-4-63bd428cea200""",200,"2026-09-09T13:41:08Z"
"https://listdata.thelist.tas.gov.au/opendata/data/LIST_TASVEG_50_STATEWIDE/TASVEG_5_release.gdb/timestamps","LIST_TASVEG_50_STATEWIDE/TASVEG_5_release.gdb/timestamps","timestamps",FALSE,400,,400,"2025-10-01T04:16:52Z","""1660cca-190-64011235a3500""",200,"2026-09-09T13:41:08Z"
"https://listdata.thelist.tas.gov.au/opendata/data/LIST_TASVEG_50_STATEWIDE/TASVEG_5_veg_groups_shp.lyr","LIST_TASVEG_50_STATEWIDE/TASVEG_5_veg_groups_shp.lyr","TASVEG_5_veg_groups_shp.lyr",FALSE,12288,,11776,"2025-08-22T04:54:18Z","""1660cde-2e00-63cecff927280""",200,"2026-09-09T13:41:08Z"
"https://listdata.thelist.tas.gov.au/opendata/data/LIST_TASVEG_50_STATEWIDE/TASVEG_5_veg_groups.lyr","LIST_TASVEG_50_STATEWIDE/TASVEG_5_veg_groups.lyr","TASVEG_5_veg_groups.lyr",FALSE,13312,,12800,"2025-08-22T04:55:04Z","""1660cdd-3200-63ced02505a00""",200,"2026-09-09T13:41:08Z"
"https://listdata.thelist.tas.gov.au/opendata/data/LIST_TASVEG_50_STATEWIDE/TASVEG_5_vegcode.lyr","LIST_TASVEG_50_STATEWIDE/TASVEG_5_vegcode.lyr","TASVEG_5_vegcode.lyr",FALSE,166912,,166400,"2025-11-30T23:43:14Z","""1660cdf-28a00-644d86d154880""",200,"2026-09-09T13:41:08Z"
"https://listdata.thelist.tas.gov.au/opendata/data/LIST_TASWATER_DRINKING_CATCH_STATEWIDE.zip","LIST_TASWATER_DRINKING_CATCH_STATEWIDE.zip","LIST_TASWATER_DRINKING_CATCH_STATEWIDE.zip",FALSE,2202009.6,"2023-06-09T19:13:00+1000",2217888,"2025-07-17T23:48:22Z","""1660926-21d7a0-63a28a507f209""",200,"2026-09-09T13:41:08Z"
"https://listdata.thelist.tas.gov.au/opendata/data/LIST_TASWATER_RW_MAIN_STATEWIDE.zip","LIST_TASWATER_RW_MAIN_STATEWIDE.zip","LIST_TASWATER_RW_MAIN_STATEWIDE.zip",FALSE,343040,"2023-06-09T19:30:00+1000",342912,"2025-07-17T23:42:49Z","""16607e8-53b80-63a28912fbf10""",200,"2026-09-09T13:41:08Z"
"https://listdata.thelist.tas.gov.au/opendata/data/LIST_TASWATER_RW_NETWORK_STATEWIDE.zip","LIST_TASWATER_RW_NETWORK_STATEWIDE.zip","LIST_TASWATER_RW_NETWORK_STATEWIDE.zip",FALSE,41984,"2023-06-09T19:50:00+1000",42145,"2025-07-17T23:42:57Z","""1660918-a4a1-63a2891a99231""",200,"2026-09-09T13:41:08Z"
"https://listdata.thelist.tas.gov.au/opendata/data/LIST_TASWATER_S_LATERALLINE_STATEWIDE.zip","LIST_TASWATER_S_LATERALLINE_STATEWIDE.zip","LIST_TASWATER_S_LATERALLINE_STATEWIDE.zip",FALSE,34603008,"2025-07-10T12:52:00+1000",34267586,"2025-07-17T23:46:57Z","""1660c28-20ae1c2-63a289ffd7af6""",200,"2026-09-09T13:41:08Z"
"https://listdata.thelist.tas.gov.au/opendata/data/LIST_TASWATER_S_MAIN_STATEWIDE.zip","LIST_TASWATER_S_MAIN_STATEWIDE.zip","LIST_TASWATER_S_MAIN_STATEWIDE.zip",FALSE,39845888,"2025-07-10T12:41:00+1000",40340833,"2025-07-17T23:43:40Z","""1660919-2678d61-63a28943967a1""",200,"2026-09-09T13:41:08Z"
"https://listdata.thelist.tas.gov.au/opendata/data/LIST_TASWATER_S_MAINTENANCE_STATEWIDE.zip","LIST_TASWATER_S_MAINTENANCE_STATEWIDE.zip","LIST_TASWATER_S_MAINTENANCE_STATEWIDE.zip",FALSE,18874368,"2025-07-10T12:52:00+1000",19025908,"2025-07-17T23:44:16Z","""166091a-1224ff4-63a2896614c11""",200,"2026-09-09T13:41:08Z"
"https://listdata.thelist.tas.gov.au/opendata/data/LIST_TASWATER_S_NETWORK_STATEWIDE.zip","LIST_TASWATER_S_NETWORK_STATEWIDE.zip","LIST_TASWATER_S_NETWORK_STATEWIDE.zip",FALSE,274432,"2025-07-10T12:49:00+1000",274258,"2025-07-17T23:44:26Z","""166091b-42f52-63a289703eb82""",200,"2026-09-09T13:41:08Z"
"https://listdata.thelist.tas.gov.au/opendata/data/LIST_TASWATER_S_PRES_MAIN_STATEWIDE.zip","LIST_TASWATER_S_PRES_MAIN_STATEWIDE.zip","LIST_TASWATER_S_PRES_MAIN_STATEWIDE.zip",FALSE,1258291.2,"2025-07-10T12:51:00+1000",1244678,"2025-07-17T23:44:36Z","""166091c-12fe06-63a28979864a7""",200,"2026-09-09T13:41:08Z"
"https://listdata.thelist.tas.gov.au/opendata/data/LIST_TASWATER_SEWER_SERVICED_LAND_STATEWIDE.zip","LIST_TASWATER_SEWER_SERVICED_LAND_STATEWIDE.zip","LIST_TASWATER_SEWER_SERVICED_LAND_STATEWIDE.zip",FALSE,13631488,"2023-06-09T19:37:00+1000",14112454,"2025-07-17T23:42:24Z","""1660915-d756c6-63a288fb8e31b""",200,"2026-09-09T13:41:08Z"
"https://listdata.thelist.tas.gov.au/opendata/data/LIST_TASWATER_SS_LATERALLINE_STATEWIDE.zip","LIST_TASWATER_SS_LATERALLINE_STATEWIDE.zip","LIST_TASWATER_SS_LATERALLINE_STATEWIDE.zip",FALSE,15728640,"2023-06-09T19:45:00+1000",15694610,"2023-06-08T09:28:58Z","""1660924-ef7b12-5fd9ae1ca1d5f""",200,"2026-09-09T13:41:08Z"
"https://listdata.thelist.tas.gov.au/opendata/data/LIST_TASWATER_SW_MAIN_STATEWIDE.zip","LIST_TASWATER_SW_MAIN_STATEWIDE.zip","LIST_TASWATER_SW_MAIN_STATEWIDE.zip",FALSE,1048576,"2023-06-09T19:32:00+1000",1090874,"2025-07-17T23:44:47Z","""166091d-10a53a-63a28983ff0bc""",200,"2026-09-09T13:41:08Z"
"https://listdata.thelist.tas.gov.au/opendata/data/LIST_TASWATER_SW_MAINTENANCE_STATEWIDE.zip","LIST_TASWATER_SW_MAINTENANCE_STATEWIDE.zip","LIST_TASWATER_SW_MAINTENANCE_STATEWIDE.zip",FALSE,228352,"2023-06-09T19:20:00+1000",228844,"2025-07-17T23:44:56Z","""166091e-37dec-63a2898c9edcc""",200,"2026-09-09T13:41:08Z"
"https://listdata.thelist.tas.gov.au/opendata/data/LIST_TASWATER_SW_NETWORK_STATEWIDE.zip","LIST_TASWATER_SW_NETWORK_STATEWIDE.zip","LIST_TASWATER_SW_NETWORK_STATEWIDE.zip",FALSE,32768,"2023-06-09T19:24:00+1000",33122,"2025-07-17T23:45:04Z","""166091f-8162-63a2899412b7f""",200,"2026-09-09T13:41:08Z"
"https://listdata.thelist.tas.gov.au/opendata/data/LIST_TASWATER_SW_PRES_MAIN_BREAK_O_DAY.zip","LIST_TASWATER_SW_PRES_MAIN_BREAK_O_DAY.zip","LIST_TASWATER_SW_PRES_MAIN_BREAK_O_DAY.zip",FALSE,1887436.8,"2023-06-09T19:17:00+1000",1868857,"2023-06-09T09:49:23Z","""1660c6d-1c8439-5fdaf48a8dc87""",200,"2026-09-09T13:41:08Z"
"https://listdata.thelist.tas.gov.au/opendata/data/LIST_TASWATER_SW_PRES_MAIN_BRIGHTON.zip","LIST_TASWATER_SW_PRES_MAIN_BRIGHTON.zip","LIST_TASWATER_SW_PRES_MAIN_BRIGHTON.zip",FALSE,606208,"2023-06-09T19:19:00+1000",605832,"2023-06-09T09:29:08Z","""1660c5f-93e88-5fdaf003571b6""",200,"2026-09-09T13:41:08Z"
"https://listdata.thelist.tas.gov.au/opendata/data/LIST_TASWATER_SW_PRES_MAIN_BURNIE.zip","LIST_TASWATER_SW_PRES_MAIN_BURNIE.zip","LIST_TASWATER_SW_PRES_MAIN_BURNIE.zip",FALSE,993280,"2023-06-09T19:42:00+1000",993110,"2023-06-09T09:27:41Z","""1660c5e-f2756-5fdaefb100c06""",200,"2026-09-09T13:41:08Z"
"https://listdata.thelist.tas.gov.au/opendata/data/LIST_TASWATER_SW_PRES_MAIN_CENTRAL_COAST.zip","LIST_TASWATER_SW_PRES_MAIN_CENTRAL_COAST.zip","LIST_TASWATER_SW_PRES_MAIN_CENTRAL_COAST.zip",FALSE,1258291.2,"2023-06-09T19:39:00+1000",1276066,"2023-06-09T09:16:06Z","""1660c56-1378a2-5fdaed19ef130""",200,"2026-09-09T13:41:08Z"
"https://listdata.thelist.tas.gov.au/opendata/data/LIST_TASWATER_SW_PRES_MAIN_CENTRAL_HIGHLANDS.zip","LIST_TASWATER_SW_PRES_MAIN_CENTRAL_HIGHLANDS.zip","LIST_TASWATER_SW_PRES_MAIN_CENTRAL_HIGHLANDS.zip",FALSE,960512,"2023-06-09T19:43:00+1000",960639,"2023-06-09T09:53:46Z","""1660c70-ea87f-5fdaf585342bb""",200,"2026-09-09T13:41:08Z"
"https://listdata.thelist.tas.gov.au/opendata/data/LIST_TASWATER_SW_PRES_MAIN_CIRCULAR_HEAD.zip","LIST_TASWATER_SW_PRES_MAIN_CIRCULAR_HEAD.zip","LIST_TASWATER_SW_PRES_MAIN_CIRCULAR_HEAD.zip",FALSE,7654604.8,"2023-06-09T19:21:00+1000",7602347,"2023-06-09T09:13:14Z","""1660c54-7400ab-5fdaec76321e6""",200,"2026-09-09T13:41:08Z"
"https://listdata.thelist.tas.gov.au/opendata/data/LIST_TASWATER_SW_PRES_MAIN_CLARENCE.zip","LIST_TASWATER_SW_PRES_MAIN_CLARENCE.zip","LIST_TASWATER_SW_PRES_MAIN_CLARENCE.zip",FALSE,1258291.2,"2023-06-09T19:46:00+1000",1260137,"2023-06-09T09:30:35Z","""1660c60-133a69-5fdaf0569f00c""",200,"2026-09-09T13:41:08Z"
"https://listdata.thelist.tas.gov.au/opendata/data/LIST_TASWATER_SW_PRES_MAIN_DERWENT_VALLEY.zip","LIST_TASWATER_SW_PRES_MAIN_DERWENT_VALLEY.zip","LIST_TASWATER_SW_PRES_MAIN_DERWENT_VALLEY.zip",FALSE,778240,"2023-06-09T19:40:00+1000",777902,"2023-06-09T09:50:49Z","""1660c6e-bdeae-5fdaf4dc2d987""",200,"2026-09-09T13:41:08Z"
"https://listdata.thelist.tas.gov.au/opendata/data/LIST_TASWATER_SW_PRES_MAIN_DEVONPORT.zip","LIST_TASWATER_SW_PRES_MAIN_DEVONPORT.zip","LIST_TASWATER_SW_PRES_MAIN_DEVONPORT.zip",FALSE,707584,"2023-06-09T19:48:00+1000",707116,"2023-06-09T09:37:46Z","""1660c65-aca2c-5fdaf1f16a1f9""",200,"2026-09-09T13:41:08Z"
"https://listdata.thelist.tas.gov.au/opendata/data/LIST_TASWATER_SW_PRES_MAIN_DORSET.zip","LIST_TASWATER_SW_PRES_MAIN_DORSET.zip","LIST_TASWATER_SW_PRES_MAIN_DORSET.zip",FALSE,2202009.6,"2023-06-09T19:36:00+1000",2158278,"2023-06-09T09:45:00Z","""1660c6a-20eec6-5fdaf38ff420f""",200,"2026-09-09T13:41:08Z"
"https://listdata.thelist.tas.gov.au/opendata/data/LIST_TASWATER_SW_PRES_MAIN_FLINDERS.zip","LIST_TASWATER_SW_PRES_MAIN_FLINDERS.zip","LIST_TASWATER_SW_PRES_MAIN_FLINDERS.zip",FALSE,9751756.8,"2023-06-09T19:34:00+1000",9783905,"2023-06-09T09:20:31Z","""1660c59-954a61-5fdaee1682c70""",200,"2026-09-09T13:41:08Z"
"https://listdata.thelist.tas.gov.au/opendata/data/LIST_TASWATER_SW_PRES_MAIN_GEORGE_TOWN.zip","LIST_TASWATER_SW_PRES_MAIN_GEORGE_TOWN.zip","LIST_TASWATER_SW_PRES_MAIN_GEORGE_TOWN.zip",FALSE,1363148.8,"2023-06-09T19:52:00+1000",1338234,"2023-06-09T09:32:01Z","""1660c61-146b7a-5fdaf0a85cee4""",200,"2026-09-09T13:41:08Z"
"https://listdata.thelist.tas.gov.au/opendata/data/LIST_TASWATER_SW_PRES_MAIN_GLAMORGAN_SPRING_BAY.zip","LIST_TASWATER_SW_PRES_MAIN_GLAMORGAN_SPRING_BAY.zip","LIST_TASWATER_SW_PRES_MAIN_GLAMORGAN_SPRING_BAY.zip",FALSE,4928307.2,"2025-07-18T09:45:00+1000",4903842,"2023-06-09T09:24:51Z","""1660c5c-4ad3a2-5fdaef0e72830""",200,"2026-09-09T13:41:08Z"
"https://listdata.thelist.tas.gov.au/opendata/data/LIST_TASWATER_SW_PRES_MAIN_GLENORCHY.zip","LIST_TASWATER_SW_PRES_MAIN_GLENORCHY.zip","LIST_TASWATER_SW_PRES_MAIN_GLENORCHY.zip",FALSE,655360,"2023-06-09T19:14:00+1000",655333,"2023-06-09T09:17:39Z","""1660c57-9ffe5-5fdaed729eea4""",200,"2026-09-09T13:41:08Z"
"https://listdata.thelist.tas.gov.au/opendata/data/LIST_TASWATER_SW_PRES_MAIN_HOBART.zip","LIST_TASWATER_SW_PRES_MAIN_HOBART.zip","LIST_TASWATER_SW_PRES_MAIN_HOBART.zip",FALSE,592896,"2023-06-09T19:33:00+1000",593085,"2023-06-09T09:19:07Z","""1660c58-90cbd-5fdaedc62e7ac""",200,"2026-09-09T13:41:08Z"
"https://listdata.thelist.tas.gov.au/opendata/data/LIST_TASWATER_SW_PRES_MAIN_HUON_VALLEY.zip","LIST_TASWATER_SW_PRES_MAIN_HUON_VALLEY.zip","LIST_TASWATER_SW_PRES_MAIN_HUON_VALLEY.zip",FALSE,5138022.4,"2023-06-09T19:23:00+1000",5132163,"2023-06-09T09:42:05Z","""1660c68-4e4f83-5fdaf2e9022f7""",200,"2026-09-09T13:41:08Z"
"https://listdata.thelist.tas.gov.au/opendata/data/LIST_TASWATER_SW_PRES_MAIN_KENTISH.zip","LIST_TASWATER_SW_PRES_MAIN_KENTISH.zip","LIST_TASWATER_SW_PRES_MAIN_KENTISH.zip",FALSE,704512,"2023-06-09T19:26:00+1000",704693,"2023-06-09T09:39:12Z","""1660c66-ac0b5-5fdaf2437b99c""",200,"2026-09-09T13:41:08Z"
"https://listdata.thelist.tas.gov.au/opendata/data/LIST_TASWATER_SW_PRES_MAIN_KING_ISLAND.zip","LIST_TASWATER_SW_PRES_MAIN_KING_ISLAND.zip","LIST_TASWATER_SW_PRES_MAIN_KING_ISLAND.zip",FALSE,4404019.2,"2025-07-18T09:44:00+1000",4418797,"2023-06-09T09:21:57Z","""1660c5a-436ced-5fdaee68ccbcd""",200,"2026-09-09T13:41:08Z"
"https://listdata.thelist.tas.gov.au/opendata/data/LIST_TASWATER_SW_PRES_MAIN_KINGBOROUGH.zip","LIST_TASWATER_SW_PRES_MAIN_KINGBOROUGH.zip","LIST_TASWATER_SW_PRES_MAIN_KINGBOROUGH.zip",FALSE,2411724.8,"2025-07-18T09:46:00+1000",2439623,"2023-06-09T09:43:31Z","""1660c69-2539c7-5fdaf33af0466""",200,"2026-09-09T13:41:08Z"
"https://listdata.thelist.tas.gov.au/opendata/data/LIST_TASWATER_SW_PRES_MAIN_LATROBE.zip","LIST_TASWATER_SW_PRES_MAIN_LATROBE.zip","LIST_TASWATER_SW_PRES_MAIN_LATROBE.zip",FALSE,864256,"2025-07-18T09:43:00+1000",864221,"2023-06-09T09:46:26Z","""1660c6b-d2fdd-5fdaf3e16d2e7""",200,"2026-09-09T13:41:08Z"
"https://listdata.thelist.tas.gov.au/opendata/data/LIST_TASWATER_SW_PRES_MAIN_LAUNCESTON.zip","LIST_TASWATER_SW_PRES_MAIN_LAUNCESTON.zip","LIST_TASWATER_SW_PRES_MAIN_LAUNCESTON.zip",FALSE,712704,"2025-07-18T09:44:00+1000",712764,"2023-06-09T09:40:39Z","""1660c67-ae03c-5fdaf296991bd""",200,"2026-09-09T13:41:08Z"
"https://listdata.thelist.tas.gov.au/opendata/data/LIST_TASWATER_SW_PRES_MAIN_MEANDER_VALLEY.zip","LIST_TASWATER_SW_PRES_MAIN_MEANDER_VALLEY.zip","LIST_TASWATER_SW_PRES_MAIN_MEANDER_VALLEY.zip",FALSE,896000,"2025-07-18T09:44:00+1000",896301,"2023-06-09T09:48:00Z","""1660c6c-dad2d-5fdaf43b184f0""",200,"2026-09-09T13:41:08Z"
"https://listdata.thelist.tas.gov.au/opendata/data/LIST_TASWATER_SW_PRES_MAIN_NORTHERN_MIDLANDS.zip","LIST_TASWATER_SW_PRES_MAIN_NORTHERN_MIDLANDS.zip","LIST_TASWATER_SW_PRES_MAIN_NORTHERN_MIDLANDS.zip",FALSE,814080,"2025-07-18T09:42:00+1000",813781,"2023-06-09T09:36:18Z","""1660c64-c6ad5-5fdaf19d622bc""",200,"2026-09-09T13:41:08Z"
"https://listdata.thelist.tas.gov.au/opendata/data/LIST_TASWATER_SW_PRES_MAIN_SORELL.zip","LIST_TASWATER_SW_PRES_MAIN_SORELL.zip","LIST_TASWATER_SW_PRES_MAIN_SORELL.zip",FALSE,765952,"2025-07-18T09:45:00+1000",766321,"2023-06-09T09:34:52Z","""1660c63-bb171-5fdaf14b55b90""",200,"2026-09-09T13:41:08Z"
"https://listdata.thelist.tas.gov.au/opendata/data/LIST_TASWATER_SW_PRES_MAIN_SOUTHERN_MIDLANDS.zip","LIST_TASWATER_SW_PRES_MAIN_SOUTHERN_MIDLANDS.zip","LIST_TASWATER_SW_PRES_MAIN_SOUTHERN_MIDLANDS.zip",FALSE,754688,"2025-07-18T09:48:00+1000",754863,"2023-06-09T09:52:17Z","""1660c6f-b84af-5fdaf53033328""",200,"2026-09-09T13:41:08Z"
"https://listdata.thelist.tas.gov.au/opendata/data/LIST_TASWATER_SW_PRES_MAIN_STATEWIDE.zip","LIST_TASWATER_SW_PRES_MAIN_STATEWIDE.zip","LIST_TASWATER_SW_PRES_MAIN_STATEWIDE.zip",FALSE,37888,"2025-07-18T09:48:00+1000",37660,"2025-07-17T23:45:12Z","""1660920-931c-63a2899c1744f""",200,"2026-09-09T13:41:08Z"
"https://listdata.thelist.tas.gov.au/opendata/data/LIST_TASWATER_SW_PRES_MAIN_TASMAN.zip","LIST_TASWATER_SW_PRES_MAIN_TASMAN.zip","LIST_TASWATER_SW_PRES_MAIN_TASMAN.zip",FALSE,3565158.4,"2025-07-18T09:46:00+1000",3589039,"2023-06-09T09:14:39Z","""1660c55-36c3af-5fdaecc75411a""",200,"2026-09-09T13:41:08Z"
"https://listdata.thelist.tas.gov.au/opendata/data/LIST_TASWATER_SW_PRES_MAIN_WARATAH_WYNYARD.zip","LIST_TASWATER_SW_PRES_MAIN_WARATAH_WYNYARD.zip","LIST_TASWATER_SW_PRES_MAIN_WARATAH_WYNYARD.zip",FALSE,1258291.2,"2025-07-18T09:46:00+1000",1281287,"2023-06-09T09:33:32Z","""1660c62-138d07-5fdaf0ff17c35""",200,"2026-09-09T13:41:08Z"
"https://listdata.thelist.tas.gov.au/opendata/data/LIST_TASWATER_SW_PRES_MAIN_WEST_COAST.zip","LIST_TASWATER_SW_PRES_MAIN_WEST_COAST.zip","LIST_TASWATER_SW_PRES_MAIN_WEST_COAST.zip",FALSE,8074035.2,"2026-06-05T15:46:00+1000",8072842,"2023-06-09T09:23:25Z","""1660c5b-7b2e8a-5fdaeebc68e01""",200,"2026-09-09T13:41:08Z"
"https://listdata.thelist.tas.gov.au/opendata/data/LIST_TASWATER_SW_PRES_MAIN_WEST_TAMAR.zip","LIST_TASWATER_SW_PRES_MAIN_WEST_TAMAR.zip","LIST_TASWATER_SW_PRES_MAIN_WEST_TAMAR.zip",FALSE,1153433.6,"2026-05-28T17:02:00+1000",1102912,"2023-06-09T09:26:14Z","""1660c5d-10d440-5fdaef5d71167""",200,"2026-09-09T13:41:08Z"
"https://listdata.thelist.tas.gov.au/opendata/data/LIST_TASWATER_W_HYDRANT_STATEWIDE.zip","LIST_TASWATER_W_HYDRANT_STATEWIDE.zip","LIST_TASWATER_W_HYDRANT_STATEWIDE.zip",FALSE,6501171.2,"2025-07-10T12:53:00+1000",6455719,"2025-07-17T23:45:29Z","""1660921-6281a7-63a289ab9a1ca""",200,"2026-09-09T13:41:08Z"
"https://listdata.thelist.tas.gov.au/opendata/data/LIST_TASWATER_W_INTAKE_STATEWIDE.zip","LIST_TASWATER_W_INTAKE_STATEWIDE.zip","LIST_TASWATER_W_INTAKE_STATEWIDE.zip",FALSE,56320,"2025-07-10T12:51:00+1000",56207,"2025-07-17T23:48:30Z","""1660927-db8f-63a28a5851573""",200,"2026-09-09T13:41:08Z"
"https://listdata.thelist.tas.gov.au/opendata/data/LIST_TASWATER_W_LATERALLINE_STATEWIDE.zip","LIST_TASWATER_W_LATERALLINE_STATEWIDE.zip","LIST_TASWATER_W_LATERALLINE_STATEWIDE.zip",FALSE,63963136,"2025-07-10T12:49:00+1000",63476195,"2025-07-17T23:48:09Z","""1660925-3c891e3-63a28a4442f29""",200,"2026-09-09T13:41:08Z"
"https://listdata.thelist.tas.gov.au/opendata/data/LIST_TASWATER_W_MAIN_STATEWIDE.zip","LIST_TASWATER_W_MAIN_STATEWIDE.zip","LIST_TASWATER_W_MAIN_STATEWIDE.zip",FALSE,37748736,"2025-07-10T12:42:00+1000",37526756,"2025-07-17T23:46:04Z","""1660922-23c9ce4-63a289cd3cac3""",200,"2026-09-09T13:41:08Z"
"https://listdata.thelist.tas.gov.au/opendata/data/LIST_TASWATER_W_NETWORK_STATEWIDE.zip","LIST_TASWATER_W_NETWORK_STATEWIDE.zip","LIST_TASWATER_W_NETWORK_STATEWIDE.zip",FALSE,234496,"2025-07-10T12:47:00+1000",234340,"2025-07-17T23:46:16Z","""1660923-39364-63a289d8b6807""",200,"2026-09-09T13:41:08Z"
"https://listdata.thelist.tas.gov.au/opendata/data/LIST_TASWATER_WATER_SERVICED_LAND_STATEWIDE.zip","LIST_TASWATER_WATER_SERVICED_LAND_STATEWIDE.zip","LIST_TASWATER_WATER_SERVICED_LAND_STATEWIDE.zip",FALSE,18874368,"2025-07-10T12:42:00+1000",19337640,"2025-07-17T23:42:38Z","""1660916-12711a8-63a289094030c""",200,"2026-09-09T13:41:08Z"
"https://listdata.thelist.tas.gov.au/opendata/data/LIST_THREATENED_NATIVE_VEGETATION_COMMUNITIES_2020_STATEWIDE.zip","LIST_THREATENED_NATIVE_VEGETATION_COMMUNITIES_2020_STATEWIDE.zip","LIST_THREATENED_NATIVE_VEGETATION_COMMUNITIES_2020_STATEWIDE.zip",FALSE,62914560,"2025-07-10T12:48:00+1000",62531191,"2026-06-05T05:46:19Z","""1660ce8-3ba2677-6537b2e1274db""",200,"2026-09-09T13:41:08Z"
"https://listdata.thelist.tas.gov.au/opendata/data/LIST_THREATENED_NATIVE_VEGETATION_COMMUNITIES_2025_STATEWIDE.zip","LIST_THREATENED_NATIVE_VEGETATION_COMMUNITIES_2025_STATEWIDE.zip","LIST_THREATENED_NATIVE_VEGETATION_COMMUNITIES_2025_STATEWIDE.zip",FALSE,111149056,"2025-07-10T12:50:00+1000",110771161,"2026-05-28T07:02:19Z","""166070e-69a3bd9-652db4f2995bc""",200,"2026-09-09T13:41:08Z"
"https://listdata.thelist.tas.gov.au/opendata/data/LIST_TRANSPORT_NODES_BREAK_O_DAY.zip","LIST_TRANSPORT_NODES_BREAK_O_DAY.zip","LIST_TRANSPORT_NODES_BREAK_O_DAY.zip",FALSE,26214400,"2025-07-10T12:43:00+1000",26309635,"2025-07-10T02:52:25Z","""166050d-1917403-6398a488c9aa3""",200,"2026-09-09T13:41:08Z"
"https://listdata.thelist.tas.gov.au/opendata/data/LIST_TRANSPORT_NODES_BRIGHTON.zip","LIST_TRANSPORT_NODES_BRIGHTON.zip","LIST_TRANSPORT_NODES_BRIGHTON.zip",FALSE,12582912,"2025-07-10T12:45:00+1000",12355768,"2025-07-10T02:52:45Z","""166050e-bc88b8-6398a49bf6972""",200,"2026-09-09T13:41:08Z"
"https://listdata.thelist.tas.gov.au/opendata/data/LIST_TRANSPORT_NODES_BURNIE.zip","LIST_TRANSPORT_NODES_BURNIE.zip","LIST_TRANSPORT_NODES_BURNIE.zip",FALSE,15728640,"2025-07-10T12:41:00+1000",15319458,"2025-07-10T02:41:26Z","""166050f-e9c1a2-6398a21402582""",200,"2026-09-09T13:41:08Z"
"https://listdata.thelist.tas.gov.au/opendata/data/LIST_TRANSPORT_NODES_CENTRAL_COAST.zip","LIST_TRANSPORT_NODES_CENTRAL_COAST.zip","LIST_TRANSPORT_NODES_CENTRAL_COAST.zip",FALSE,19922944,"2025-07-10T12:43:00+1000",19874057,"2025-07-10T02:49:36Z","""1660510-12f4109-6398a3e6fd208""",200,"2026-09-09T13:41:08Z"
"https://listdata.thelist.tas.gov.au/opendata/data/LIST_TRANSPORT_NODES_CENTRAL_HIGHLANDS.zip","LIST_TRANSPORT_NODES_CENTRAL_HIGHLANDS.zip","LIST_TRANSPORT_NODES_CENTRAL_HIGHLANDS.zip",FALSE,30408704,"2025-07-10T12:45:00+1000",29927274,"2025-07-10T02:51:28Z","""1660511-1c8a76a-6398a4528da6c""",200,"2026-09-09T13:41:08Z"
"https://listdata.thelist.tas.gov.au/opendata/data/LIST_TRANSPORT_NODES_CIRCULAR_HEAD.zip","LIST_TRANSPORT_NODES_CIRCULAR_HEAD.zip","LIST_TRANSPORT_NODES_CIRCULAR_HEAD.zip",FALSE,33554432,"2025-07-10T12:47:00+1000",33474511,"2025-07-10T02:42:01Z","""1660512-1fec7cf-6398a23544fbf""",200,"2026-09-09T13:41:08Z"
"https://listdata.thelist.tas.gov.au/opendata/data/LIST_TRANSPORT_NODES_CLARENCE.zip","LIST_TRANSPORT_NODES_CLARENCE.zip","LIST_TRANSPORT_NODES_CLARENCE.zip",FALSE,31457280,"2025-07-10T12:44:00+1000",31364068,"2025-07-10T02:53:23Z","""1660513-1de93e4-6398a4bfbfea8""",200,"2026-09-09T13:41:08Z"
"https://listdata.thelist.tas.gov.au/opendata/data/LIST_TRANSPORT_NODES_DERWENT_VALLEY.zip","LIST_TRANSPORT_NODES_DERWENT_VALLEY.zip","LIST_TRANSPORT_NODES_DERWENT_VALLEY.zip",FALSE,18874368,"2025-07-10T12:46:00+1000",18467297,"2025-07-10T02:51:53Z","""1660514-119c9e1-6398a46a84be8""",200,"2026-09-09T13:41:08Z"
"https://listdata.thelist.tas.gov.au/opendata/data/LIST_TRANSPORT_NODES_DEVONPORT.zip","LIST_TRANSPORT_NODES_DEVONPORT.zip","LIST_TRANSPORT_NODES_DEVONPORT.zip",FALSE,10171187.2,"2025-07-10T12:44:00+1000",10172048,"2025-07-10T02:49:56Z","""1660515-9b3690-6398a3fa4fe04""",200,"2026-09-09T13:41:08Z"
"https://listdata.thelist.tas.gov.au/opendata/data/LIST_TRANSPORT_NODES_DORSET.zip","LIST_TRANSPORT_NODES_DORSET.zip","LIST_TRANSPORT_NODES_DORSET.zip",FALSE,23068672,"2025-07-10T12:48:00+1000",23101486,"2025-07-10T02:42:29Z","""1660516-160802e-6398a2500111d""",200,"2026-09-09T13:41:08Z"
"https://listdata.thelist.tas.gov.au/opendata/data/LIST_TRANSPORT_NODES_FLINDERS.zip","LIST_TRANSPORT_NODES_FLINDERS.zip","LIST_TRANSPORT_NODES_FLINDERS.zip",FALSE,15728640,"2025-07-10T12:49:00+1000",16022491,"2025-07-10T02:47:14Z","""1660517-f47bdb-6398a35feec3b""",200,"2026-09-09T13:41:08Z"
"https://listdata.thelist.tas.gov.au/opendata/data/LIST_TRANSPORT_NODES_GEORGE_TOWN.zip","LIST_TRANSPORT_NODES_GEORGE_TOWN.zip","LIST_TRANSPORT_NODES_GEORGE_TOWN.zip",FALSE,11534336,"2025-07-10T12:46:00+1000",11537596,"2025-07-10T02:48:11Z","""1660518-b00cbc-6398a3962965e""",200,"2026-09-09T13:41:08Z"
"https://listdata.thelist.tas.gov.au/opendata/data/LIST_TRANSPORT_NODES_GLAMORGAN_SPRING_BAY.zip","LIST_TRANSPORT_NODES_GLAMORGAN_SPRING_BAY.zip","LIST_TRANSPORT_NODES_GLAMORGAN_SPRING_BAY.zip",FALSE,22020096,"2025-07-10T12:43:00+1000",22266689,"2025-07-10T02:50:50Z","""1660519-153c341-6398a42de39f5""",200,"2026-09-09T13:41:08Z"
"https://listdata.thelist.tas.gov.au/opendata/data/LIST_TRANSPORT_NODES_GLENORCHY.zip","LIST_TRANSPORT_NODES_GLENORCHY.zip","LIST_TRANSPORT_NODES_GLENORCHY.zip",FALSE,14680064,"2025-07-10T12:42:00+1000",15156882,"2025-07-10T02:43:39Z","""166051a-e74692-6398a2934a417""",200,"2026-09-09T13:41:08Z"
"https://listdata.thelist.tas.gov.au/opendata/data/LIST_TRANSPORT_NODES_HOBART.zip","LIST_TRANSPORT_NODES_HOBART.zip","LIST_TRANSPORT_NODES_HOBART.zip",FALSE,16777216,"2025-07-10T12:47:00+1000",17233078,"2025-07-10T02:45:14Z","""166051b-106f4b6-6398a2ee0069a""",200,"2026-09-09T13:41:08Z"
"https://listdata.thelist.tas.gov.au/opendata/data/LIST_TRANSPORT_NODES_HUON_VALLEY.zip","LIST_TRANSPORT_NODES_HUON_VALLEY.zip","LIST_TRANSPORT_NODES_HUON_VALLEY.zip",FALSE,33554432,"2025-07-10T12:50:00+1000",33065491,"2025-07-10T02:41:04Z","""166051c-1f88a13-6398a1fedbbe6""",200,"2026-09-09T13:41:08Z"
"https://listdata.thelist.tas.gov.au/opendata/data/LIST_TRANSPORT_NODES_KENTISH.zip","LIST_TRANSPORT_NODES_KENTISH.zip","LIST_TRANSPORT_NODES_KENTISH.zip",FALSE,13631488,"2025-07-11T08:30:00+1000",13931562,"2025-07-10T02:43:18Z","""166051d-d4942a-6398a27f1dff9""",200,"2026-09-09T13:41:08Z"
"https://listdata.thelist.tas.gov.au/opendata/data/LIST_TRANSPORT_NODES_KING_ISLAND.zip","LIST_TRANSPORT_NODES_KING_ISLAND.zip","LIST_TRANSPORT_NODES_KING_ISLAND.zip",FALSE,10485760,"2025-07-11T08:16:00+1000",10664769,"2025-07-10T02:47:30Z","""166051e-a2bb41-6398a36f29bb3""",200,"2026-09-09T13:41:08Z"
"https://listdata.thelist.tas.gov.au/opendata/data/LIST_TRANSPORT_NODES_KINGBOROUGH.zip","LIST_TRANSPORT_NODES_KINGBOROUGH.zip","LIST_TRANSPORT_NODES_KINGBOROUGH.zip",FALSE,29360128,"2025-07-11T08:30:00+1000",29219030,"2025-07-10T02:45:49Z","""166051f-1bdd8d6-6398a30f15ec9""",200,"2026-09-09T13:41:08Z"
"https://listdata.thelist.tas.gov.au/opendata/data/LIST_TRANSPORT_NODES_LATROBE.zip","LIST_TRANSPORT_NODES_LATROBE.zip","LIST_TRANSPORT_NODES_LATROBE.zip",FALSE,13631488,"2025-07-11T08:26:00+1000",13136269,"2025-07-10T02:44:16Z","""1660520-c8718d-6398a2b628fa7""",200,"2026-09-09T13:41:08Z"
"https://listdata.thelist.tas.gov.au/opendata/data/LIST_TRANSPORT_NODES_LAUNCESTON.zip","LIST_TRANSPORT_NODES_LAUNCESTON.zip","LIST_TRANSPORT_NODES_LAUNCESTON.zip",FALSE,32505856,"2025-07-11T08:29:00+1000",32992476,"2025-07-10T02:46:32Z","""1660521-1f76cdc-6398a337c00b7""",200,"2026-09-09T13:41:08Z"
"https://listdata.thelist.tas.gov.au/opendata/data/LIST_TRANSPORT_NODES_MEANDER_VALLEY.zip","LIST_TRANSPORT_NODES_MEANDER_VALLEY.zip","LIST_TRANSPORT_NODES_MEANDER_VALLEY.zip",FALSE,29360128,"2025-07-11T08:17:00+1000",29124134,"2025-07-10T02:44:52Z","""1660522-1bc6626-6398a2d893abd""",200,"2026-09-09T13:41:08Z"
"https://listdata.thelist.tas.gov.au/opendata/data/LIST_TRANSPORT_NODES_NORTHERN_MIDLANDS.zip","LIST_TRANSPORT_NODES_NORTHERN_MIDLANDS.zip","LIST_TRANSPORT_NODES_NORTHERN_MIDLANDS.zip",FALSE,30408704,"2025-07-11T08:31:00+1000",30065151,"2025-07-10T02:48:48Z","""1660523-1cac1ff-6398a3b9d614a""",200,"2026-09-09T13:41:08Z"
"https://listdata.thelist.tas.gov.au/opendata/data/LIST_TRANSPORT_NODES_SORELL.zip","LIST_TRANSPORT_NODES_SORELL.zip","LIST_TRANSPORT_NODES_SORELL.zip",FALSE,14680064,"2025-07-11T08:29:00+1000",14426264,"2025-07-10T02:49:09Z","""1660524-dc2098-6398a3ce22263""",200,"2026-09-09T13:41:08Z"
"https://listdata.thelist.tas.gov.au/opendata/data/LIST_TRANSPORT_NODES_SOUTHERN_MIDLANDS.zip","LIST_TRANSPORT_NODES_SOUTHERN_MIDLANDS.zip","LIST_TRANSPORT_NODES_SOUTHERN_MIDLANDS.zip",FALSE,18874368,"2025-07-11T08:27:00+1000",18415297,"2025-07-10T02:46:57Z","""1660525-118fec1-6398a34f95588""",200,"2026-09-09T13:41:08Z"
"https://listdata.thelist.tas.gov.au/opendata/data/LIST_TRANSPORT_NODES_TASMAN.zip","LIST_TRANSPORT_NODES_TASMAN.zip","LIST_TRANSPORT_NODES_TASMAN.zip",FALSE,12582912,"2025-07-11T08:17:00+1000",12360124,"2025-07-10T02:43:57Z","""1660526-bc99bc-6398a2a3daa9d""",200,"2026-09-09T13:41:08Z"
"https://listdata.thelist.tas.gov.au/opendata/data/LIST_TRANSPORT_NODES_WARATAH_WYNYARD.zip","LIST_TRANSPORT_NODES_WARATAH_WYNYARD.zip","LIST_TRANSPORT_NODES_WARATAH_WYNYARD.zip",FALSE,23068672,"2025-07-11T08:24:00+1000",22806262,"2025-07-10T02:42:58Z","""1660527-15bfef6-6398a26bb799c""",200,"2026-09-09T13:41:08Z"
"https://listdata.thelist.tas.gov.au/opendata/data/LIST_TRANSPORT_NODES_WEST_COAST.zip","LIST_TRANSPORT_NODES_WEST_COAST.zip","LIST_TRANSPORT_NODES_WEST_COAST.zip",FALSE,22020096,"2025-07-11T08:25:00+1000",22485498,"2025-07-10T02:47:52Z","""1660528-15719fa-6398a3847fe77""",200,"2026-09-09T13:41:08Z"
"https://listdata.thelist.tas.gov.au/opendata/data/LIST_TRANSPORT_NODES_WEST_TAMAR.zip","LIST_TRANSPORT_NODES_WEST_TAMAR.zip","LIST_TRANSPORT_NODES_WEST_TAMAR.zip",FALSE,24117248,"2025-07-11T08:28:00+1000",23916942,"2025-07-10T02:50:25Z","""1660529-16cf18e-6398a4164e455""",200,"2026-09-09T13:41:08Z"
"https://listdata.thelist.tas.gov.au/opendata/data/LIST_TRANSPORT_SEGMENTS_BREAK_O_DAY.zip","LIST_TRANSPORT_SEGMENTS_BREAK_O_DAY.zip","LIST_TRANSPORT_SEGMENTS_BREAK_O_DAY.zip",FALSE,38797312,"2025-07-11T08:19:00+1000",39316279,"2025-07-10T22:30:24Z","""166052a-257eb37-6399abd5afc97""",200,"2026-09-09T13:41:08Z"
"https://listdata.thelist.tas.gov.au/opendata/data/LIST_TRANSPORT_SEGMENTS_BRIGHTON.zip","LIST_TRANSPORT_SEGMENTS_BRIGHTON.zip","LIST_TRANSPORT_SEGMENTS_BRIGHTON.zip",FALSE,15728640,"2025-07-11T08:21:00+1000",15923687,"2025-07-10T22:30:48Z","""166052b-f2f9e7-6399abec9e21b""",200,"2026-09-09T13:41:08Z"
"https://listdata.thelist.tas.gov.au/opendata/data/LIST_TRANSPORT_SEGMENTS_BURNIE.zip","LIST_TRANSPORT_SEGMENTS_BURNIE.zip","LIST_TRANSPORT_SEGMENTS_BURNIE.zip",FALSE,19922944,"2025-07-11T08:15:00+1000",20353266,"2025-07-10T22:16:27Z","""166052c-13690f2-6399a8b74bbf6""",200,"2026-09-09T13:41:08Z"
"https://listdata.thelist.tas.gov.au/opendata/data/LIST_TRANSPORT_SEGMENTS_CENTRAL_COAST.zip","LIST_TRANSPORT_SEGMENTS_CENTRAL_COAST.zip","LIST_TRANSPORT_SEGMENTS_CENTRAL_COAST.zip",FALSE,26214400,"2025-07-11T08:18:00+1000",26034311,"2025-07-10T22:26:58Z","""166052d-18d4087-6399ab10d1daf""",200,"2026-09-09T13:41:08Z"
"https://listdata.thelist.tas.gov.au/opendata/data/LIST_TRANSPORT_SEGMENTS_CENTRAL_HIGHLANDS.zip","LIST_TRANSPORT_SEGMENTS_CENTRAL_HIGHLANDS.zip","LIST_TRANSPORT_SEGMENTS_CENTRAL_HIGHLANDS.zip",FALSE,44040192,"2025-07-11T08:21:00+1000",44154331,"2025-07-10T22:29:13Z","""166052e-2a1bddb-6399ab91713cd""",200,"2026-09-09T13:41:08Z"
"https://listdata.thelist.tas.gov.au/opendata/data/LIST_TRANSPORT_SEGMENTS_CIRCULAR_HEAD.zip","LIST_TRANSPORT_SEGMENTS_CIRCULAR_HEAD.zip","LIST_TRANSPORT_SEGMENTS_CIRCULAR_HEAD.zip",FALSE,45088768,"2025-07-11T08:24:00+1000",44991861,"2025-07-10T22:17:09Z","""166052f-2ae8575-6399a8df70987""",200,"2026-09-09T13:41:08Z"
"https://listdata.thelist.tas.gov.au/opendata/data/LIST_TRANSPORT_SEGMENTS_CLARENCE.zip","LIST_TRANSPORT_SEGMENTS_CLARENCE.zip","LIST_TRANSPORT_SEGMENTS_CLARENCE.zip",FALSE,41943040,"2025-07-11T08:19:00+1000",41987474,"2025-07-10T22:31:36Z","""1660530-280ad92-6399ac1a47274""",200,"2026-09-09T13:41:08Z"
"https://listdata.thelist.tas.gov.au/opendata/data/LIST_TRANSPORT_SEGMENTS_DERWENT_VALLEY.zip","LIST_TRANSPORT_SEGMENTS_DERWENT_VALLEY.zip","LIST_TRANSPORT_SEGMENTS_DERWENT_VALLEY.zip",FALSE,26214400,"2025-07-11T08:23:00+1000",26406540,"2025-07-10T22:29:44Z","""1660531-192ee8c-6399abaecd72e""",200,"2026-09-09T13:41:08Z"
"https://listdata.thelist.tas.gov.au/opendata/data/LIST_TRANSPORT_SEGMENTS_DEVONPORT.zip","LIST_TRANSPORT_SEGMENTS_DEVONPORT.zip","LIST_TRANSPORT_SEGMENTS_DEVONPORT.zip",FALSE,13631488,"2025-07-11T08:20:00+1000",13666704,"2025-07-10T22:27:20Z","""1660532-d08990-6399ab25c4172""",200,"2026-09-09T13:41:08Z"
"https://listdata.thelist.tas.gov.au/opendata/data/LIST_TRANSPORT_SEGMENTS_DORSET.zip","LIST_TRANSPORT_SEGMENTS_DORSET.zip","LIST_TRANSPORT_SEGMENTS_DORSET.zip",FALSE,33554432,"2025-07-11T08:26:00+1000",33834674,"2025-07-10T22:17:45Z","""1660533-20446b2-6399a90126251""",200,"2026-09-09T13:41:08Z"
"https://listdata.thelist.tas.gov.au/opendata/data/LIST_TRANSPORT_SEGMENTS_FLINDERS.zip","LIST_TRANSPORT_SEGMENTS_FLINDERS.zip","LIST_TRANSPORT_SEGMENTS_FLINDERS.zip",FALSE,18874368,"2025-07-11T08:26:00+1000",18676527,"2025-07-10T22:24:03Z","""1660534-11cfb2f-6399aa6a03283""",200,"2026-09-09T13:41:08Z"
"https://listdata.thelist.tas.gov.au/opendata/data/LIST_TRANSPORT_SEGMENTS_GEORGE_TOWN.zip","LIST_TRANSPORT_SEGMENTS_GEORGE_TOWN.zip","LIST_TRANSPORT_SEGMENTS_GEORGE_TOWN.zip",FALSE,16777216,"2025-07-11T08:23:00+1000",16842355,"2025-07-10T22:25:16Z","""1660535-100fe73-6399aaafb323b""",200,"2026-09-09T13:41:08Z"
"https://listdata.thelist.tas.gov.au/opendata/data/LIST_TRANSPORT_SEGMENTS_GLAMORGAN_SPRING_BAY.zip","LIST_TRANSPORT_SEGMENTS_GLAMORGAN_SPRING_BAY.zip","LIST_TRANSPORT_SEGMENTS_GLAMORGAN_SPRING_BAY.zip",FALSE,30408704,"2025-07-11T08:19:00+1000",30119293,"2025-07-10T22:28:26Z","""1660536-1cb957d-6399ab651231a""",200,"2026-09-09T13:41:08Z"
"https://listdata.thelist.tas.gov.au/opendata/data/LIST_TRANSPORT_SEGMENTS_GLENORCHY.zip","LIST_TRANSPORT_SEGMENTS_GLENORCHY.zip","LIST_TRANSPORT_SEGMENTS_GLENORCHY.zip",FALSE,19922944,"2025-07-11T08:18:00+1000",20317817,"2025-07-10T22:19:11Z","""1660537-1360679-6399a9536f709""",200,"2026-09-09T13:41:08Z"
"https://listdata.thelist.tas.gov.au/opendata/data/LIST_TRANSPORT_SEGMENTS_HOBART.zip","LIST_TRANSPORT_SEGMENTS_HOBART.zip","LIST_TRANSPORT_SEGMENTS_HOBART.zip",FALSE,24117248,"2025-07-11T08:24:00+1000",23972016,"2025-07-10T22:21:08Z","""1660538-16dc8b0-6399a9c2dadba""",200,"2026-09-09T13:41:08Z"
"https://listdata.thelist.tas.gov.au/opendata/data/LIST_TRANSPORT_SEGMENTS_HUON_VALLEY.zip","LIST_TRANSPORT_SEGMENTS_HUON_VALLEY.zip","LIST_TRANSPORT_SEGMENTS_HUON_VALLEY.zip",FALSE,45088768,"2025-07-11T08:27:00+1000",44670858,"2025-07-10T22:15:59Z","""1660539-2a99f8a-6399a89c9474b""",200,"2026-09-09T13:41:08Z"
"https://listdata.thelist.tas.gov.au/opendata/data/LIST_TRANSPORT_SEGMENTS_KENTISH.zip","LIST_TRANSPORT_SEGMENTS_KENTISH.zip","LIST_TRANSPORT_SEGMENTS_KENTISH.zip",FALSE,18874368,"2024-06-25T16:19:00+1000",19310034,"2025-07-10T22:18:44Z","""166053a-126a5d2-6399a93977997""",200,"2026-09-09T13:41:08Z"
"https://listdata.thelist.tas.gov.au/opendata/data/LIST_TRANSPORT_SEGMENTS_KING_ISLAND.zip","LIST_TRANSPORT_SEGMENTS_KING_ISLAND.zip","LIST_TRANSPORT_SEGMENTS_KING_ISLAND.zip",FALSE,13631488,"2025-07-10T12:53:00+1000",13226360,"2025-07-10T22:24:24Z","""166053b-c9d178-6399aa7dc0def""",200,"2026-09-09T13:41:08Z"
"https://listdata.thelist.tas.gov.au/opendata/data/LIST_TRANSPORT_SEGMENTS_KINGBOROUGH.zip","LIST_TRANSPORT_SEGMENTS_KINGBOROUGH.zip","LIST_TRANSPORT_SEGMENTS_KINGBOROUGH.zip",FALSE,38797312,"2025-07-10T12:53:00+1000",38450246,"2025-07-10T22:21:50Z","""166053c-24ab446-6399a9eb748a5""",200,"2026-09-09T13:41:08Z"
"https://listdata.thelist.tas.gov.au/opendata/data/LIST_TRANSPORT_SEGMENTS_LATROBE.zip","LIST_TRANSPORT_SEGMENTS_LATROBE.zip","LIST_TRANSPORT_SEGMENTS_LATROBE.zip",FALSE,17825792,"2020-11-11T09:32:00+1100",18115675,"2025-07-10T22:19:54Z","""166053d-1146c5b-6399a97c3eddc""",200,"2026-09-09T13:41:08Z"
"https://listdata.thelist.tas.gov.au/opendata/data/LIST_TRANSPORT_SEGMENTS_LAUNCESTON.zip","LIST_TRANSPORT_SEGMENTS_LAUNCESTON.zip","LIST_TRANSPORT_SEGMENTS_LAUNCESTON.zip",FALSE,46137344,"2021-01-15T10:41:00+1100",46082022,"2025-07-10T22:23:11Z","""166053e-2bf27e6-6399aa3857b28""",200,"2026-09-09T13:41:08Z"
"https://listdata.thelist.tas.gov.au/opendata/data/LIST_TRANSPORT_SEGMENTS_MEANDER_VALLEY.zip","LIST_TRANSPORT_SEGMENTS_MEANDER_VALLEY.zip","LIST_TRANSPORT_SEGMENTS_MEANDER_VALLEY.zip",FALSE,39845888,"2021-01-15T10:42:00+1100",40247126,"2025-07-10T22:20:38Z","""166053f-2661f56-6399a9a6ec485""",200,"2026-09-09T13:41:08Z"
"https://listdata.thelist.tas.gov.au/opendata/data/LIST_TRANSPORT_SEGMENTS_NORTHERN_MIDLANDS.zip","LIST_TRANSPORT_SEGMENTS_NORTHERN_MIDLANDS.zip","LIST_TRANSPORT_SEGMENTS_NORTHERN_MIDLANDS.zip",FALSE,41943040,"2021-01-15T10:43:00+1100",41761002,"2025-07-10T22:26:03Z","""1660540-27d38ea-6399aadc50fc8""",200,"2026-09-09T13:41:08Z"
"https://listdata.thelist.tas.gov.au/opendata/data/LIST_TRANSPORT_SEGMENTS_SORELL.zip","LIST_TRANSPORT_SEGMENTS_SORELL.zip","LIST_TRANSPORT_SEGMENTS_SORELL.zip",FALSE,18874368,"2021-01-15T10:44:00+1100",18425392,"2025-07-10T22:26:28Z","""1660541-1192630-6399aaf44069c""",200,"2026-09-09T13:41:08Z"
"https://listdata.thelist.tas.gov.au/opendata/data/LIST_TRANSPORT_SEGMENTS_SOUTHERN_MIDLANDS.zip","LIST_TRANSPORT_SEGMENTS_SOUTHERN_MIDLANDS.zip","LIST_TRANSPORT_SEGMENTS_SOUTHERN_MIDLANDS.zip",FALSE,26214400,"2021-01-15T10:45:00+1100",25888739,"2025-07-10T22:23:41Z","""1660542-18b07e3-6399aa5567fc7""",200,"2026-09-09T13:41:08Z"
"https://listdata.thelist.tas.gov.au/opendata/data/LIST_TRANSPORT_SEGMENTS_TASMAN.zip","LIST_TRANSPORT_SEGMENTS_TASMAN.zip","LIST_TRANSPORT_SEGMENTS_TASMAN.zip",FALSE,15728640,"2018-03-14T15:01:00+1100",15605734,"2025-07-10T22:19:32Z","""1660543-ee1fe6-6399a967ed9ee""",200,"2026-09-09T13:41:08Z"
"https://listdata.thelist.tas.gov.au/opendata/data/LIST_TRANSPORT_SEGMENTS_WARATAH_WYNYARD.zip","LIST_TRANSPORT_SEGMENTS_WARATAH_WYNYARD.zip","LIST_TRANSPORT_SEGMENTS_WARATAH_WYNYARD.zip",FALSE,31457280,"2018-03-14T15:01:00+1100",31666608,"2025-07-10T22:18:19Z","""1660544-1e331b0-6399a9219d827""",200,"2026-09-09T13:41:08Z"
"https://listdata.thelist.tas.gov.au/opendata/data/LIST_TRANSPORT_SEGMENTS_WEST_COAST.zip","LIST_TRANSPORT_SEGMENTS_WEST_COAST.zip","LIST_TRANSPORT_SEGMENTS_WEST_COAST.zip",FALSE,31457280,"2020-06-25T09:50:00+1000",31467035,"2025-07-10T22:24:52Z","""1660545-1e0261b-6399aa98bd0aa""",200,"2026-09-09T13:41:08Z"
"https://listdata.thelist.tas.gov.au/opendata/data/LIST_TRANSPORT_SEGMENTS_WEST_TAMAR.zip","LIST_TRANSPORT_SEGMENTS_WEST_TAMAR.zip","LIST_TRANSPORT_SEGMENTS_WEST_TAMAR.zip",FALSE,30408704,"2018-03-14T15:02:00+1100",30756872,"2025-07-10T22:27:55Z","""1660546-1d55008-6399ab4792bdd""",200,"2026-09-09T13:41:08Z"
"https://listdata.thelist.tas.gov.au/opendata/data/LIST_TREE_CANOPY_HEIGHT_STATEWIDE.zip","LIST_TREE_CANOPY_HEIGHT_STATEWIDE.zip","LIST_TREE_CANOPY_HEIGHT_STATEWIDE.zip",FALSE,8482560409.6,"2018-03-14T15:02:00+1100",8438009757,"2024-06-25T06:19:04Z","""16606b5-1f6f1cf9d-61bb0dfe2ff1b""",200,"2026-09-09T13:41:08Z"
"https://listdata.thelist.tas.gov.au/opendata/data/LIST_WATER_DISTRICTS_STATEWIDE.zip","LIST_WATER_DISTRICTS_STATEWIDE.zip","LIST_WATER_DISTRICTS_STATEWIDE.zip",FALSE,4823449.6,"2020-06-25T09:59:00+1000",4862403,"2025-07-10T02:53:38Z","""166063e-4a31c3-6398a4ce5eade""",200,"2026-09-09T13:41:08Z"
"https://listdata.thelist.tas.gov.au/opendata/data/LIST_WATER_MANAGEMENT_AREA_STATEWIDE.zip","LIST_WATER_MANAGEMENT_AREA_STATEWIDE.zip","LIST_WATER_MANAGEMENT_AREA_STATEWIDE.zip",FALSE,13631488,"2018-03-14T14:59:00+1100",13581852,"2025-07-10T02:53:46Z","""1660bf4-cf3e1c-6398a4d5adfce""",200,"2026-09-09T13:41:08Z"
"https://listdata.thelist.tas.gov.au/opendata/data/LIST_WATER_MANAGEMENT_REGIONS_STATEWIDE.zip","LIST_WATER_MANAGEMENT_REGIONS_STATEWIDE.zip","LIST_WATER_MANAGEMENT_REGIONS_STATEWIDE.zip",FALSE,14680064,"2020-06-24T09:31:00+1000",14449150,"2020-11-10T22:32:22Z","""166063f-dc79fe-5b3c84098d6d9""",200,"2026-09-09T13:41:08Z"
"https://listdata.thelist.tas.gov.au/opendata/data/MACROCYSTIS_PYRIFERA_L_C_AGARDH_STOCKS_1954_STATEWIDE.zip","MACROCYSTIS_PYRIFERA_L_C_AGARDH_STOCKS_1954_STATEWIDE.zip","MACROCYSTIS_PYRIFERA_L_C_AGARDH_STOCKS_1954_STATEWIDE.zip",FALSE,64512,"2020-06-24T14:05:00+1000",64188,"2021-01-14T23:41:54Z","""1660565-fabc-5b8e4ccf58275""",200,"2026-09-09T13:41:08Z"
"https://listdata.thelist.tas.gov.au/opendata/data/MACROCYSTIS_PYRIFERA_L_C_AGARDH_STOCKS_1965_STATEWIDE.zip","MACROCYSTIS_PYRIFERA_L_C_AGARDH_STOCKS_1965_STATEWIDE.zip","MACROCYSTIS_PYRIFERA_L_C_AGARDH_STOCKS_1965_STATEWIDE.zip",FALSE,52224,"2018-03-14T15:00:00+1100",52417,"2021-01-14T23:42:50Z","""1660566-ccc1-5b8e4d055cf76""",200,"2026-09-09T13:41:08Z"
"https://listdata.thelist.tas.gov.au/opendata/data/MACROCYSTIS_PYRIFERA_L_C_AGARDH_STOCKS_1986_STATEWIDE.zip","MACROCYSTIS_PYRIFERA_L_C_AGARDH_STOCKS_1986_STATEWIDE.zip","MACROCYSTIS_PYRIFERA_L_C_AGARDH_STOCKS_1986_STATEWIDE.zip",FALSE,91136,"2020-06-16T15:17:00+1000",91587,"2021-01-14T23:43:45Z","""1660567-165c3-5b8e4d3927a97""",200,"2026-09-09T13:41:08Z"
"https://listdata.thelist.tas.gov.au/opendata/data/MACROCYSTIS_PYRIFERA_L_C_AGARDH_STOCKS_1988_STATEWIDE.zip","MACROCYSTIS_PYRIFERA_L_C_AGARDH_STOCKS_1988_STATEWIDE.zip","MACROCYSTIS_PYRIFERA_L_C_AGARDH_STOCKS_1988_STATEWIDE.zip",FALSE,37888,"2020-06-24T14:03:00+1000",37586,"2021-01-14T23:44:39Z","""1660568-92d2-5b8e4d6d4e262""",200,"2026-09-09T13:41:08Z"
"https://listdata.thelist.tas.gov.au/opendata/data/MACROCYSTIS_PYRIFERA_L_C_AGARDH_STOCKS_1999_STATEWIDE.zip","MACROCYSTIS_PYRIFERA_L_C_AGARDH_STOCKS_1999_STATEWIDE.zip","MACROCYSTIS_PYRIFERA_L_C_AGARDH_STOCKS_1999_STATEWIDE.zip",FALSE,131072,"2020-06-12T12:17:00+1000",131068,"2021-01-14T23:45:35Z","""1660569-1fffc-5b8e4da210c63""",200,"2026-09-09T13:41:08Z"
"https://listdata.thelist.tas.gov.au/opendata/data/NCH_ES_BARLEY_2030_A2_STATEWIDE.zip","NCH_ES_BARLEY_2030_A2_STATEWIDE.zip","NCH_ES_BARLEY_2030_A2_STATEWIDE.zip",FALSE,17825792,"2020-06-24T14:07:00+1000",17831320,"2018-03-14T04:01:51Z","""1660802-1101598-567576f592433""",200,"2026-09-09T13:41:08Z"
"https://listdata.thelist.tas.gov.au/opendata/data/NCH_ES_BARLEY_2030_B1_STATEWIDE.zip","NCH_ES_BARLEY_2030_B1_STATEWIDE.zip","NCH_ES_BARLEY_2030_B1_STATEWIDE.zip",FALSE,17825792,"2018-03-14T15:00:00+1100",17945186,"2018-03-14T04:01:55Z","""16607ea-111d262-567576f9c81bc""",200,"2026-09-09T13:41:08Z"
"https://listdata.thelist.tas.gov.au/opendata/data/NCH_ES_BARLEY_2030_V2_STATEWIDE.zip","NCH_ES_BARLEY_2030_V2_STATEWIDE.zip","NCH_ES_BARLEY_2030_V2_STATEWIDE.zip",FALSE,44040192,"2020-06-12T12:17:00+1000",43539512,"2020-06-24T23:50:45Z","""1660b39-2985c38-5a8dd24f91586""",200,"2026-09-09T13:41:08Z"
"https://listdata.thelist.tas.gov.au/opendata/data/NCH_ES_BARLEY_2050_A2_STATEWIDE.zip","NCH_ES_BARLEY_2050_A2_STATEWIDE.zip","NCH_ES_BARLEY_2050_A2_STATEWIDE.zip",FALSE,17825792,"2020-06-24T14:11:00+1000",17404895,"2018-03-14T04:02:00Z","""16607eb-10993df-567576fdd7de2""",200,"2026-09-09T13:41:08Z"
"https://listdata.thelist.tas.gov.au/opendata/data/NCH_ES_BARLEY_2050_B1_STATEWIDE.zip","NCH_ES_BARLEY_2050_B1_STATEWIDE.zip","NCH_ES_BARLEY_2050_B1_STATEWIDE.zip",FALSE,17825792,"2018-03-14T15:00:00+1100",17614110,"2018-03-14T04:02:04Z","""16607ec-10cc51e-56757701e7a09""",200,"2026-09-09T13:41:08Z"
"https://listdata.thelist.tas.gov.au/opendata/data/NCH_ES_BARLEY_2050_V2_STATEWIDE.zip","NCH_ES_BARLEY_2050_V2_STATEWIDE.zip","NCH_ES_BARLEY_2050_V2_STATEWIDE.zip",FALSE,42991616,"2020-06-12T12:17:00+1000",42916300,"2020-06-24T23:59:40Z","""1660b3a-28ed9cc-5a8dd44e8f679""",200,"2026-09-09T13:41:08Z"
"https://listdata.thelist.tas.gov.au/opendata/data/NCH_ES_BARLEY_STATEWIDE.zip","NCH_ES_BARLEY_STATEWIDE.zip","NCH_ES_BARLEY_STATEWIDE.zip",FALSE,90177536,"2020-06-24T14:09:00+1000",89820951,"2018-03-14T03:59:59Z","""1660803-55a8f17-5675768aa58c6""",200,"2026-09-09T13:41:08Z"
"https://listdata.thelist.tas.gov.au/opendata/data/NCH_ES_BARLEY_V2_STATEWIDE.zip","NCH_ES_BARLEY_V2_STATEWIDE.zip","NCH_ES_BARLEY_V2_STATEWIDE.zip",FALSE,45088768,"2020-06-12T12:17:00+1000",44612875,"2020-06-24T04:05:22Z","""1660afd-2a8bd0b-5a8cc95b90c69""",200,"2026-09-09T13:41:08Z"
"https://listdata.thelist.tas.gov.au/opendata/data/NCH_ES_BARLEY_V2.zip","NCH_ES_BARLEY_V2.zip","NCH_ES_BARLEY_V2.zip",FALSE,133120,"2018-03-14T15:00:00+1100",133194,"2020-06-23T23:31:23Z","""1660b12-2084a-5a8c8c1e44334""",200,"2026-09-09T13:41:08Z"
"https://listdata.thelist.tas.gov.au/opendata/data/NCH_ES_BLUEB_NHIGHBUSH_V2_STATEWIDE.zip","NCH_ES_BLUEB_NHIGHBUSH_V2_STATEWIDE.zip","NCH_ES_BLUEB_NHIGHBUSH_V2_STATEWIDE.zip",FALSE,69206016,"2020-06-12T12:17:00+1000",69646820,"2020-06-24T04:03:11Z","""1660afe-426b9e4-5a8cc8dedff0e""",200,"2026-09-09T13:41:08Z"
"https://listdata.thelist.tas.gov.au/opendata/data/NCH_ES_BLUEB_NHIGHBUSH_V2.zip","NCH_ES_BLUEB_NHIGHBUSH_V2.zip","NCH_ES_BLUEB_NHIGHBUSH_V2.zip",FALSE,41943040,"2018-03-14T15:00:00+1100",42031123,"2020-06-16T05:17:14Z","""1660b13-2815813-5a82ca8010166""",200,"2026-09-09T13:41:08Z"
"https://listdata.thelist.tas.gov.au/opendata/data/NCH_ES_BLUEB_SHIGHBUSH_V2_STATEWIDE.zip","NCH_ES_BLUEB_SHIGHBUSH_V2_STATEWIDE.zip","NCH_ES_BLUEB_SHIGHBUSH_V2_STATEWIDE.zip",FALSE,69206016,"2020-06-25T08:38:00+1000",69600580,"2020-06-24T04:07:21Z","""1660aff-4260544-5a8cc9cd25039""",200,"2026-09-09T13:41:08Z"
"https://listdata.thelist.tas.gov.au/opendata/data/NCH_ES_BLUEB_SHIGHBUSH_V2.zip","NCH_ES_BLUEB_SHIGHBUSH_V2.zip","NCH_ES_BLUEB_SHIGHBUSH_V2.zip",FALSE,41943040,"2020-06-24T14:45:00+1000",42182178,"2020-06-12T02:17:07Z","""1660b14-283a622-5a7d9ac829706""",200,"2026-09-09T13:41:08Z"
"https://listdata.thelist.tas.gov.au/opendata/data/NCH_ES_BLUEBERRIES_STATEWIDE.zip","NCH_ES_BLUEBERRIES_STATEWIDE.zip","NCH_ES_BLUEBERRIES_STATEWIDE.zip",FALSE,19922944,"2020-06-24T14:14:00+1000",19665262,"2018-03-14T04:00:03Z","""16607c3-12c116e-5675768e69228""",200,"2026-09-09T13:41:08Z"
"https://listdata.thelist.tas.gov.au/opendata/data/NCH_ES_CARROT_SEED_STATEWIDE.zip","NCH_ES_CARROT_SEED_STATEWIDE.zip","NCH_ES_CARROT_SEED_STATEWIDE.zip",FALSE,20971520,"2018-03-14T15:00:00+1100",21320821,"2018-03-14T04:00:07Z","""16607c5-1455475-56757692a2ca1""",200,"2026-09-09T13:41:08Z"
"https://listdata.thelist.tas.gov.au/opendata/data/NCH_ES_CARROT_SEED_V2_STATEWIDE.zip","NCH_ES_CARROT_SEED_V2_STATEWIDE.zip","NCH_ES_CARROT_SEED_V2_STATEWIDE.zip",FALSE,58720256,"2020-06-24T14:49:00+1000",59103331,"2020-06-24T04:09:12Z","""1660b01-385d863-5a8cca371068a""",200,"2026-09-09T13:41:08Z"
"https://listdata.thelist.tas.gov.au/opendata/data/NCH_ES_CARROT_SEED_V2.zip","NCH_ES_CARROT_SEED_V2.zip","NCH_ES_CARROT_SEED_V2.zip",FALSE,42991616,"2020-06-12T12:17:00+1000",42854195,"2020-06-12T02:17:08Z","""1660b16-28de733-5a7d9ac95a9b4""",200,"2026-09-09T13:41:08Z"
"https://listdata.thelist.tas.gov.au/opendata/data/NCH_ES_CARROTS_STATEWIDE.zip","NCH_ES_CARROTS_STATEWIDE.zip","NCH_ES_CARROTS_STATEWIDE.zip",FALSE,20971520,"2018-03-14T15:00:00+1100",20956737,"2018-03-14T04:00:12Z","""16607c4-13fc641-56757696f34bb""",200,"2026-09-09T13:41:08Z"
"https://listdata.thelist.tas.gov.au/opendata/data/NCH_ES_CARROTS_V2_STATEWIDE.zip","NCH_ES_CARROTS_V2_STATEWIDE.zip","NCH_ES_CARROTS_V2_STATEWIDE.zip",FALSE,60817408,"2020-06-24T14:47:00+1000",60707899,"2020-06-24T04:11:15Z","""1660b00-39e543b-5a8ccaac4f9bf""",200,"2026-09-09T13:41:08Z"
"https://listdata.thelist.tas.gov.au/opendata/data/NCH_ES_CARROTS_V2.zip","NCH_ES_CARROTS_V2.zip","NCH_ES_CARROTS_V2.zip",FALSE,46137344,"2020-06-12T12:17:00+1000",45707473,"2020-06-12T02:17:10Z","""1660b15-2b970d1-5a7d9acab1ecc""",200,"2026-09-09T13:41:08Z"
"https://listdata.thelist.tas.gov.au/opendata/data/NCH_ES_CHERRIES_STATEWIDE.zip","NCH_ES_CHERRIES_STATEWIDE.zip","NCH_ES_CHERRIES_STATEWIDE.zip",FALSE,141557760,"2018-03-14T15:00:00+1100",141938538,"2018-03-14T04:00:20Z","""16607c6-875cf6a-5675769e7a780""",200,"2026-09-09T13:41:08Z"
"https://listdata.thelist.tas.gov.au/opendata/data/NCH_ES_CHERRIES_V3_STATEWIDE.zip","NCH_ES_CHERRIES_V3_STATEWIDE.zip","NCH_ES_CHERRIES_V3_STATEWIDE.zip",FALSE,83886080,"2020-06-24T14:00:00+1000",83603702,"2020-06-24T04:14:06Z","""1660b02-4fbb0f6-5a8ccb4fb2055""",200,"2026-09-09T13:41:08Z"
"https://listdata.thelist.tas.gov.au/opendata/data/NCH_ES_CHERRIES_V3.zip","NCH_ES_CHERRIES_V3.zip","NCH_ES_CHERRIES_V3.zip",FALSE,42991616,"2020-06-12T12:17:00+1000",42696768,"2020-06-12T02:17:11Z","""1660b17-28b8040-5a7d9acc33452""",200,"2026-09-09T13:41:08Z"
"https://listdata.thelist.tas.gov.au/opendata/data/NCH_ES_HAZELNUTS_STATEWIDE.zip","NCH_ES_HAZELNUTS_STATEWIDE.zip","NCH_ES_HAZELNUTS_STATEWIDE.zip",FALSE,19922944,"2018-03-14T15:00:00+1100",19499952,"2018-03-14T04:00:26Z","""16607c7-1298bb0-567576a471bc1""",200,"2026-09-09T13:41:08Z"
"https://listdata.thelist.tas.gov.au/opendata/data/NCH_ES_HAZELNUTS_V3_STATEWIDE.zip","NCH_ES_HAZELNUTS_V3_STATEWIDE.zip","NCH_ES_HAZELNUTS_V3_STATEWIDE.zip",FALSE,58720256,"2020-06-24T14:52:00+1000",58405267,"2020-06-24T04:45:15Z","""1660b03-37b3193-5a8cd245f7795""",200,"2026-09-09T13:41:08Z"
"https://listdata.thelist.tas.gov.au/opendata/data/NCH_ES_HAZELNUTS_V3.zip","NCH_ES_HAZELNUTS_V3.zip","NCH_ES_HAZELNUTS_V3.zip",FALSE,33554432,"2020-06-12T12:17:00+1000",33082690,"2020-06-12T02:17:12Z","""1660b18-1f8cd42-5a7d9acd4d849""",200,"2026-09-09T13:41:08Z"
"https://listdata.thelist.tas.gov.au/opendata/data/NCH_ES_HILLSLOPE_EROSIVITY_STATEWIDE.zip","NCH_ES_HILLSLOPE_EROSIVITY_STATEWIDE.zip","NCH_ES_HILLSLOPE_EROSIVITY_STATEWIDE.zip",FALSE,231735296,"2018-03-14T15:00:00+1100",232017339,"2020-06-24T22:38:13Z","""1660b33-dd44dbb-5a8dc2198dfa0""",200,"2026-09-09T13:41:08Z"
"https://listdata.thelist.tas.gov.au/opendata/data/NCH_ES_INDUST_HEMP_V2_STATEWIDE.zip","NCH_ES_INDUST_HEMP_V2_STATEWIDE.zip","NCH_ES_INDUST_HEMP_V2_STATEWIDE.zip",FALSE,33554432,"2018-03-14T15:02:00+1100",33259180,"2020-06-24T04:47:12Z","""1660b04-1fb7eac-5a8cd2b5b682a""",200,"2026-09-09T13:41:08Z"
"https://listdata.thelist.tas.gov.au/opendata/data/NCH_ES_INDUST_HEMP_V2.zip","NCH_ES_INDUST_HEMP_V2.zip","NCH_ES_INDUST_HEMP_V2.zip",FALSE,32505856,"2020-06-24T14:56:00+1000",32030398,"2020-06-12T02:17:14Z","""1660b19-1e8bebe-5a7d9ace829a9""",200,"2026-09-09T13:41:08Z"
"https://listdata.thelist.tas.gov.au/opendata/data/NCH_ES_INDUSTRIAL_HEMP_STATEWIDE.zip","NCH_ES_INDUSTRIAL_HEMP_STATEWIDE.zip","NCH_ES_INDUSTRIAL_HEMP_STATEWIDE.zip",FALSE,13631488,"2020-06-12T12:17:00+1000",13602745,"2018-03-14T04:00:30Z","""16607c8-cf8fb9-567576a8af32a""",200,"2026-09-09T13:41:08Z"
"https://listdata.thelist.tas.gov.au/opendata/data/NCH_ES_LINSEED_STATEWIDE.zip","NCH_ES_LINSEED_STATEWIDE.zip","NCH_ES_LINSEED_STATEWIDE.zip",FALSE,15728640,"2018-03-14T15:02:00+1100",15337944,"2018-03-14T04:00:35Z","""16607c9-ea09d8-567576ad0ef04""",200,"2026-09-09T13:41:08Z"
"https://listdata.thelist.tas.gov.au/opendata/data/NCH_ES_LINSEED_V2_STATEWIDE.zip","NCH_ES_LINSEED_V2_STATEWIDE.zip","NCH_ES_LINSEED_V2_STATEWIDE.zip",FALSE,36700160,"2018-03-14T15:02:00+1100",36558260,"2020-06-24T04:49:55Z","""1660b05-22dd5b4-5a8cd3513bcaa""",200,"2026-09-09T13:41:08Z"
"https://listdata.thelist.tas.gov.au/opendata/data/NCH_ES_LINSEED_V2.zip","NCH_ES_LINSEED_V2.zip","NCH_ES_LINSEED_V2.zip",FALSE,33554432,"2020-06-25T10:04:00+1000",33401956,"2020-06-12T02:17:15Z","""1660b22-1fdac64-5a7d9acfa4652""",200,"2026-09-09T13:41:08Z"
"https://listdata.thelist.tas.gov.au/opendata/data/NCH_ES_LUCERNE_STATEWIDE.zip","NCH_ES_LUCERNE_STATEWIDE.zip","NCH_ES_LUCERNE_STATEWIDE.zip",FALSE,15728640,"2018-03-14T15:02:00+1100",16038919,"2018-03-14T04:00:40Z","""16607ca-f4bc07-567576b1a0312""",200,"2026-09-09T13:41:08Z"
"https://listdata.thelist.tas.gov.au/opendata/data/NCH_ES_LUCERNE_V2_STATEWIDE.zip","NCH_ES_LUCERNE_V2_STATEWIDE.zip","NCH_ES_LUCERNE_V2_STATEWIDE.zip",FALSE,40894464,"2018-03-14T15:01:00+1100",41051690,"2020-06-24T04:00:19Z","""1660b06-272662a-5a8cc83afbaa9""",200,"2026-09-09T13:41:08Z"
"https://listdata.thelist.tas.gov.au/opendata/data/NCH_ES_LUCERNE_V2.zip","NCH_ES_LUCERNE_V2.zip","NCH_ES_LUCERNE_V2.zip",FALSE,36700160,"2020-06-25T10:09:00+1000",36630729,"2020-06-12T02:17:16Z","""1660b23-22ef0c9-5a7d9ad1072c7""",200,"2026-09-09T13:41:08Z"
"https://listdata.thelist.tas.gov.au/opendata/data/NCH_ES_OLIVES_STATEWIDE.zip","NCH_ES_OLIVES_STATEWIDE.zip","NCH_ES_OLIVES_STATEWIDE.zip",FALSE,28311552,"2020-06-12T12:17:00+1000",27840918,"2018-03-14T04:00:45Z","""16607cb-1a8d196-567576b676003""",200,"2026-09-09T13:41:08Z"
"https://listdata.thelist.tas.gov.au/opendata/data/NCH_ES_OLIVES_V2_STATEWIDE.zip","NCH_ES_OLIVES_V2_STATEWIDE.zip","NCH_ES_OLIVES_V2_STATEWIDE.zip",FALSE,102760448,"2018-03-14T15:02:00+1100",102745220,"2020-06-24T04:52:29Z","""1660b07-61fc484-5a8cd3e42288b""",200,"2026-09-09T13:41:08Z"
"https://listdata.thelist.tas.gov.au/opendata/data/NCH_ES_OLIVES_V2.zip","NCH_ES_OLIVES_V2.zip","NCH_ES_OLIVES_V2.zip",FALSE,57671680,"2020-06-24T14:59:00+1000",57675931,"2020-06-12T02:17:18Z","""1660b24-370109b-5a7d9ad23c336""",200,"2026-09-09T13:41:08Z"
"https://listdata.thelist.tas.gov.au/opendata/data/NCH_ES_ONIONS_STATEWIDE.zip","NCH_ES_ONIONS_STATEWIDE.zip","NCH_ES_ONIONS_STATEWIDE.zip",FALSE,37748736,"2018-03-14T15:02:00+1100",37460725,"2018-03-14T04:00:50Z","""16607cc-23b9af5-567576bb536d4""",200,"2026-09-09T13:41:08Z"
"https://listdata.thelist.tas.gov.au/opendata/data/NCH_ES_ONIONS_V2_STATEWIDE.zip","NCH_ES_ONIONS_V2_STATEWIDE.zip","NCH_ES_ONIONS_V2_STATEWIDE.zip",FALSE,180355072,"2018-03-14T15:02:00+1100",180831809,"2020-06-24T04:56:22Z","""1660b08-ac74641-5a8cd4c22a737""",200,"2026-09-09T13:41:08Z"
"https://listdata.thelist.tas.gov.au/opendata/data/NCH_ES_ONIONS_V2.zip","NCH_ES_ONIONS_V2.zip","NCH_ES_ONIONS_V2.zip",FALSE,62914560,"2020-06-25T10:13:00+1000",63405882,"2020-06-12T02:17:19Z","""1660b25-3c77f3a-5a7d9ad3aa5ee""",200,"2026-09-09T13:41:08Z"
"https://listdata.thelist.tas.gov.au/opendata/data/NCH_ES_POPPIES_2030_A2_STATEWIDE.zip","NCH_ES_POPPIES_2030_A2_STATEWIDE.zip","NCH_ES_POPPIES_2030_A2_STATEWIDE.zip",FALSE,17825792,"2018-03-14T15:02:00+1100",18091490,"2018-03-14T04:02:08Z","""16607ed-1140de2-56757705d14ce""",200,"2026-09-09T13:41:08Z"
"https://listdata.thelist.tas.gov.au/opendata/data/NCH_ES_POPPIES_2030_B1_STATEWIDE.zip","NCH_ES_POPPIES_2030_B1_STATEWIDE.zip","NCH_ES_POPPIES_2030_B1_STATEWIDE.zip",FALSE,18874368,"2020-06-25T10:34:00+1000",18502902,"2018-03-14T04:02:12Z","""16607ee-11a54f6-56757709ff876""",200,"2026-09-09T13:41:08Z"
"https://listdata.thelist.tas.gov.au/opendata/data/NCH_ES_POPPIES_2030_V2_STATEWIDE.zip","NCH_ES_POPPIES_2030_V2_STATEWIDE.zip","NCH_ES_POPPIES_2030_V2_STATEWIDE.zip",FALSE,52428800,"2020-06-12T12:17:00+1000",52211668,"2020-06-25T00:04:31Z","""1660b3b-31cafd4-5a8dd563b0cde""",200,"2026-09-09T13:41:08Z"
"https://listdata.thelist.tas.gov.au/opendata/data/NCH_ES_POPPIES_2050_A2_STATEWIDE.zip","NCH_ES_POPPIES_2050_A2_STATEWIDE.zip","NCH_ES_POPPIES_2050_A2_STATEWIDE.zip",FALSE,17825792,"2020-06-24T15:02:00+1000",17783814,"2018-03-14T04:02:17Z","""16607ef-10f5c06-5675770e2254d""",200,"2026-09-09T13:41:08Z"
"https://listdata.thelist.tas.gov.au/opendata/data/NCH_ES_POPPIES_2050_B1_STATEWIDE.zip","NCH_ES_POPPIES_2050_B1_STATEWIDE.zip","NCH_ES_POPPIES_2050_B1_STATEWIDE.zip",FALSE,17825792,"2018-03-14T15:01:00+1100",17892262,"2018-03-14T04:02:21Z","""16607f0-11103a6-567577121b3d3""",200,"2026-09-09T13:41:08Z"
"https://listdata.thelist.tas.gov.au/opendata/data/NCH_ES_POPPIES_2050_V2_STATEWIDE.zip","NCH_ES_POPPIES_2050_V2_STATEWIDE.zip","NCH_ES_POPPIES_2050_V2_STATEWIDE.zip",FALSE,50331648,"2020-06-12T12:17:00+1000",50484801,"2020-06-25T00:09:32Z","""1660b3c-3025641-5a8dd6829d140""",200,"2026-09-09T13:41:08Z"
"https://listdata.thelist.tas.gov.au/opendata/data/NCH_ES_POPPIES_STATEWIDE.zip","NCH_ES_POPPIES_STATEWIDE.zip","NCH_ES_POPPIES_STATEWIDE.zip",FALSE,92274688,"2020-06-24T15:18:00+1000",92728659,"2018-03-14T04:01:00Z","""16607cd-586ed53-567576c515e57""",200,"2026-09-09T13:41:08Z"
"https://listdata.thelist.tas.gov.au/opendata/data/NCH_ES_POPPIES_V2_STATEWIDE.zip","NCH_ES_POPPIES_V2_STATEWIDE.zip","NCH_ES_POPPIES_V2_STATEWIDE.zip",FALSE,55574528,"2020-06-12T12:17:00+1000",56024210,"2020-06-24T04:59:43Z","""1660b09-356dc92-5a8cd581d764b""",200,"2026-09-09T13:41:08Z"
"https://listdata.thelist.tas.gov.au/opendata/data/NCH_ES_POPPIES_V2.zip","NCH_ES_POPPIES_V2.zip","NCH_ES_POPPIES_V2.zip",FALSE,40894464,"2018-03-14T15:01:00+1100",40700365,"2020-06-12T02:17:20Z","""1660b26-26d09cd-5a7d9ad4df5d3""",200,"2026-09-09T13:41:08Z"
"https://listdata.thelist.tas.gov.au/opendata/data/NCH_ES_POTATOES_2030_A2_STATEWIDE.zip","NCH_ES_POTATOES_2030_A2_STATEWIDE.zip","NCH_ES_POTATOES_2030_A2_STATEWIDE.zip",FALSE,19922944,"2020-06-24T15:21:00+1000",20353152,"2018-03-14T04:02:25Z","""16607f1-1369080-5675771645a8b""",200,"2026-09-09T13:41:08Z"
"https://listdata.thelist.tas.gov.au/opendata/data/NCH_ES_POTATOES_2030_B1_STATEWIDE.zip","NCH_ES_POTATOES_2030_B1_STATEWIDE.zip","NCH_ES_POTATOES_2030_B1_STATEWIDE.zip",FALSE,20971520,"2018-03-14T15:01:00+1100",20730561,"2018-03-14T04:02:30Z","""16607f2-13c52c1-5675771ac3de7""",200,"2026-09-09T13:41:08Z"
"https://listdata.thelist.tas.gov.au/opendata/data/NCH_ES_POTATOES_2030_V2_STATEWIDE.zip","NCH_ES_POTATOES_2030_V2_STATEWIDE.zip","NCH_ES_POTATOES_2030_V2_STATEWIDE.zip",FALSE,37748736,"2020-06-12T12:17:00+1000",37503476,"2020-06-25T00:13:00Z","""1660b3d-23c41f4-5a8dd7495eaf0""",200,"2026-09-09T13:41:08Z"
"https://listdata.thelist.tas.gov.au/opendata/data/NCH_ES_POTATOES_2050_A2_STATEWIDE.zip","NCH_ES_POTATOES_2050_A2_STATEWIDE.zip","NCH_ES_POTATOES_2050_A2_STATEWIDE.zip",FALSE,20971520,"2020-06-24T15:24:00+1000",20741569,"2018-03-14T04:02:34Z","""16607f3-13c7dc1-5675771f0cc21""",200,"2026-09-09T13:41:08Z"
"https://listdata.thelist.tas.gov.au/opendata/data/NCH_ES_POTATOES_2050_B1_STATEWIDE.zip","NCH_ES_POTATOES_2050_B1_STATEWIDE.zip","NCH_ES_POTATOES_2050_B1_STATEWIDE.zip",FALSE,20971520,"2020-06-25T08:38:00+1000",20623288,"2018-03-14T04:02:39Z","""16607f4-13aafb8-5675772351d6a""",200,"2026-09-09T13:41:08Z"
"https://listdata.thelist.tas.gov.au/opendata/data/NCH_ES_POTATOES_2050_V2_STATEWIDE.zip","NCH_ES_POTATOES_2050_V2_STATEWIDE.zip","NCH_ES_POTATOES_2050_V2_STATEWIDE.zip",FALSE,37748736,"2020-06-25T08:38:00+1000",37376879,"2020-06-25T00:34:38Z","""1660b3e-23a536f-5a8ddc1ea7000""",200,"2026-09-09T13:41:08Z"
"https://listdata.thelist.tas.gov.au/opendata/data/NCH_ES_POTATOES_V2_STATEWIDE.zip","NCH_ES_POTATOES_V2_STATEWIDE.zip","NCH_ES_POTATOES_V2_STATEWIDE.zip",FALSE,83886080,"2020-06-24T15:28:00+1000",83883060,"2020-06-24T05:02:56Z","""1660b0a-4fff434-5a8cd639dd131""",200,"2026-09-09T13:41:08Z"
"https://listdata.thelist.tas.gov.au/opendata/data/NCH_ES_POTATOES_V2.zip","NCH_ES_POTATOES_V2.zip","NCH_ES_POTATOES_V2.zip",FALSE,51380224,"2020-06-12T12:17:00+1000",51627514,"2020-06-12T02:17:22Z","""1660b28-313c5fa-5a7d9ad60cc27""",200,"2026-09-09T13:41:08Z"
"https://listdata.thelist.tas.gov.au/opendata/data/NCH_ES_PYRETHRUM_STATEWIDE.zip","NCH_ES_PYRETHRUM_STATEWIDE.zip","NCH_ES_PYRETHRUM_STATEWIDE.zip",FALSE,19922944,"2020-06-25T10:47:00+1000",19866220,"2018-03-14T04:01:15Z","""16607cf-12f226c-567576d31d724""",200,"2026-09-09T13:41:08Z"
"https://listdata.thelist.tas.gov.au/opendata/data/NCH_ES_PYRETHRUM_V2_STATEWIDE.zip","NCH_ES_PYRETHRUM_V2_STATEWIDE.zip","NCH_ES_PYRETHRUM_V2_STATEWIDE.zip",FALSE,60817408,"2018-03-14T15:01:00+1100",61045401,"2020-06-24T05:18:37Z","""1660b0b-3a37a99-5a8cd9bb1325f""",200,"2026-09-09T13:41:08Z"
"https://listdata.thelist.tas.gov.au/opendata/data/NCH_ES_PYRETHRUM_V2.zip","NCH_ES_PYRETHRUM_V2.zip","NCH_ES_PYRETHRUM_V2.zip",FALSE,37748736,"2020-06-25T10:56:00+1000",37642096,"2020-06-12T02:17:23Z","""1660b29-23e5f70-5a7d9ad7233d2""",200,"2026-09-09T13:41:08Z"
"https://listdata.thelist.tas.gov.au/opendata/data/NCH_ES_RASPBERRIES_STATEWIDE.zip","NCH_ES_RASPBERRIES_STATEWIDE.zip","NCH_ES_RASPBERRIES_STATEWIDE.zip",FALSE,19922944,"2020-06-12T12:17:00+1000",20197603,"2018-03-14T04:01:19Z","""16607d0-13430e3-567576d7534ac""",200,"2026-09-09T13:41:08Z"
"https://listdata.thelist.tas.gov.au/opendata/data/NCH_ES_RASPBERRIES_V2_STATEWIDE.zip","NCH_ES_RASPBERRIES_V2_STATEWIDE.zip","NCH_ES_RASPBERRIES_V2_STATEWIDE.zip",FALSE,100663296,"2018-03-14T15:02:00+1100",100532899,"2020-06-24T05:21:58Z","""1660b0c-5fe02a3-5a8cda7a6de31""",200,"2026-09-09T13:41:08Z"
"https://listdata.thelist.tas.gov.au/opendata/data/NCH_ES_RASPBERRIES_V2.zip","NCH_ES_RASPBERRIES_V2.zip","NCH_ES_RASPBERRIES_V2.zip",FALSE,51380224,"2020-06-24T15:32:00+1000",51358292,"2020-06-12T02:17:24Z","""1660b2a-30faa54-5a7d9ad8639ce""",200,"2026-09-09T13:41:08Z"
"https://listdata.thelist.tas.gov.au/opendata/data/NCH_ES_RYE_GRASS_STATEWIDE.zip","NCH_ES_RYE_GRASS_STATEWIDE.zip","NCH_ES_RYE_GRASS_STATEWIDE.zip",FALSE,11534336,"2018-03-14T15:02:00+1100",11979580,"2018-03-14T04:01:23Z","""16607d1-b6cb3c-567576db224e0""",200,"2026-09-09T13:41:08Z"
"https://listdata.thelist.tas.gov.au/opendata/data/NCH_ES_RYE_GRASS_V2_STATEWIDE.zip","NCH_ES_RYE_GRASS_V2_STATEWIDE.zip","NCH_ES_RYE_GRASS_V2_STATEWIDE.zip",FALSE,33554432,"2018-03-14T15:02:00+1100",33492928,"2020-06-24T05:24:55Z","""1660b0d-1ff0fc0-5a8cdb233a7c8""",200,"2026-09-09T13:41:08Z"
"https://listdata.thelist.tas.gov.au/opendata/data/NCH_ES_RYE_GRASS_V2.zip","NCH_ES_RYE_GRASS_V2.zip","NCH_ES_RYE_GRASS_V2.zip",FALSE,31457280,"2018-03-14T15:02:00+1100",31071853,"2020-06-12T02:17:25Z","""1660b2b-1da1e6d-5a7d9ad9b34b4""",200,"2026-09-09T13:41:08Z"
"https://listdata.thelist.tas.gov.au/opendata/data/NCH_ES_S_WINE_2030_A2_STATEWIDE.zip","NCH_ES_S_WINE_2030_A2_STATEWIDE.zip","NCH_ES_S_WINE_2030_A2_STATEWIDE.zip",FALSE,27262976,"2018-03-14T15:03:00+1100",27585706,"2018-03-14T04:02:44Z","""16607f5-1a4ecaa-56757727d7aa7""",200,"2026-09-09T13:41:08Z"
"https://listdata.thelist.tas.gov.au/opendata/data/NCH_ES_S_WINE_2030_B1_STATEWIDE.zip","NCH_ES_S_WINE_2030_B1_STATEWIDE.zip","NCH_ES_S_WINE_2030_B1_STATEWIDE.zip",FALSE,28311552,"2020-06-25T08:38:00+1000",28584787,"2018-03-14T04:02:49Z","""16607f6-1b42b53-5675772c7fc56""",200,"2026-09-09T13:41:08Z"
"https://listdata.thelist.tas.gov.au/opendata/data/NCH_ES_S_WINE_2050_A2_STATEWIDE.zip","NCH_ES_S_WINE_2050_A2_STATEWIDE.zip","NCH_ES_S_WINE_2050_A2_STATEWIDE.zip",FALSE,27262976,"2018-03-14T15:03:00+1100",26777809,"2018-03-14T04:02:53Z","""16607f7-19898d1-5675773109682""",200,"2026-09-09T13:41:08Z"
"https://listdata.thelist.tas.gov.au/opendata/data/NCH_ES_S_WINE_2050_B1_STATEWIDE.zip","NCH_ES_S_WINE_2050_B1_STATEWIDE.zip","NCH_ES_S_WINE_2050_B1_STATEWIDE.zip",FALSE,28311552,"2018-03-14T15:03:00+1100",28177398,"2018-03-14T04:02:58Z","""16607f8-1adf3f6-567577359aa90""",200,"2026-09-09T13:41:08Z"
"https://listdata.thelist.tas.gov.au/opendata/data/NCH_ES_S_WINE_GRAPES_STATEWIDE.zip","NCH_ES_S_WINE_GRAPES_STATEWIDE.zip","NCH_ES_S_WINE_GRAPES_STATEWIDE.zip",FALSE,8388608,"2020-06-25T11:56:00+1000",8410978,"2018-03-14T04:01:27Z","""16607d3-805762-567576decb3b1""",200,"2026-09-09T13:41:08Z"
"https://listdata.thelist.tas.gov.au/opendata/data/NCH_ES_SALINITY_HAZARD_STATEWIDE.zip","NCH_ES_SALINITY_HAZARD_STATEWIDE.zip","NCH_ES_SALINITY_HAZARD_STATEWIDE.zip",FALSE,6396313.6,"2018-03-14T15:01:00+1100",6387761,"2020-06-24T22:38:13Z","""1660b34-617831-5a8dc219b52fb""",200,"2026-09-09T13:41:08Z"
"https://listdata.thelist.tas.gov.au/opendata/data/NCH_ES_SODICITY_HAZARD_STATEWIDE.zip","NCH_ES_SODICITY_HAZARD_STATEWIDE.zip","NCH_ES_SODICITY_HAZARD_STATEWIDE.zip",FALSE,3879731.2,"2020-06-25T11:46:00+1000",3882539,"2020-06-24T22:38:13Z","""1660b35-3b3e2b-5a8dc219da3a9""",200,"2026-09-09T13:41:08Z"
"https://listdata.thelist.tas.gov.au/opendata/data/NCH_ES_SPARKLINGWINE_V2_STATEWIDE.zip","NCH_ES_SPARKLINGWINE_V2_STATEWIDE.zip","NCH_ES_SPARKLINGWINE_V2_STATEWIDE.zip",FALSE,12582912,"2020-06-12T12:17:00+1000",12721265,"2020-06-24T05:28:21Z","""1660b0e-c21c71-5a8cdbe7a5a35""",200,"2026-09-09T13:41:08Z"
"https://listdata.thelist.tas.gov.au/opendata/data/NCH_ES_SPARKLINGWINE_V2.zip","NCH_ES_SPARKLINGWINE_V2.zip","NCH_ES_SPARKLINGWINE_V2.zip",FALSE,12582912,"2020-06-25T11:49:00+1000",12605040,"2020-06-12T02:17:26Z","""1660b2c-c05670-5a7d9adab2e44""",200,"2026-09-09T13:41:08Z"
"https://listdata.thelist.tas.gov.au/opendata/data/NCH_ES_SPARKWINE_2030_V2_STATEWIDE.zip","NCH_ES_SPARKWINE_2030_V2_STATEWIDE.zip","NCH_ES_SPARKWINE_2030_V2_STATEWIDE.zip",FALSE,12582912,"2020-06-24T15:35:00+1000",13008797,"2020-06-25T00:47:42Z","""1660b3f-c67f9d-5a8ddf0aca7ad""",200,"2026-09-09T13:41:08Z"
"https://listdata.thelist.tas.gov.au/opendata/data/NCH_ES_SPARKWINE_2050_V2_STATEWIDE.zip","NCH_ES_SPARKWINE_2050_V2_STATEWIDE.zip","NCH_ES_SPARKWINE_2050_V2_STATEWIDE.zip",FALSE,12582912,"2018-03-14T15:01:00+1100",12798545,"2020-06-25T00:56:01Z","""1660b40-c34a51-5a8de0e667ddb""",200,"2026-09-09T13:41:08Z"
"https://listdata.thelist.tas.gov.au/opendata/data/NCH_ES_STRAWBERRIES_STATEWIDE.zip","NCH_ES_STRAWBERRIES_STATEWIDE.zip","NCH_ES_STRAWBERRIES_STATEWIDE.zip",FALSE,17825792,"2018-03-14T15:03:00+1100",18138461,"2018-03-14T04:01:31Z","""16607d2-114c55d-567576e2d35f7""",200,"2026-09-09T13:41:08Z"
"https://listdata.thelist.tas.gov.au/opendata/data/NCH_ES_STRAWBERRIES_V2_STATEWIDE.zip","NCH_ES_STRAWBERRIES_V2_STATEWIDE.zip","NCH_ES_STRAWBERRIES_V2_STATEWIDE.zip",FALSE,85983232,"2018-03-14T15:03:00+1100",86166026,"2020-06-24T05:32:37Z","""1660b0f-522ca0a-5a8cdcdbffc4d""",200,"2026-09-09T13:41:08Z"
"https://listdata.thelist.tas.gov.au/opendata/data/NCH_ES_STRAWBERRIES_V2.zip","NCH_ES_STRAWBERRIES_V2.zip","NCH_ES_STRAWBERRIES_V2.zip",FALSE,50331648,"2018-03-14T15:03:00+1100",50188612,"2020-06-12T02:17:28Z","""1660b2d-2fdd144-5a7d9adc28bd4""",200,"2026-09-09T13:41:08Z"
"https://listdata.thelist.tas.gov.au/opendata/data/NCH_ES_T_WINE_2030_A2_STATEWIDE.zip","NCH_ES_T_WINE_2030_A2_STATEWIDE.zip","NCH_ES_T_WINE_2030_A2_STATEWIDE.zip",FALSE,27262976,"2020-06-24T15:38:00+1000",27705186,"2018-03-14T04:03:03Z","""16607f9-1a6bf62-56757739f2c8a""",200,"2026-09-09T13:41:08Z"
"https://listdata.thelist.tas.gov.au/opendata/data/NCH_ES_T_WINE_2030_B1_STATEWIDE.zip","NCH_ES_T_WINE_2030_B1_STATEWIDE.zip","NCH_ES_T_WINE_2030_B1_STATEWIDE.zip",FALSE,28311552,"2020-06-25T08:38:00+1000",28528709,"2018-03-14T04:03:07Z","""16607fa-1b35045-5675773e5a246""",200,"2026-09-09T13:41:08Z"
"https://listdata.thelist.tas.gov.au/opendata/data/NCH_ES_T_WINE_2050_A2_STATEWIDE.zip","NCH_ES_T_WINE_2050_A2_STATEWIDE.zip","NCH_ES_T_WINE_2050_A2_STATEWIDE.zip",FALSE,26214400,"2018-03-14T15:03:00+1100",26621758,"2018-03-14T04:03:12Z","""16607fb-196373e-56757743023f4""",200,"2026-09-09T13:41:08Z"
"https://listdata.thelist.tas.gov.au/opendata/data/NCH_ES_T_WINE_2050_B1_STATEWIDE.zip","NCH_ES_T_WINE_2050_B1_STATEWIDE.zip","NCH_ES_T_WINE_2050_B1_STATEWIDE.zip",FALSE,28311552,"2023-10-03T14:22:00+1100",28090540,"2018-03-14T04:03:17Z","""16607fc-1aca0ac-56757747974f2""",200,"2026-09-09T13:41:08Z"
"https://listdata.thelist.tas.gov.au/opendata/data/NCH_ES_TABLE_WINE_GRAPES_STATEWIDE.zip","NCH_ES_TABLE_WINE_GRAPES_STATEWIDE.zip","NCH_ES_TABLE_WINE_GRAPES_STATEWIDE.zip",FALSE,30408704,"2020-06-12T12:17:00+1000",30094132,"2018-03-14T04:01:36Z","""16607d4-1cb3334-567576e727b02""",200,"2026-09-09T13:41:08Z"
"https://listdata.thelist.tas.gov.au/opendata/data/NCH_ES_TABLEWINE_2030_V2_STATEWIDE.zip","NCH_ES_TABLEWINE_2030_V2_STATEWIDE.zip","NCH_ES_TABLEWINE_2030_V2_STATEWIDE.zip",FALSE,15728640,"2018-03-14T15:03:00+1100",15508541,"2020-06-25T01:46:19Z","""1660b41-eca43d-5a8dec24f4be5""",200,"2026-09-09T13:41:08Z"
"https://listdata.thelist.tas.gov.au/opendata/data/NCH_ES_TABLEWINE_2050_V2_STATEWIDE.zip","NCH_ES_TABLEWINE_2050_V2_STATEWIDE.zip","NCH_ES_TABLEWINE_2050_V2_STATEWIDE.zip",FALSE,14680064,"2018-03-14T15:03:00+1100",15106045,"2020-06-25T01:49:55Z","""1660b44-e67ffd-5a8decf2b0c74""",200,"2026-09-09T13:41:08Z"
"https://listdata.thelist.tas.gov.au/opendata/data/NCH_ES_TABLEWINE_V2_STATEWIDE.zip","NCH_ES_TABLEWINE_V2_STATEWIDE.zip","NCH_ES_TABLEWINE_V2_STATEWIDE.zip",FALSE,14680064,"2018-03-14T15:01:00+1100",15027768,"2020-06-24T05:35:45Z","""1660b10-e54e38-5a8cdd8fc9076""",200,"2026-09-09T13:41:08Z"
"https://listdata.thelist.tas.gov.au/opendata/data/NCH_ES_TABLEWINE_V2.zip","NCH_ES_TABLEWINE_V2.zip","NCH_ES_TABLEWINE_V2.zip",FALSE,14680064,"2020-06-25T12:01:00+1000",14863572,"2020-06-12T02:17:29Z","""1660b2e-e2ccd4-5a7d9add90e92""",200,"2026-09-09T13:41:08Z"
"https://listdata.thelist.tas.gov.au/opendata/data/NCH_ES_WATER_LOGGING_HAZARD_STATEWIDE.zip","NCH_ES_WATER_LOGGING_HAZARD_STATEWIDE.zip","NCH_ES_WATER_LOGGING_HAZARD_STATEWIDE.zip",FALSE,293601280,"2023-10-03T14:23:00+1100",293584045,"2020-06-24T22:38:15Z","""1660b36-117fbcad-5a8dc21b1078a""",200,"2026-09-09T13:41:08Z"
"https://listdata.thelist.tas.gov.au/opendata/data/NCH_ES_WHEAT_2030_A2_STATEWIDE.zip","NCH_ES_WHEAT_2030_A2_STATEWIDE.zip","NCH_ES_WHEAT_2030_A2_STATEWIDE.zip",FALSE,17825792,"2023-10-03T14:23:00+1100",18077512,"2018-03-14T04:03:22Z","""16607fe-113d748-5675774bfadbd""",200,"2026-09-09T13:41:08Z"
"https://listdata.thelist.tas.gov.au/opendata/data/NCH_ES_WHEAT_2030_B1_STATEWIDE.zip","NCH_ES_WHEAT_2030_B1_STATEWIDE.zip","NCH_ES_WHEAT_2030_B1_STATEWIDE.zip",FALSE,17825792,"2023-10-03T14:23:00+1100",18289843,"2018-03-14T04:03:26Z","""16607ff-11714b3-5675775062378""",200,"2026-09-09T13:41:08Z"
"https://listdata.thelist.tas.gov.au/opendata/data/NCH_ES_WHEAT_2030_V2_STATEWIDE.zip","NCH_ES_WHEAT_2030_V2_STATEWIDE.zip","NCH_ES_WHEAT_2030_V2_STATEWIDE.zip",FALSE,46137344,"2023-10-03T14:24:00+1100",46296882,"2020-06-25T01:56:06Z","""1660b45-2c26f32-5a8dee54acc6c""",200,"2026-09-09T13:41:08Z"
"https://listdata.thelist.tas.gov.au/opendata/data/NCH_ES_WHEAT_2050_A2_STATEWIDE.zip","NCH_ES_WHEAT_2050_A2_STATEWIDE.zip","NCH_ES_WHEAT_2050_A2_STATEWIDE.zip",FALSE,17825792,"2023-10-03T14:28:00+1100",17721279,"2018-03-14T04:03:31Z","""1660800-10e67bf-56757754b2b92""",200,"2026-09-09T13:41:08Z"
"https://listdata.thelist.tas.gov.au/opendata/data/NCH_ES_WHEAT_2050_B1_STATEWIDE.zip","NCH_ES_WHEAT_2050_B1_STATEWIDE.zip","NCH_ES_WHEAT_2050_B1_STATEWIDE.zip",FALSE,17825792,"2020-07-09T08:25:00+1000",18026984,"2018-03-14T04:03:35Z","""1660801-11311e8-56757759388cf""",200,"2026-09-09T13:41:08Z"
"https://listdata.thelist.tas.gov.au/opendata/data/NCH_ES_WHEAT_2050_V2_STATEWIDE.zip","NCH_ES_WHEAT_2050_V2_STATEWIDE.zip","NCH_ES_WHEAT_2050_V2_STATEWIDE.zip",FALSE,45088768,"2020-07-09T08:25:00+1000",45171359,"2020-06-25T02:01:08Z","""1660b46-2b1429f-5a8def747dd1b""",200,"2026-09-09T13:41:08Z"
"https://listdata.thelist.tas.gov.au/opendata/data/NCH_ES_WHEAT_STATEWIDE.zip","NCH_ES_WHEAT_STATEWIDE.zip","NCH_ES_WHEAT_STATEWIDE.zip",FALSE,92274688,"2020-07-09T08:26:00+1000",91794852,"2018-03-14T04:01:47Z","""16607c2-578ada4-567576f154cca""",200,"2026-09-09T13:41:08Z"
"https://listdata.thelist.tas.gov.au/opendata/data/NCH_ES_WHEAT_V2_STATEWIDE.zip","NCH_ES_WHEAT_V2_STATEWIDE.zip","NCH_ES_WHEAT_V2_STATEWIDE.zip",FALSE,47185920,"2025-07-18T10:11:00+1000",47322177,"2020-06-24T05:38:10Z","""1660b11-2d21441-5a8cde19cdd4c""",200,"2026-09-09T13:41:08Z"
"https://listdata.thelist.tas.gov.au/opendata/data/NCH_ES_WHEAT_V2.zip","NCH_ES_WHEAT_V2.zip","NCH_ES_WHEAT_V2.zip",FALSE,38797312,"2020-07-09T08:26:00+1000",38804793,"2020-06-12T02:17:31Z","""1660b2f-2501d39-5a7d9adeb140f""",200,"2026-09-09T13:41:08Z"
"https://listdata.thelist.tas.gov.au/opendata/data/NCH_ES_WIND_EROSION_HAZARD_STATEWIDE.zip","NCH_ES_WIND_EROSION_HAZARD_STATEWIDE.zip","NCH_ES_WIND_EROSION_HAZARD_STATEWIDE.zip",FALSE,14680064,"2025-07-18T11:07:00+1000",14313976,"2020-06-24T22:38:13Z","""1660b37-da69f8-5a8dc21a07a5d""",200,"2026-09-09T13:41:08Z"
"https://listdata.thelist.tas.gov.au/opendata/data/NCH_LANDFORM_CLASSIFICATION_STATEWIDE.zip","NCH_LANDFORM_CLASSIFICATION_STATEWIDE.zip","NCH_LANDFORM_CLASSIFICATION_STATEWIDE.zip",FALSE,17825792,"2025-07-18T10:28:00+1000",18076480,"2018-03-14T04:03:40Z","""16607e9-113d340-5675775d62f87""",200,"2026-09-09T13:41:08Z"
"https://listdata.thelist.tas.gov.au/opendata/data/NCH_ORGANIC_EXTENT_CLASS_STATEWIDE.zip","NCH_ORGANIC_EXTENT_CLASS_STATEWIDE.zip","NCH_ORGANIC_EXTENT_CLASS_STATEWIDE.zip",FALSE,16777216,"2025-07-18T09:15:00+1000",16469539,"2023-10-03T03:22:39Z","""166068b-fb4e23-606c7672ebec8""",200,"2026-09-09T13:41:08Z"
"https://listdata.thelist.tas.gov.au/opendata/data/NCH_ORGANIC_SOIL_MAP_STATEWIDE.zip","NCH_ORGANIC_SOIL_MAP_STATEWIDE.zip","NCH_ORGANIC_SOIL_MAP_STATEWIDE.zip",FALSE,19922944,"2020-06-24T13:37:00+1000",20156441,"2023-10-03T03:23:10Z","""1660c7b-1339019-606c7690ce1d6""",200,"2026-09-09T13:41:08Z"
"https://listdata.thelist.tas.gov.au/opendata/data/NCH_OSM_DEPTH_STATEWIDE.zip","NCH_OSM_DEPTH_STATEWIDE.zip","NCH_OSM_DEPTH_STATEWIDE.zip",FALSE,36700160,"2020-12-22T09:36:00+1100",36255467,"2023-10-03T03:23:29Z","""1660c7c-22936eb-606c76a21ca89""",200,"2026-09-09T13:41:08Z"
"https://listdata.thelist.tas.gov.au/opendata/data/NCH_OSM_DRAINAGE_STATEWIDE.zip","NCH_OSM_DRAINAGE_STATEWIDE.zip","NCH_OSM_DRAINAGE_STATEWIDE.zip",FALSE,14680064,"2025-07-18T09:21:00+1000",15028656,"2023-10-03T03:23:45Z","""1660c7d-e551b0-606c76b18df2e""",200,"2026-09-09T13:41:08Z"
"https://listdata.thelist.tas.gov.au/opendata/data/NCH_OSM_HUMIFICATION_STATEWIDE.zip","NCH_OSM_HUMIFICATION_STATEWIDE.zip","NCH_OSM_HUMIFICATION_STATEWIDE.zip",FALSE,13631488,"2025-08-14T11:20:00+1000",14027579,"2023-10-03T03:24:02Z","""16606c2-d60b3b-606c76c22c3c7""",200,"2026-09-09T13:41:08Z"
"https://listdata.thelist.tas.gov.au/opendata/data/NCH_OSM_PA_SITES_STATEWIDE.zip","NCH_OSM_PA_SITES_STATEWIDE.zip","NCH_OSM_PA_SITES_STATEWIDE.zip",FALSE,131072,"2025-07-17T14:59:00+1000",130701,"2023-10-03T03:28:07Z","""1660c7a-1fe8d-606c77ab39fb0""",200,"2026-09-09T13:41:08Z"
"https://listdata.thelist.tas.gov.au/opendata/data/NCH_SOIL_DRAINAGE_STATEWIDE.zip","NCH_SOIL_DRAINAGE_STATEWIDE.zip","NCH_SOIL_DRAINAGE_STATEWIDE.zip",FALSE,6710886.4,"2022-09-16T15:25:00+1000",6750313,"2020-07-08T22:25:58Z","""1660b47-670069-5a9f597963516""",200,"2026-09-09T13:41:08Z"
"https://listdata.thelist.tas.gov.au/opendata/data/NCH_SOIL_PERMEABILITY_STATEWIDE.zip","NCH_SOIL_PERMEABILITY_STATEWIDE.zip","NCH_SOIL_PERMEABILITY_STATEWIDE.zip",FALSE,4508876.8,"2022-09-16T15:25:00+1000",4468400,"2020-07-08T22:25:59Z","""1660b48-442eb0-5a9f5979df8b7""",200,"2026-09-09T13:41:08Z"
"https://listdata.thelist.tas.gov.au/opendata/data/NCH_SOIL_PH_TO_15CM_STATEWIDE.zip","NCH_SOIL_PH_TO_15CM_STATEWIDE.zip","NCH_SOIL_PH_TO_15CM_STATEWIDE.zip",FALSE,217055232,"2022-09-16T15:25:00+1000",217062623,"2020-07-08T22:26:00Z","""1660b49-cf01cdf-5a9f597ab8def""",200,"2026-09-09T13:41:08Z"
"https://listdata.thelist.tas.gov.au/opendata/data/NCH_SOIL_ROOTING_DEPTH_STATEWIDE.zip","NCH_SOIL_ROOTING_DEPTH_STATEWIDE.zip","NCH_SOIL_ROOTING_DEPTH_STATEWIDE.zip",FALSE,157286400,"2026-08-20T14:15:00+1000",157413692,"2020-07-08T22:26:00Z","""1660b4a-961f13c-5a9f597b619f9""",200,"2026-09-09T13:41:08Z"
"https://listdata.thelist.tas.gov.au/opendata/data/NVA_TASMANIAN_ROADKILL_STATEWIDE.zip","NVA_TASMANIAN_ROADKILL_STATEWIDE.zip","NVA_TASMANIAN_ROADKILL_STATEWIDE.zip",FALSE,17825792,"2025-10-07T14:41:00+1100",17734373,"2025-07-18T00:11:40Z","""1660692-10e9ae5-63a28f864d5e3""",200,"2026-09-09T13:41:08Z"
"https://listdata.thelist.tas.gov.au/opendata/data/PFT_PRIVATE_FOREST_GROUP_STATEWIDE.zip","PFT_PRIVATE_FOREST_GROUP_STATEWIDE.zip","PFT_PRIVATE_FOREST_GROUP_STATEWIDE.zip",FALSE,838860800,"2025-07-18T11:01:00+1000",839108404,"2025-07-18T01:07:09Z","""166068f-3203c734-63a29beca894d""",200,"2026-09-09T13:41:08Z"
"https://listdata.thelist.tas.gov.au/opendata/data/POTENTIAL_AG_LAND_INITIAL_ANALYSIS_STATEWIDE.zip","POTENTIAL_AG_LAND_INITIAL_ANALYSIS_STATEWIDE.zip","POTENTIAL_AG_LAND_INITIAL_ANALYSIS_STATEWIDE.zip",FALSE,71303168,"2025-07-18T09:15:00+1000",71639055,"2025-07-18T00:28:15Z","""166069e-445200f-63a2933a96d00""",200,"2026-09-09T13:41:08Z"
"https://listdata.thelist.tas.gov.au/opendata/data/PUBLIC_FLOOD_INUNDATION_EXTENT_MODELS_STATEWIDE.zip","PUBLIC_FLOOD_INUNDATION_EXTENT_MODELS_STATEWIDE.zip","PUBLIC_FLOOD_INUNDATION_EXTENT_MODELS_STATEWIDE.zip",FALSE,1258291.2,"2026-08-20T14:32:00+1000",1303261,"2025-07-17T23:15:27Z","""1660b32-13e2dd-63a282f5791cf""",200,"2026-09-09T13:41:08Z"
"https://listdata.thelist.tas.gov.au/opendata/data/Python.zip","Python.zip","Python.zip",FALSE,149946368,"2026-08-20T14:32:00+1000",149576043,"2020-06-24T03:37:21Z","""1660b30-8ea596b-5a8cc318302b3""",200,"2026-09-09T13:41:08Z"
"https://listdata.thelist.tas.gov.au/opendata/data/readme.txt","readme.txt","readme.txt",FALSE,2355.2,"2026-08-20T14:33:00+1000",2319,"2020-12-21T22:36:44Z","""1660b9a-90f-5b70117b2d700""",200,"2026-09-09T13:41:08Z"
"https://listdata.thelist.tas.gov.au/opendata/data/RECONNAISSANCE_SOILS_MAP_EXTENTS_100K_STATEWIDE.zip","RECONNAISSANCE_SOILS_MAP_EXTENTS_100K_STATEWIDE.zip","RECONNAISSANCE_SOILS_MAP_EXTENTS_100K_STATEWIDE.zip",FALSE,898048,"2026-08-20T14:32:00+1000",897951,"2025-07-17T23:21:36Z","""166057a-db39f-63a284551ab79""",200,"2026-09-09T13:41:08Z"
"https://listdata.thelist.tas.gov.au/opendata/data/RECREATIONAL_FISHING_ABALONE_ZONES_STATEWIDE.zip","RECREATIONAL_FISHING_ABALONE_ZONES_STATEWIDE.zip","RECREATIONAL_FISHING_ABALONE_ZONES_STATEWIDE.zip",FALSE,2831155.2,"2025-07-10T12:54:00+1000",2827311,"2025-08-14T01:20:01Z","""1660564-2b242f-63c4912858235""",200,"2026-09-09T13:41:08Z"
"https://listdata.thelist.tas.gov.au/opendata/data/RECREATIONAL_FISHING_RESTRICTIONS_STATEWIDE.zip","RECREATIONAL_FISHING_RESTRICTIONS_STATEWIDE.zip","RECREATIONAL_FISHING_RESTRICTIONS_STATEWIDE.zip",FALSE,7549747.2,"2025-07-11T08:50:00+1000",7558815,"2025-07-17T04:59:40Z","""1660563-73569f-63a18e0895025""",200,"2026-09-09T13:41:08Z"
"https://listdata.thelist.tas.gov.au/opendata/data/SES_DESIGN_FLOOD_EVENT_STATEWIDE.zip","SES_DESIGN_FLOOD_EVENT_STATEWIDE.zip","SES_DESIGN_FLOOD_EVENT_STATEWIDE.zip",FALSE,91226112,"2025-07-10T12:54:00+1000",90784415,"2022-09-16T05:25:08Z","""1660c36-569429f-5e8c495d74833""",200,"2026-09-09T13:41:08Z"
"https://listdata.thelist.tas.gov.au/opendata/data/SES_FLOOD_HISTORY_CAL_STUDIES_STATEWIDE.zip","SES_FLOOD_HISTORY_CAL_STUDIES_STATEWIDE.zip","SES_FLOOD_HISTORY_CAL_STUDIES_STATEWIDE.zip",FALSE,73400320,"2025-07-10T12:54:00+1000",73129279,"2022-09-16T05:25:19Z","""1660c37-45bdd3f-5e8c4967eee0a""",200,"2026-09-09T13:41:08Z"
"https://listdata.thelist.tas.gov.au/opendata/data/SES_HISTORIC_FLOOD_EVENT_EXTENT_STATEWIDE.zip","SES_HISTORIC_FLOOD_EVENT_EXTENT_STATEWIDE.zip","SES_HISTORIC_FLOOD_EVENT_EXTENT_STATEWIDE.zip",FALSE,37748736,"2025-07-17T15:00:00+1000",38207137,"2022-09-16T05:25:13Z","""1660b6c-246fea1-5e8c4961e4fe6""",200,"2026-09-09T13:41:08Z"
"https://listdata.thelist.tas.gov.au/opendata/data/SLOPE_MAP_2M_STATEWIDE_old.zip","SLOPE_MAP_2M_STATEWIDE_old.zip","SLOPE_MAP_2M_STATEWIDE_old.zip",FALSE,8589934592,"2021-01-15T10:39:00+1100",8554112966,"2025-10-07T03:41:19Z","""1660570-1fddd67c6-64089574b0d15""",200,"2026-09-09T13:41:08Z"
"https://listdata.thelist.tas.gov.au/opendata/data/SLOPE_MAP_2M_STATEWIDE.zip","SLOPE_MAP_2M_STATEWIDE.zip","SLOPE_MAP_2M_STATEWIDE.zip",FALSE,25769803776,"2025-07-11T08:50:00+1000",25854163340,"2026-08-20T04:15:33Z","""1660cef-60507398c-65972c565bce0""",200,"2026-09-09T13:41:08Z"
"https://listdata.thelist.tas.gov.au/opendata/data/Slope_Map_2m/","Slope_Map_2m/","Slope_Map_2m/",TRUE,,"2020-08-27T11:42:00+1000",,,,,"2026-09-09T13:41:08Z"
"https://listdata.thelist.tas.gov.au/opendata/data/Slope_Map_2m/Old/","Slope_Map_2m/Old/","Old/",TRUE,,,,,,,"2026-09-09T13:41:08Z"
"https://listdata.thelist.tas.gov.au/opendata/data/Slope_Map_2m/Old/2024-06-20/","Slope_Map_2m/Old/2024-06-20/","2024-06-20/",TRUE,,,,,,,"2026-09-09T13:41:08Z"
"https://listdata.thelist.tas.gov.au/opendata/data/Slope_Map_2m/Old/2024-06-20/TAS_Slope_Map_2m.lyr","Slope_Map_2m/Old/2024-06-20/TAS_Slope_Map_2m.lyr","TAS_Slope_Map_2m.lyr",FALSE,9728,,9728,"2024-01-18T01:24:59Z","""1680003-2600-60f2e3b6161f0""",200,"2026-09-09T13:41:08Z"
"https://listdata.thelist.tas.gov.au/opendata/data/Slope_Map_2m/Old/2024-06-20/TAS_Slope_Map_2m.tif","Slope_Map_2m/Old/2024-06-20/TAS_Slope_Map_2m.tif","TAS_Slope_Map_2m.tif",FALSE,8697308774.4,,8740205035,"2024-06-20T05:17:23Z","""1680004-208f4f1eb-61b4b6e10dfab""",200,"2026-09-09T13:41:08Z"
"https://listdata.thelist.tas.gov.au/opendata/data/Slope_Map_2m/Old/2025-18-08/","Slope_Map_2m/Old/2025-18-08/","2025-18-08/",TRUE,,,,,,,"2026-09-09T13:41:08Z"
"https://listdata.thelist.tas.gov.au/opendata/data/Slope_Map_2m/Old/2025-18-08/TAS_Slope_Map_2m.lyr","Slope_Map_2m/Old/2025-18-08/TAS_Slope_Map_2m.lyr","TAS_Slope_Map_2m.lyr",FALSE,9728,,9728,"2024-01-18T01:25:00Z","""1740002-2600-60f2e3b6a5300""",200,"2026-09-09T13:41:08Z"
"https://listdata.thelist.tas.gov.au/opendata/data/Slope_Map_2m/Old/2025-18-08/TAS_Slope_Map_2m.tif","Slope_Map_2m/Old/2025-18-08/TAS_Slope_Map_2m.tif","TAS_Slope_Map_2m.tif",FALSE,8697308774.4,,8724947628,"2025-08-18T01:40:38Z","""1740003-2080c22ac-63c99d399d180""",200,"2026-09-09T13:41:08Z"
"https://listdata.thelist.tas.gov.au/opendata/data/Slope_Map_2m/Slope%20Map%20-%20Fact%20Sheet.pdf","Slope_Map_2m/Slope Map - Fact Sheet.pdf","Slope Map - Fact Sheet.pdf",FALSE,70656,,70144,"2026-07-07T01:32:13Z","""1660cea-11200-655fb5c3e4140""",200,"2026-09-09T13:41:08Z"
"https://listdata.thelist.tas.gov.au/opendata/data/Slope_Map_2m/TAS_Slope_Map_2m.lyr","Slope_Map_2m/TAS_Slope_Map_2m.lyr","TAS_Slope_Map_2m.lyr",FALSE,9728,,9728,"2024-01-18T01:25:00Z","""1660ceb-2600-60f2e3b6a5300""",200,"2026-09-09T13:41:08Z"
"https://listdata.thelist.tas.gov.au/opendata/data/Slope_Map_2m/TAS_Slope_Map_2m.lyrx","Slope_Map_2m/TAS_Slope_Map_2m.lyrx","TAS_Slope_Map_2m.lyrx",FALSE,9318.4,,9328,"2026-07-07T01:16:12Z","""1660cec-2470-655fb22f68f00""",200,"2026-09-09T13:41:08Z"
"https://listdata.thelist.tas.gov.au/opendata/data/Slope_Map_2m/TAS_Slope_Map_2m.tif","Slope_Map_2m/TAS_Slope_Map_2m.tif","TAS_Slope_Map_2m.tif",FALSE,8912057139.2,,8895031261,"2026-07-03T05:03:50Z","""1660ced-2122f67dd-655add9ad9980""",200,"2026-09-09T13:41:08Z"
"https://listdata.thelist.tas.gov.au/opendata/data/TAS_LANDSAT_MOSAIC_2009_2010_STATEWIDE.zip","TAS_LANDSAT_MOSAIC_2009_2010_STATEWIDE.zip","TAS_LANDSAT_MOSAIC_2009_2010_STATEWIDE.zip",FALSE,457179136,"2026-04-30T08:54:00+1000",456842084,"2017-11-09T04:57:52Z","""16606c9-1b3adb64-55d85a5802429""",200,"2026-09-09T13:41:08Z"
"https://listdata.thelist.tas.gov.au/opendata/data/TAS_LANDSAT_MOSAIC_2013_2014_STATEWIDE.zip","TAS_LANDSAT_MOSAIC_2013_2014_STATEWIDE.zip","TAS_LANDSAT_MOSAIC_2013_2014_STATEWIDE.zip",FALSE,462422016,"2026-04-30T08:54:00+1000",462166759,"2017-11-09T04:58:36Z","""16606c7-1b8c1ae7-55d85a8236473""",200,"2026-09-09T13:41:08Z"
"https://listdata.thelist.tas.gov.au/opendata/data/TAS_LANDSAT_MOSAIC_2014_2015_STATEWIDE.zip","TAS_LANDSAT_MOSAIC_2014_2015_STATEWIDE.zip","TAS_LANDSAT_MOSAIC_2014_2015_STATEWIDE.zip",FALSE,454033408,"2025-07-18T10:07:00+1000",454217675,"2017-11-09T04:59:10Z","""16606c4-1b12cfcb-55d85aa26d9f4""",200,"2026-09-09T13:41:08Z"
"https://listdata.thelist.tas.gov.au/opendata/data/TAS_LANDSAT_MOSAIC_DC_2009_2010_STATEWIDE.zip","TAS_LANDSAT_MOSAIC_DC_2009_2010_STATEWIDE.zip","TAS_LANDSAT_MOSAIC_DC_2009_2010_STATEWIDE.zip",FALSE,3040870.4,"2017-09-06T10:28:00+1000",3087572,"2017-11-09T04:58:00Z","""16606c8-2f1cd4-55d85a6034add""",200,"2026-09-09T13:41:08Z"
"https://listdata.thelist.tas.gov.au/opendata/data/TAS_LANDSAT_MOSAIC_DC_2013_2014_STATEWIDE.zip","TAS_LANDSAT_MOSAIC_DC_2013_2014_STATEWIDE.zip","TAS_LANDSAT_MOSAIC_DC_2013_2014_STATEWIDE.zip",FALSE,1468006.4,"2025-07-17T15:01:00+1000",1487658,"2017-11-09T04:58:37Z","""16606c6-16b32a-55d85a82f1871""",200,"2026-09-09T13:41:08Z"
"https://listdata.thelist.tas.gov.au/opendata/data/TAS_LANDSAT_MOSAIC_DC_2014_2015_STATEWIDE.zip","TAS_LANDSAT_MOSAIC_DC_2014_2015_STATEWIDE.zip","TAS_LANDSAT_MOSAIC_DC_2014_2015_STATEWIDE.zip",FALSE,1782579.2,"2021-03-18T11:47:00+1100",1758951,"2017-11-09T04:59:10Z","""16606c5-1ad6e7-55d85aa31a794""",200,"2026-09-09T13:41:08Z"
"https://listdata.thelist.tas.gov.au/opendata/data/TASGAS_DECLARED_PIPELINE_CORRIDOR_STATEWIDE.zip","TASGAS_DECLARED_PIPELINE_CORRIDOR_STATEWIDE.zip","TASGAS_DECLARED_PIPELINE_CORRIDOR_STATEWIDE.zip",FALSE,583680,"2025-07-18T09:48:00+1000",584189,"2025-07-18T01:01:00Z","""16606be-8e9fd-63a29a8d1b6e6""",200,"2026-09-09T13:41:08Z"
"https://listdata.thelist.tas.gov.au/opendata/data/TASMANIAN_GAS_PIPELINE_EASEMENT_STATEWIDE.zip","TASMANIAN_GAS_PIPELINE_EASEMENT_STATEWIDE.zip","TASMANIAN_GAS_PIPELINE_EASEMENT_STATEWIDE.zip",FALSE,152576,"2020-09-25T11:31:00+1000",152202,"2025-07-17T23:15:10Z","""1660b1d-2528a-63a282e4fa6fa""",200,"2026-09-09T13:41:08Z"
"https://listdata.thelist.tas.gov.au/opendata/data/TASMANIAN_PLANNING_SCHEME_CODE_OVERLAY_STATEWIDE.zip","TASMANIAN_PLANNING_SCHEME_CODE_OVERLAY_STATEWIDE.zip","TASMANIAN_PLANNING_SCHEME_CODE_OVERLAY_STATEWIDE.zip",FALSE,1288490188.8,"2025-07-18T09:49:00+1000",1319248472,"2026-08-20T04:32:05Z","""1660b31-4ea22258-6597300929df0""",200,"2026-09-09T13:41:08Z"
"https://listdata.thelist.tas.gov.au/opendata/data/TASMANIAN_PLANNING_SCHEME_GENERAL_OVERLAY_STATEWIDE.zip","TASMANIAN_PLANNING_SCHEME_GENERAL_OVERLAY_STATEWIDE.zip","TASMANIAN_PLANNING_SCHEME_GENERAL_OVERLAY_STATEWIDE.zip",FALSE,35651584,"2017-11-09T15:57:00+1100",35242116,"2026-08-20T04:32:29Z","""1660b73-219c084-6597301fb3695""",200,"2026-09-09T13:41:08Z"
"https://listdata.thelist.tas.gov.au/opendata/data/TASMANIAN_PLANNING_SCHEME_ZONE_BOUNDARIES_STATEWIDE.zip","TASMANIAN_PLANNING_SCHEME_ZONE_BOUNDARIES_STATEWIDE.zip","TASMANIAN_PLANNING_SCHEME_ZONE_BOUNDARIES_STATEWIDE.zip",FALSE,3565158.4,"2017-11-09T15:59:00+1100",3543887,"2026-08-20T04:32:44Z","""16607ce-36134f-6597302e0e683""",200,"2026-09-09T13:41:08Z"
"https://listdata.thelist.tas.gov.au/opendata/data/TASMANIAN_PLANNING_SCHEME_ZONES_STATEWIDE.zip","TASMANIAN_PLANNING_SCHEME_ZONES_STATEWIDE.zip","TASMANIAN_PLANNING_SCHEME_ZONES_STATEWIDE.zip",FALSE,114294784,"2017-11-09T15:58:00+1100",113800044,"2026-08-20T04:33:13Z","""1660965-6c8736c-659730491a372""",200,"2026-09-09T13:41:08Z"
"https://listdata.thelist.tas.gov.au/opendata/data/TASMAP_1_100K_INDEX_STATEWIDE.zip","TASMAP_1_100K_INDEX_STATEWIDE.zip","TASMAP_1_100K_INDEX_STATEWIDE.zip",FALSE,62464,"2017-11-09T15:59:00+1100",62476,"2025-07-10T02:54:05Z","""166065f-f40c-6398a4e849c44""",200,"2026-09-09T13:41:08Z"
"https://listdata.thelist.tas.gov.au/opendata/data/TASMAP_1_250K_INDEX_STATEWIDE.zip","TASMAP_1_250K_INDEX_STATEWIDE.zip","TASMAP_1_250K_INDEX_STATEWIDE.zip",FALSE,34816,"2025-07-18T09:15:00+1000",34817,"2025-07-10T02:54:12Z","""1660660-8801-6398a4ef152d9""",200,"2026-09-09T13:41:08Z"
"https://listdata.thelist.tas.gov.au/opendata/data/TASMAP_1_25K_INDEX_STATEWIDE.zip","TASMAP_1_25K_INDEX_STATEWIDE.zip","TASMAP_1_25K_INDEX_STATEWIDE.zip",FALSE,157696,"2017-11-09T15:58:00+1100",157719,"2025-07-10T02:54:19Z","""1660661-26817-6398a4f551bd4""",200,"2026-09-09T13:41:08Z"
"https://listdata.thelist.tas.gov.au/opendata/data/TASMAP_1_50K_INDEX_STATEWIDE.zip","TASMAP_1_50K_INDEX_STATEWIDE.zip","TASMAP_1_50K_INDEX_STATEWIDE.zip",FALSE,62464,"2017-11-09T15:58:00+1100",61987,"2025-07-10T22:50:48Z","""16606aa-f223-6399b06462a4a""",200,"2026-09-09T13:41:08Z"
"https://listdata.thelist.tas.gov.au/opendata/data/TASMAP_NATIONAL_PARK_MAP_INDEX_STATEWIDE.zip","TASMAP_NATIONAL_PARK_MAP_INDEX_STATEWIDE.zip","TASMAP_NATIONAL_PARK_MAP_INDEX_STATEWIDE.zip",FALSE,40960,"2026-02-18T11:12:00+1100",41145,"2025-07-17T05:00:04Z","""1660575-a0b9-63a18e1f3b52b""",200,"2026-09-09T13:41:08Z"
"https://listdata.thelist.tas.gov.au/opendata/data/TASMAP_ORTHO_INDEX_STATEWIDE.zip","TASMAP_ORTHO_INDEX_STATEWIDE.zip","TASMAP_ORTHO_INDEX_STATEWIDE.zip",FALSE,200704,"2026-02-18T11:11:00+1100",200546,"2025-07-10T22:50:54Z","""1660662-30f62-6399b06acc0f7""",200,"2026-09-09T13:41:08Z"
"https://listdata.thelist.tas.gov.au/opendata/data/TASMAP_TTSA_INDEX_STATEWIDE.zip","TASMAP_TTSA_INDEX_STATEWIDE.zip","TASMAP_TTSA_INDEX_STATEWIDE.zip",FALSE,96256,"2026-02-18T11:13:00+1100",96517,"2021-01-14T23:39:56Z","""1660663-17905-5b8e4c5f041fc""",200,"2026-09-09T13:41:08Z"
"https://listdata.thelist.tas.gov.au/opendata/data/TASWATER_SEWER_OPERATIONAL_AREAS_STATEWIDE.zip","TASWATER_SEWER_OPERATIONAL_AREAS_STATEWIDE.zip","TASWATER_SEWER_OPERATIONAL_AREAS_STATEWIDE.zip",FALSE,225280,"2026-02-18T11:12:00+1100",225192,"2025-07-17T23:48:38Z","""1660b70-36fa8-63a28a6091308""",200,"2026-09-09T13:41:08Z"
"https://listdata.thelist.tas.gov.au/opendata/data/TASWATER_SEWER_SYSTEMS_STATEWIDE.zip","TASWATER_SEWER_SYSTEMS_STATEWIDE.zip","TASWATER_SEWER_SYSTEMS_STATEWIDE.zip",FALSE,229376,"2026-04-30T08:54:00+1000",229365,"2020-09-25T01:31:03Z","""16606c3-37ff5-5b019451dde03""",200,"2026-09-09T13:41:08Z"
"https://listdata.thelist.tas.gov.au/opendata/data/TASWATER_WATER_CUSTOMER_CONNECTION_POINT_STATEWIDE.zip","TASWATER_WATER_CUSTOMER_CONNECTION_POINT_STATEWIDE.zip","TASWATER_WATER_CUSTOMER_CONNECTION_POINT_STATEWIDE.zip",FALSE,40894464,"2026-04-30T08:54:00+1000",40695311,"2025-07-17T23:49:33Z","""166069a-26cf60f-63a28a94add3c""",200,"2026-09-09T13:41:08Z"
"https://listdata.thelist.tas.gov.au/opendata/data/TERRITORIAL_SEA__AREA_STATEWIDE.zip","TERRITORIAL_SEA__AREA_STATEWIDE.zip","TERRITORIAL_SEA__AREA_STATEWIDE.zip",FALSE,3460300.8,"2021-03-18T10:19:00+1100",3463231,"2025-07-17T23:15:36Z","""1660c71-34d83f-63a282fd74a23""",200,"2026-09-09T13:41:08Z"
"https://listdata.thelist.tas.gov.au/opendata/data/TSFM_0_POINT_5_PERCENT_AEP_STATEWIDE.zip","TSFM_0_POINT_5_PERCENT_AEP_STATEWIDE.zip","TSFM_0_POINT_5_PERCENT_AEP_STATEWIDE.zip",FALSE,675282944,"2021-03-18T10:34:00+1100",675347073,"2026-02-18T00:12:42Z","""1660c99-2840fa81-64b0e0bf0ae7c""",200,"2026-09-09T13:41:08Z"
"https://listdata.thelist.tas.gov.au/opendata/data/TSFM_1_PERCENT_AEP_CLIMATE_CHANGE_STATEWIDE.zip","TSFM_1_PERCENT_AEP_CLIMATE_CHANGE_STATEWIDE.zip","TSFM_1_PERCENT_AEP_CLIMATE_CHANGE_STATEWIDE.zip",FALSE,687865856,"2021-03-18T10:36:00+1100",687757053,"2026-02-18T00:11:36Z","""1660c97-28fe56fd-64b0e08074535""",200,"2026-09-09T13:41:08Z"
"https://listdata.thelist.tas.gov.au/opendata/data/TSFM_1_PERCENT_AEP_STATEWIDE.zip","TSFM_1_PERCENT_AEP_STATEWIDE.zip","TSFM_1_PERCENT_AEP_STATEWIDE.zip",FALSE,628097024,"2021-03-18T11:39:00+1100",628370057,"2026-02-18T00:13:04Z","""1660ce1-25742a89-64b0e0d3dc5db""",200,"2026-09-09T13:41:08Z"
"https://listdata.thelist.tas.gov.au/opendata/data/TSFM_2_PERCENT_AEP_STATEWIDE.zip","TSFM_2_PERCENT_AEP_STATEWIDE.zip","TSFM_2_PERCENT_AEP_STATEWIDE.zip",FALSE,587202560,"2021-03-18T10:38:00+1100",587035422,"2026-02-18T00:12:15Z","""1660c98-22fd731e-64b0e0a58bd1a""",200,"2026-09-09T13:41:08Z"
"https://listdata.thelist.tas.gov.au/opendata/data/TSFM_CALIBRATION_DATA_DEPTH_STATEWIDE.zip","TSFM_CALIBRATION_DATA_DEPTH_STATEWIDE.zip","TSFM_CALIBRATION_DATA_DEPTH_STATEWIDE.zip",FALSE,244318208,"2021-03-18T11:48:00+1100",244400517,"2026-04-29T22:54:46Z","""1660ce4-e914185-650a13bf7ea18""",200,"2026-09-09T13:41:08Z"
"https://listdata.thelist.tas.gov.au/opendata/data/TSFM_CALIBRATION_DATA_HAZARD_STATEWIDE.zip","TSFM_CALIBRATION_DATA_HAZARD_STATEWIDE.zip","TSFM_CALIBRATION_DATA_HAZARD_STATEWIDE.zip",FALSE,28311552,"2021-03-18T10:50:00+1100",27879923,"2026-04-29T22:54:50Z","""1660ce2-1a969f3-650a13c3e89c8""",200,"2026-09-09T13:41:08Z"
"https://listdata.thelist.tas.gov.au/opendata/data/TSFM_CALIBRATION_DATA_VELOCITY_STATEWIDE.zip","TSFM_CALIBRATION_DATA_VELOCITY_STATEWIDE.zip","TSFM_CALIBRATION_DATA_VELOCITY_STATEWIDE.zip",FALSE,238026752,"2021-03-18T10:53:00+1100",237632145,"2026-04-29T22:54:55Z","""1660ce6-e29fa91-650a13c7ed3ba""",200,"2026-09-09T13:41:08Z"
"https://listdata.thelist.tas.gov.au/opendata/data/TSFM_CALIBRATION_DATA_WATERLEVEL_STATEWIDE.zip","TSFM_CALIBRATION_DATA_WATERLEVEL_STATEWIDE.zip","TSFM_CALIBRATION_DATA_WATERLEVEL_STATEWIDE.zip",FALSE,182452224,"2021-03-18T11:53:00+1100",182603913,"2026-04-29T22:54:29Z","""1660ce5-ae25089-650a13af85fb9""",200,"2026-09-09T13:41:08Z"
"https://listdata.thelist.tas.gov.au/opendata/data/V_OFFTAKES_STATEWIDE.zip","V_OFFTAKES_STATEWIDE.zip","V_OFFTAKES_STATEWIDE.zip",FALSE,1363148.8,"2021-03-18T10:39:00+1100",1322907,"2025-07-18T00:07:15Z","""1660c1c-142f9b-63a28e895897a""",200,"2026-09-09T13:41:08Z"
"https://listdata.thelist.tas.gov.au/opendata/data/WATER_MANAGEMENT_PLAN_AREAS_STATEWIDE.zip","WATER_MANAGEMENT_PLAN_AREAS_STATEWIDE.zip","WATER_MANAGEMENT_PLAN_AREAS_STATEWIDE.zip",FALSE,2936012.8,"2021-03-18T11:01:00+1100",2969771,"2025-07-17T05:01:28Z","""1660479-2d50ab-63a18e6f050dd""",200,"2026-09-09T13:41:08Z"
"https://listdata.thelist.tas.gov.au/opendata/data/WATER_MANAGEMENT_PLAN_AREAS.LYR_STATEWIDE.zip","WATER_MANAGEMENT_PLAN_AREAS.LYR_STATEWIDE.zip","WATER_MANAGEMENT_PLAN_AREAS.LYR_STATEWIDE.zip",FALSE,3040870.4,"2021-03-18T13:50:00+1100",3043690,"2017-09-06T00:28:37Z","""1660477-2e716a-5587a6cbe3cfd""",200,"2026-09-09T13:41:08Z"
"https://listdata.thelist.tas.gov.au/opendata/data/WEDGETAILED_EAGLE_NESTING_HABITAT_HIGH_BREAK_O_DAY.zip","WEDGETAILED_EAGLE_NESTING_HABITAT_HIGH_BREAK_O_DAY.zip","WEDGETAILED_EAGLE_NESTING_HABITAT_HIGH_BREAK_O_DAY.zip",FALSE,23068672,"2021-03-18T10:56:00+1100",23026936,"2021-03-18T00:47:01Z","""1660af1-15f5cf8-5bdc4f009c9f5""",200,"2026-09-09T13:41:08Z"
"https://listdata.thelist.tas.gov.au/opendata/data/WEDGETAILED_EAGLE_NESTING_HABITAT_HIGH_BRIGHTON.zip","WEDGETAILED_EAGLE_NESTING_HABITAT_HIGH_BRIGHTON.zip","WEDGETAILED_EAGLE_NESTING_HABITAT_HIGH_BRIGHTON.zip",FALSE,581632,"2021-03-18T11:57:00+1100",581366,"2021-03-17T23:19:25Z","""1660ae0-8def6-5bdc3b6bf7d42""",200,"2026-09-09T13:41:08Z"
"https://listdata.thelist.tas.gov.au/opendata/data/WEDGETAILED_EAGLE_NESTING_HABITAT_HIGH_BURNIE.zip","WEDGETAILED_EAGLE_NESTING_HABITAT_HIGH_BURNIE.zip","WEDGETAILED_EAGLE_NESTING_HABITAT_HIGH_BURNIE.zip",FALSE,1048576,"2021-03-18T10:59:00+1100",1018281,"2021-03-17T23:34:51Z","""1660ae6-f89a9-5bdc3ede69954""",200,"2026-09-09T13:41:08Z"
"https://listdata.thelist.tas.gov.au/opendata/data/WEDGETAILED_EAGLE_NESTING_HABITAT_HIGH_CENTRAL_COAST.zip","WEDGETAILED_EAGLE_NESTING_HABITAT_HIGH_CENTRAL_COAST.zip","WEDGETAILED_EAGLE_NESTING_HABITAT_HIGH_CENTRAL_COAST.zip",FALSE,1992294.4,"2021-03-18T10:47:00+1100",2003113,"2021-03-17T23:36:23Z","""1660ae7-1e90a9-5bdc3f3653478""",200,"2026-09-09T13:41:08Z"
"https://listdata.thelist.tas.gov.au/opendata/data/WEDGETAILED_EAGLE_NESTING_HABITAT_HIGH_CENTRAL_HIGHLANDS.zip","WEDGETAILED_EAGLE_NESTING_HABITAT_HIGH_CENTRAL_HIGHLANDS.zip","WEDGETAILED_EAGLE_NESTING_HABITAT_HIGH_CENTRAL_HIGHLANDS.zip",FALSE,211812352,"2021-03-18T10:52:00+1100",212266651,"2021-03-18T00:39:59Z","""1660aef-ca6ee9b-5bdc4d6d528a5""",200,"2026-09-09T13:41:08Z"
"https://listdata.thelist.tas.gov.au/opendata/data/WEDGETAILED_EAGLE_NESTING_HABITAT_HIGH_CIRCULAR_HEAD.zip","WEDGETAILED_EAGLE_NESTING_HABITAT_HIGH_CIRCULAR_HEAD.zip","WEDGETAILED_EAGLE_NESTING_HABITAT_HIGH_CIRCULAR_HEAD.zip",FALSE,7549747.2,"2021-03-18T10:41:00+1100",7554712,"2021-03-17T23:38:09Z","""1660ae9-734698-5bdc3f9bc0c60""",200,"2026-09-09T13:41:08Z"
"https://listdata.thelist.tas.gov.au/opendata/data/WEDGETAILED_EAGLE_NESTING_HABITAT_HIGH_CLARENCE.zip","WEDGETAILED_EAGLE_NESTING_HABITAT_HIGH_CLARENCE.zip","WEDGETAILED_EAGLE_NESTING_HABITAT_HIGH_CLARENCE.zip",FALSE,1153433.6,"2021-03-18T10:55:00+1100",1111756,"2021-03-18T00:48:42Z","""1660ae3-10f6cc-5bdc4f60d1894""",200,"2026-09-09T13:41:08Z"
"https://listdata.thelist.tas.gov.au/opendata/data/WEDGETAILED_EAGLE_NESTING_HABITAT_HIGH_DERWENT_VALLEY.zip","WEDGETAILED_EAGLE_NESTING_HABITAT_HIGH_DERWENT_VALLEY.zip","WEDGETAILED_EAGLE_NESTING_HABITAT_HIGH_DERWENT_VALLEY.zip",FALSE,13631488,"2021-03-18T14:12:00+1100",13849417,"2021-03-17T23:50:34Z","""1660af0-d35349-5bdc4261cda11""",200,"2026-09-09T13:41:08Z"
"https://listdata.thelist.tas.gov.au/opendata/data/WEDGETAILED_EAGLE_NESTING_HABITAT_HIGH_DEVONPORT.zip","WEDGETAILED_EAGLE_NESTING_HABITAT_HIGH_DEVONPORT.zip","WEDGETAILED_EAGLE_NESTING_HABITAT_HIGH_DEVONPORT.zip",FALSE,600064,"2021-03-18T14:07:00+1100",600549,"2021-03-17T23:53:46Z","""1660ae8-929e5-5bdc431901020""",200,"2026-09-09T13:41:08Z"
"https://listdata.thelist.tas.gov.au/opendata/data/WEDGETAILED_EAGLE_NESTING_HABITAT_HIGH_DORSET.zip","WEDGETAILED_EAGLE_NESTING_HABITAT_HIGH_DORSET.zip","WEDGETAILED_EAGLE_NESTING_HABITAT_HIGH_DORSET.zip",FALSE,12582912,"2021-03-18T13:49:00+1100",12105577,"2021-03-18T00:53:12Z","""1660af2-b8b769-5bdc50625a1c8""",200,"2026-09-09T13:41:08Z"
"https://listdata.thelist.tas.gov.au/opendata/data/WEDGETAILED_EAGLE_NESTING_HABITAT_HIGH_FLINDERS.zip","WEDGETAILED_EAGLE_NESTING_HABITAT_HIGH_FLINDERS.zip","WEDGETAILED_EAGLE_NESTING_HABITAT_HIGH_FLINDERS.zip",FALSE,9646899.2,"2021-03-18T11:54:00+1100",9677396,"2021-03-17T23:39:41Z","""1660aea-93aa54-5bdc3ff34403a""",200,"2026-09-09T13:41:08Z"
"https://listdata.thelist.tas.gov.au/opendata/data/WEDGETAILED_EAGLE_NESTING_HABITAT_HIGH_GEORGE_TOWN.zip","WEDGETAILED_EAGLE_NESTING_HABITAT_HIGH_GEORGE_TOWN.zip","WEDGETAILED_EAGLE_NESTING_HABITAT_HIGH_GEORGE_TOWN.zip",FALSE,1153433.6,"2021-03-18T11:03:00+1100",1173605,"2021-03-18T02:50:33Z","""1660af7-11e865-5bdc6a9cfb6c8""",200,"2026-09-09T13:41:08Z"
"https://listdata.thelist.tas.gov.au/opendata/data/WEDGETAILED_EAGLE_NESTING_HABITAT_HIGH_GLAMORGAN_SPRING_BAY.zip","WEDGETAILED_EAGLE_NESTING_HABITAT_HIGH_GLAMORGAN_SPRING_BAY.zip","WEDGETAILED_EAGLE_NESTING_HABITAT_HIGH_GLAMORGAN_SPRING_BAY.zip",FALSE,5976883.2,"2021-03-18T10:33:00+1100",5981533,"2021-03-18T00:01:06Z","""1660ae5-5b455d-5bdc44bcab060""",200,"2026-09-09T13:41:08Z"
"https://listdata.thelist.tas.gov.au/opendata/data/WEDGETAILED_EAGLE_NESTING_HABITAT_HIGH_GLENORCHY.zip","WEDGETAILED_EAGLE_NESTING_HABITAT_HIGH_GLENORCHY.zip","WEDGETAILED_EAGLE_NESTING_HABITAT_HIGH_GLENORCHY.zip",FALSE,1048576,"2021-03-18T10:20:00+1100",1023890,"2021-03-17T23:56:55Z","""1660af5-f9f92-5bdc43cddf332""",200,"2026-09-09T13:41:08Z"
"https://listdata.thelist.tas.gov.au/opendata/data/WEDGETAILED_EAGLE_NESTING_HABITAT_HIGH_HOBART.zip","WEDGETAILED_EAGLE_NESTING_HABITAT_HIGH_HOBART.zip","WEDGETAILED_EAGLE_NESTING_HABITAT_HIGH_HOBART.zip",FALSE,712704,"2021-03-18T10:45:00+1100",712357,"2021-03-18T00:57:05Z","""1660af9-adea5-5bdc51402d22a""",200,"2026-09-09T13:41:08Z"
"https://listdata.thelist.tas.gov.au/opendata/data/WEDGETAILED_EAGLE_NESTING_HABITAT_HIGH_HUON_VALLEY.zip","WEDGETAILED_EAGLE_NESTING_HABITAT_HIGH_HUON_VALLEY.zip","WEDGETAILED_EAGLE_NESTING_HABITAT_HIGH_HUON_VALLEY.zip",FALSE,14680064,"2021-03-18T14:13:00+1100",14899603,"2021-03-17T23:59:19Z","""1660afb-e35993-5bdc445653ba6""",200,"2026-09-09T13:41:08Z"
"https://listdata.thelist.tas.gov.au/opendata/data/WEDGETAILED_EAGLE_NESTING_HABITAT_HIGH_KENTISH.zip","WEDGETAILED_EAGLE_NESTING_HABITAT_HIGH_KENTISH.zip","WEDGETAILED_EAGLE_NESTING_HABITAT_HIGH_KENTISH.zip",FALSE,13631488,"2024-01-11T03:06:00+1100",13249775,"2021-03-17T23:47:57Z","""1660aee-ca2cef-5bdc41cc2564c""",200,"2026-09-09T13:41:08Z"
"https://listdata.thelist.tas.gov.au/opendata/data/WEDGETAILED_EAGLE_NESTING_HABITAT_HIGH_KING_ISLAND.zip","WEDGETAILED_EAGLE_NESTING_HABITAT_HIGH_KING_ISLAND.zip","WEDGETAILED_EAGLE_NESTING_HABITAT_HIGH_KING_ISLAND.zip",FALSE,4299161.6,"2024-01-11T03:18:00+1100",4312180,"2021-03-17T23:41:19Z","""1660aeb-41cc74-5bdc40506ac35""",200,"2026-09-09T13:41:08Z"
"https://listdata.thelist.tas.gov.au/opendata/data/WEDGETAILED_EAGLE_NESTING_HABITAT_HIGH_KINGBOROUGH.zip","WEDGETAILED_EAGLE_NESTING_HABITAT_HIGH_KINGBOROUGH.zip","WEDGETAILED_EAGLE_NESTING_HABITAT_HIGH_KINGBOROUGH.zip",FALSE,2516582.4,"2024-01-11T02:00:00+1100",2495289,"2021-03-17T23:52:14Z","""1660af8-261339-5bdc42c11c5b6""",200,"2026-09-09T13:41:08Z"
"https://listdata.thelist.tas.gov.au/opendata/data/WEDGETAILED_EAGLE_NESTING_HABITAT_HIGH_LATROBE.zip","WEDGETAILED_EAGLE_NESTING_HABITAT_HIGH_LATROBE.zip","WEDGETAILED_EAGLE_NESTING_HABITAT_HIGH_LATROBE.zip",FALSE,757760,"2024-01-11T02:19:00+1100",757750,"2021-03-17T23:55:20Z","""1660aed-b8ff6-5bdc437264e9d""",200,"2026-09-09T13:41:08Z"
"https://listdata.thelist.tas.gov.au/opendata/data/WEDGETAILED_EAGLE_NESTING_HABITAT_HIGH_LAUNCESTON.zip","WEDGETAILED_EAGLE_NESTING_HABITAT_HIGH_LAUNCESTON.zip","WEDGETAILED_EAGLE_NESTING_HABITAT_HIGH_LAUNCESTON.zip",FALSE,11534336,"2024-01-11T03:23:00+1100",11159814,"2021-03-18T03:12:09Z","""1660afa-aa4906-5bdc6f7075150""",200,"2026-09-09T13:41:08Z"
"https://listdata.thelist.tas.gov.au/opendata/data/WEDGETAILED_EAGLE_NESTING_HABITAT_HIGH_MEANDER_VALLEY.zip","WEDGETAILED_EAGLE_NESTING_HABITAT_HIGH_MEANDER_VALLEY.zip","WEDGETAILED_EAGLE_NESTING_HABITAT_HIGH_MEANDER_VALLEY.zip",FALSE,56623104,"2024-01-11T02:04:00+1100",56815934,"2021-03-18T03:07:25Z","""1660afc-362f13e-5bdc6e61c3891""",200,"2026-09-09T13:41:08Z"
"https://listdata.thelist.tas.gov.au/opendata/data/WEDGETAILED_EAGLE_NESTING_HABITAT_HIGH_NORTHERN_MIDLANDS.zip","WEDGETAILED_EAGLE_NESTING_HABITAT_HIGH_NORTHERN_MIDLANDS.zip","WEDGETAILED_EAGLE_NESTING_HABITAT_HIGH_NORTHERN_MIDLANDS.zip",FALSE,33554432,"2024-01-11T02:39:00+1100",33888555,"2021-03-18T02:49:17Z","""1660af3-205192b-5bdc6a54467bb""",200,"2026-09-09T13:41:08Z"
"https://listdata.thelist.tas.gov.au/opendata/data/WEDGETAILED_EAGLE_NESTING_HABITAT_HIGH_SORELL.zip","WEDGETAILED_EAGLE_NESTING_HABITAT_HIGH_SORELL.zip","WEDGETAILED_EAGLE_NESTING_HABITAT_HIGH_SORELL.zip",FALSE,824320,"2024-01-11T03:12:00+1100",824159,"2021-03-18T00:54:50Z","""1660ae2-c935f-5bdc50bf4bc06""",200,"2026-09-09T13:41:08Z"
"https://listdata.thelist.tas.gov.au/opendata/data/WEDGETAILED_EAGLE_NESTING_HABITAT_HIGH_SOUTHERN_MIDLANDS.zip","WEDGETAILED_EAGLE_NESTING_HABITAT_HIGH_SOUTHERN_MIDLANDS.zip","WEDGETAILED_EAGLE_NESTING_HABITAT_HIGH_SOUTHERN_MIDLANDS.zip",FALSE,2831155.2,"2024-01-11T02:13:00+1100",2823054,"2021-03-18T00:03:12Z","""1660af4-2b138e-5bdc453536157""",200,"2026-09-09T13:41:08Z"
"https://listdata.thelist.tas.gov.au/opendata/data/WEDGETAILED_EAGLE_NESTING_HABITAT_HIGH_TASMAN.zip","WEDGETAILED_EAGLE_NESTING_HABITAT_HIGH_TASMAN.zip","WEDGETAILED_EAGLE_NESTING_HABITAT_HIGH_TASMAN.zip",FALSE,3460300.8,"2024-01-11T02:08:00+1100",3482601,"2021-03-17T23:33:21Z","""1660ae4-3523e9-5bdc3e8959012""",200,"2026-09-09T13:41:08Z"
"https://listdata.thelist.tas.gov.au/opendata/data/WEDGETAILED_EAGLE_NESTING_HABITAT_HIGH_WARATAH_WYNYARD.zip","WEDGETAILED_EAGLE_NESTING_HABITAT_HIGH_WARATAH_WYNYARD.zip","WEDGETAILED_EAGLE_NESTING_HABITAT_HIGH_WARATAH_WYNYARD.zip",FALSE,4928307.2,"2024-01-11T02:27:00+1100",4970039,"2021-03-17T23:20:58Z","""1660ae1-4bd637-5bdc3bc47b9d0""",200,"2026-09-09T13:41:08Z"
"https://listdata.thelist.tas.gov.au/opendata/data/WEDGETAILED_EAGLE_NESTING_HABITAT_HIGH_WEST_COAST.zip","WEDGETAILED_EAGLE_NESTING_HABITAT_HIGH_WEST_COAST.zip","WEDGETAILED_EAGLE_NESTING_HABITAT_HIGH_WEST_COAST.zip",FALSE,42991616,"2024-01-11T02:38:00+1100",43051765,"2021-03-17T23:45:43Z","""1660aec-290eaf5-5bdc414c57eea""",200,"2026-09-09T13:41:08Z"
"https://listdata.thelist.tas.gov.au/opendata/data/WEDGETAILED_EAGLE_NESTING_HABITAT_HIGH_WEST_TAMAR.zip","WEDGETAILED_EAGLE_NESTING_HABITAT_HIGH_WEST_TAMAR.zip","WEDGETAILED_EAGLE_NESTING_HABITAT_HIGH_WEST_TAMAR.zip",FALSE,845824,"2024-01-11T02:44:00+1100",845355,"2021-03-18T03:13:27Z","""1660af6-ce62b-5bdc6fbb1359b""",200,"2026-09-09T13:41:08Z"
"https://listdata.thelist.tas.gov.au/opendata/data/WEDGETAILED_EAGLE_NESTING_HABITAT_LOW_BREAK_O_DAY.zip","WEDGETAILED_EAGLE_NESTING_HABITAT_LOW_BREAK_O_DAY.zip","WEDGETAILED_EAGLE_NESTING_HABITAT_LOW_BREAK_O_DAY.zip",FALSE,297795584,"2024-01-11T02:19:00+1100",297426178,"2024-01-10T16:06:48Z","""1660ad0-11ba5d02-60e999e41b458""",200,"2026-09-09T13:41:08Z"
"https://listdata.thelist.tas.gov.au/opendata/data/WEDGETAILED_EAGLE_NESTING_HABITAT_LOW_BRIGHTON.zip","WEDGETAILED_EAGLE_NESTING_HABITAT_LOW_BRIGHTON.zip","WEDGETAILED_EAGLE_NESTING_HABITAT_LOW_BRIGHTON.zip",FALSE,7864320,"2024-01-11T02:01:00+1100",7869211,"2024-01-10T15:00:39Z","""1660ad1-78131b-60e98b1b5f89a""",200,"2026-09-09T13:41:08Z"
"https://listdata.thelist.tas.gov.au/opendata/data/WEDGETAILED_EAGLE_NESTING_HABITAT_LOW_BURNIE.zip","WEDGETAILED_EAGLE_NESTING_HABITAT_LOW_BURNIE.zip","WEDGETAILED_EAGLE_NESTING_HABITAT_LOW_BURNIE.zip",FALSE,25165824,"2024-01-11T02:53:00+1100",25275137,"2024-01-10T16:18:22Z","""1660ad2-181ab01-60e99c7a434f2""",200,"2026-09-09T13:41:08Z"
"https://listdata.thelist.tas.gov.au/opendata/data/WEDGETAILED_EAGLE_NESTING_HABITAT_LOW_CENTRAL_COAST.zip","WEDGETAILED_EAGLE_NESTING_HABITAT_LOW_CENTRAL_COAST.zip","WEDGETAILED_EAGLE_NESTING_HABITAT_LOW_CENTRAL_COAST.zip",FALSE,47185920,"2024-01-11T02:46:00+1100",47524727,"2024-01-10T15:19:27Z","""1660ad3-2d52b77-60e98f4eadd31""",200,"2026-09-09T13:41:08Z"
"https://listdata.thelist.tas.gov.au/opendata/data/WEDGETAILED_EAGLE_NESTING_HABITAT_LOW_CENTRAL_HIGHLANDS.zip","WEDGETAILED_EAGLE_NESTING_HABITAT_LOW_CENTRAL_HIGHLANDS.zip","WEDGETAILED_EAGLE_NESTING_HABITAT_LOW_CENTRAL_HIGHLANDS.zip",FALSE,185597952,"2024-01-11T02:10:00+1100",185265343,"2024-01-10T16:23:38Z","""1660ad4-b0aecbf-60e99da80eb5f""",200,"2026-09-09T13:41:08Z"
"https://listdata.thelist.tas.gov.au/opendata/data/WEDGETAILED_EAGLE_NESTING_HABITAT_LOW_CIRCULAR_HEAD.zip","WEDGETAILED_EAGLE_NESTING_HABITAT_LOW_CIRCULAR_HEAD.zip","WEDGETAILED_EAGLE_NESTING_HABITAT_LOW_CIRCULAR_HEAD.zip",FALSE,95420416,"2024-01-11T02:28:00+1100",95069927,"2024-01-10T15:04:44Z","""1660ad5-5aaa6e7-60e98c051d00b""",200,"2026-09-09T13:41:08Z"
"https://listdata.thelist.tas.gov.au/opendata/data/WEDGETAILED_EAGLE_NESTING_HABITAT_LOW_CLARENCE.zip","WEDGETAILED_EAGLE_NESTING_HABITAT_LOW_CLARENCE.zip","WEDGETAILED_EAGLE_NESTING_HABITAT_LOW_CLARENCE.zip",FALSE,16777216,"2024-01-11T02:18:00+1100",16391039,"2024-01-10T15:39:14Z","""1660ad6-fa1b7f-60e993bb7ed4e""",200,"2026-09-09T13:41:08Z"
"https://listdata.thelist.tas.gov.au/opendata/data/WEDGETAILED_EAGLE_NESTING_HABITAT_LOW_DERWENT_VALLEY.zip","WEDGETAILED_EAGLE_NESTING_HABITAT_LOW_DERWENT_VALLEY.zip","WEDGETAILED_EAGLE_NESTING_HABITAT_LOW_DERWENT_VALLEY.zip",FALSE,158334976,"2024-01-11T02:15:00+1100",158270523,"2024-01-10T16:12:12Z","""1660ad7-96f043b-60e99b1937bbd""",200,"2026-09-09T13:41:08Z"
"https://listdata.thelist.tas.gov.au/opendata/data/WEDGETAILED_EAGLE_NESTING_HABITAT_LOW_DEVONPORT.zip","WEDGETAILED_EAGLE_NESTING_HABITAT_LOW_DEVONPORT.zip","WEDGETAILED_EAGLE_NESTING_HABITAT_LOW_DEVONPORT.zip",FALSE,4718592,"2024-01-11T02:13:00+1100",4766868,"2024-01-10T15:13:56Z","""1660ad8-48bc94-60e98e13d0313""",200,"2026-09-09T13:41:08Z"
"https://listdata.thelist.tas.gov.au/opendata/data/WEDGETAILED_EAGLE_NESTING_HABITAT_LOW_DORSET.zip","WEDGETAILED_EAGLE_NESTING_HABITAT_LOW_DORSET.zip","WEDGETAILED_EAGLE_NESTING_HABITAT_LOW_DORSET.zip",FALSE,117440512,"2024-01-11T02:26:00+1100",117166307,"2024-01-10T15:08:57Z","""1660ad9-6fbd0e3-60e98cf631630""",200,"2026-09-09T13:41:08Z"
"https://listdata.thelist.tas.gov.au/opendata/data/WEDGETAILED_EAGLE_NESTING_HABITAT_LOW_FLINDERS.zip","WEDGETAILED_EAGLE_NESTING_HABITAT_LOW_FLINDERS.zip","WEDGETAILED_EAGLE_NESTING_HABITAT_LOW_FLINDERS.zip",FALSE,31457280,"2024-01-11T02:47:00+1100",31075181,"2024-01-10T15:27:45Z","""1660ada-1da2b6d-60e9912a32030""",200,"2026-09-09T13:41:08Z"
"https://listdata.thelist.tas.gov.au/opendata/data/WEDGETAILED_EAGLE_NESTING_HABITAT_LOW_GEORGE_TOWN.zip","WEDGETAILED_EAGLE_NESTING_HABITAT_LOW_GEORGE_TOWN.zip","WEDGETAILED_EAGLE_NESTING_HABITAT_LOW_GEORGE_TOWN.zip",FALSE,25165824,"2024-01-11T02:58:00+1100",25151160,"2024-01-10T15:38:35Z","""1660adb-17fc6b8-60e993957ea13""",200,"2026-09-09T13:41:08Z"
"https://listdata.thelist.tas.gov.au/opendata/data/WEDGETAILED_EAGLE_NESTING_HABITAT_LOW_GLAMORGAN_SPRING_BAY.zip","WEDGETAILED_EAGLE_NESTING_HABITAT_LOW_GLAMORGAN_SPRING_BAY.zip","WEDGETAILED_EAGLE_NESTING_HABITAT_LOW_GLAMORGAN_SPRING_BAY.zip",FALSE,203423744,"2024-01-11T02:17:00+1100",203661257,"2024-01-10T15:44:29Z","""1660adc-c239fc9-60e994e7093a5""",200,"2026-09-09T13:41:08Z"
"https://listdata.thelist.tas.gov.au/opendata/data/WEDGETAILED_EAGLE_NESTING_HABITAT_LOW_GLENORCHY.zip","WEDGETAILED_EAGLE_NESTING_HABITAT_LOW_GLENORCHY.zip","WEDGETAILED_EAGLE_NESTING_HABITAT_LOW_GLENORCHY.zip",FALSE,6501171.2,"2024-01-11T03:17:00+1100",6529789,"2024-01-10T15:19:56Z","""1660add-63a2fd-60e98f6a3b3be""",200,"2026-09-09T13:41:08Z"
"https://listdata.thelist.tas.gov.au/opendata/data/WEDGETAILED_EAGLE_NESTING_HABITAT_LOW_HOBART.zip","WEDGETAILED_EAGLE_NESTING_HABITAT_LOW_HOBART.zip","WEDGETAILED_EAGLE_NESTING_HABITAT_LOW_HOBART.zip",FALSE,5347737.6,"2024-01-11T02:37:00+1100",5338203,"2024-01-10T15:01:03Z","""1660ade-51745b-60e98b32a4dd0""",200,"2026-09-09T13:41:08Z"
"https://listdata.thelist.tas.gov.au/opendata/data/WEDGETAILED_EAGLE_NESTING_HABITAT_LOW_HUON_VALLEY.zip","WEDGETAILED_EAGLE_NESTING_HABITAT_LOW_HUON_VALLEY.zip","WEDGETAILED_EAGLE_NESTING_HABITAT_LOW_HUON_VALLEY.zip",FALSE,256901120,"2024-01-11T02:00:00+1100",257035146,"2024-01-10T15:53:52Z","""1660667-f520b8a-60e9970087da8""",200,"2026-09-09T13:41:08Z"
"https://listdata.thelist.tas.gov.au/opendata/data/WEDGETAILED_EAGLE_NESTING_HABITAT_LOW_KENTISH.zip","WEDGETAILED_EAGLE_NESTING_HABITAT_LOW_KENTISH.zip","WEDGETAILED_EAGLE_NESTING_HABITAT_LOW_KENTISH.zip",FALSE,53477376,"2024-01-11T03:31:00+1100",53916160,"2024-01-10T15:46:42Z","""16606a6-336b200-60e99565df4cb""",200,"2026-09-09T13:41:08Z"
"https://listdata.thelist.tas.gov.au/opendata/data/WEDGETAILED_EAGLE_NESTING_HABITAT_LOW_KING_ISLAND.zip","WEDGETAILED_EAGLE_NESTING_HABITAT_LOW_KING_ISLAND.zip","WEDGETAILED_EAGLE_NESTING_HABITAT_LOW_KING_ISLAND.zip",FALSE,4508876.8,"2024-01-11T03:31:00+1100",4475390,"2024-01-10T15:28:02Z","""1660bfa-4449fe-60e9913a7abc1""",200,"2026-09-09T13:41:08Z"
"https://listdata.thelist.tas.gov.au/opendata/data/WEDGETAILED_EAGLE_NESTING_HABITAT_LOW_KINGBOROUGH.zip","WEDGETAILED_EAGLE_NESTING_HABITAT_LOW_KINGBOROUGH.zip","WEDGETAILED_EAGLE_NESTING_HABITAT_LOW_KINGBOROUGH.zip",FALSE,46137344,"2024-01-11T03:24:00+1100",46336545,"2024-01-10T15:10:24Z","""16606a7-2c30a21-60e98d4967e53""",200,"2026-09-09T13:41:08Z"
"https://listdata.thelist.tas.gov.au/opendata/data/WEDGETAILED_EAGLE_NESTING_HABITAT_LOW_LATROBE.zip","WEDGETAILED_EAGLE_NESTING_HABITAT_LOW_LATROBE.zip","WEDGETAILED_EAGLE_NESTING_HABITAT_LOW_LATROBE.zip",FALSE,33554432,"2024-01-11T03:27:00+1100",33571381,"2024-01-10T15:18:07Z","""1660ac6-2004235-60e98f02eae1f""",200,"2026-09-09T13:41:08Z"
"https://listdata.thelist.tas.gov.au/opendata/data/WEDGETAILED_EAGLE_NESTING_HABITAT_LOW_LAUNCESTON.zip","WEDGETAILED_EAGLE_NESTING_HABITAT_LOW_LAUNCESTON.zip","WEDGETAILED_EAGLE_NESTING_HABITAT_LOW_LAUNCESTON.zip",FALSE,67108864,"2024-01-11T03:32:00+1100",66874369,"2024-01-10T15:15:57Z","""1660ac7-3fc6c01-60e98e86656f6""",200,"2026-09-09T13:41:08Z"
"https://listdata.thelist.tas.gov.au/opendata/data/WEDGETAILED_EAGLE_NESTING_HABITAT_LOW_MEANDER_VALLEY.zip","WEDGETAILED_EAGLE_NESTING_HABITAT_LOW_MEANDER_VALLEY.zip","WEDGETAILED_EAGLE_NESTING_HABITAT_LOW_MEANDER_VALLEY.zip",FALSE,109051904,"2024-01-11T03:25:00+1100",109306456,"2024-01-10T15:13:24Z","""1660ac8-683e258-60e98df51132f""",200,"2026-09-09T13:41:08Z"
"https://listdata.thelist.tas.gov.au/opendata/data/WEDGETAILED_EAGLE_NESTING_HABITAT_LOW_NORTHERN_MIDLANDS.zip","WEDGETAILED_EAGLE_NESTING_HABITAT_LOW_NORTHERN_MIDLANDS.zip","WEDGETAILED_EAGLE_NESTING_HABITAT_LOW_NORTHERN_MIDLANDS.zip",FALSE,191889408,"2024-01-11T03:29:00+1100",191460950,"2024-01-10T15:26:26Z","""1660ac9-b697656-60e990de7ec55""",200,"2026-09-09T13:41:08Z"
"https://listdata.thelist.tas.gov.au/opendata/data/WEDGETAILED_EAGLE_NESTING_HABITAT_LOW_SORELL.zip","WEDGETAILED_EAGLE_NESTING_HABITAT_LOW_SORELL.zip","WEDGETAILED_EAGLE_NESTING_HABITAT_LOW_SORELL.zip",FALSE,32505856,"2024-01-11T03:31:00+1100",32103423,"2024-01-10T15:47:46Z","""1660aca-1e9dbff-60e995a31c3bf""",200,"2026-09-09T13:41:08Z"
"https://listdata.thelist.tas.gov.au/opendata/data/WEDGETAILED_EAGLE_NESTING_HABITAT_LOW_SOUTHERN_MIDLANDS.zip","WEDGETAILED_EAGLE_NESTING_HABITAT_LOW_SOUTHERN_MIDLANDS.zip","WEDGETAILED_EAGLE_NESTING_HABITAT_LOW_SOUTHERN_MIDLANDS.zip",FALSE,117440512,"2024-01-11T03:26:00+1100",117582470,"2024-01-10T15:58:10Z","""1660acb-7022a86-60e997f6b77cb""",200,"2026-09-09T13:41:08Z"
"https://listdata.thelist.tas.gov.au/opendata/data/WEDGETAILED_EAGLE_NESTING_HABITAT_LOW_TASMAN.zip","WEDGETAILED_EAGLE_NESTING_HABITAT_LOW_TASMAN.zip","WEDGETAILED_EAGLE_NESTING_HABITAT_LOW_TASMAN.zip",FALSE,44040192,"2024-01-11T03:26:00+1100",44050554,"2024-01-10T15:17:05Z","""1660acc-2a0287a-60e98ec80fcc9""",200,"2026-09-09T13:41:08Z"
"https://listdata.thelist.tas.gov.au/opendata/data/WEDGETAILED_EAGLE_NESTING_HABITAT_LOW_WARATAH_WYNYARD.zip","WEDGETAILED_EAGLE_NESTING_HABITAT_LOW_WARATAH_WYNYARD.zip","WEDGETAILED_EAGLE_NESTING_HABITAT_LOW_WARATAH_WYNYARD.zip",FALSE,186646528,"2024-01-11T03:28:00+1100",186204416,"2024-01-10T16:17:19Z","""1660acd-b194100-60e99c3e15477""",200,"2026-09-09T13:41:08Z"
"https://listdata.thelist.tas.gov.au/opendata/data/WEDGETAILED_EAGLE_NESTING_HABITAT_LOW_WEST_COAST.zip","WEDGETAILED_EAGLE_NESTING_HABITAT_LOW_WEST_COAST.zip","WEDGETAILED_EAGLE_NESTING_HABITAT_LOW_WEST_COAST.zip",FALSE,355467264,"2024-01-11T03:29:00+1100",355874982,"2024-01-10T15:37:21Z","""1660ace-153638a6-60e9934f576a2""",200,"2026-09-09T13:41:08Z"
"https://listdata.thelist.tas.gov.au/opendata/data/WEDGETAILED_EAGLE_NESTING_HABITAT_LOW_WEST_TAMAR.zip","WEDGETAILED_EAGLE_NESTING_HABITAT_LOW_WEST_TAMAR.zip","WEDGETAILED_EAGLE_NESTING_HABITAT_LOW_WEST_TAMAR.zip",FALSE,34603008,"2024-01-11T03:29:00+1100",34925314,"2024-01-10T15:00:05Z","""1660acf-214eb02-60e98afb1f0a7""",200,"2026-09-09T13:41:08Z"
"https://listdata.thelist.tas.gov.au/opendata/data/WEDGETAILED_EAGLE_NESTING_HABITAT_NW_BREAK_O_DAY.zip","WEDGETAILED_EAGLE_NESTING_HABITAT_NW_BREAK_O_DAY.zip","WEDGETAILED_EAGLE_NESTING_HABITAT_NW_BREAK_O_DAY.zip",FALSE,1887436.8,"2024-01-11T03:28:00+1100",1894709,"2024-01-10T16:31:00Z","""1660c0e-1ce935-60e99f4d6a021""",200,"2026-09-09T13:41:08Z"
"https://listdata.thelist.tas.gov.au/opendata/data/WEDGETAILED_EAGLE_NESTING_HABITAT_NW_BRIGHTON.zip","WEDGETAILED_EAGLE_NESTING_HABITAT_NW_BRIGHTON.zip","WEDGETAILED_EAGLE_NESTING_HABITAT_NW_BRIGHTON.zip",FALSE,631808,"2024-01-11T03:24:00+1100",631560,"2024-01-10T16:24:20Z","""1660bfb-9a308-60e99dcfbf8fe""",200,"2026-09-09T13:41:08Z"
"https://listdata.thelist.tas.gov.au/opendata/data/WEDGETAILED_EAGLE_NESTING_HABITAT_NW_BURNIE.zip","WEDGETAILED_EAGLE_NESTING_HABITAT_NW_BURNIE.zip","WEDGETAILED_EAGLE_NESTING_HABITAT_NW_BURNIE.zip",FALSE,1153433.6,"2024-01-11T03:30:00+1100",1201487,"2024-01-10T16:31:55Z","""1660bfe-12554f-60e99f820c20f""",200,"2026-09-09T13:41:08Z"
"https://listdata.thelist.tas.gov.au/opendata/data/WEDGETAILED_EAGLE_NESTING_HABITAT_NW_CENTRAL_COAST.zip","WEDGETAILED_EAGLE_NESTING_HABITAT_NW_CENTRAL_COAST.zip","WEDGETAILED_EAGLE_NESTING_HABITAT_NW_CENTRAL_COAST.zip",FALSE,1468006.4,"2024-01-11T03:30:00+1100",1425779,"2024-01-10T16:27:53Z","""1660bff-15c173-60e99e9accc64""",200,"2026-09-09T13:41:08Z"
"https://listdata.thelist.tas.gov.au/opendata/data/WEDGETAILED_EAGLE_NESTING_HABITAT_NW_CENTRAL_HIGHLANDS.zip","WEDGETAILED_EAGLE_NESTING_HABITAT_NW_CENTRAL_HIGHLANDS.zip","WEDGETAILED_EAGLE_NESTING_HABITAT_NW_CENTRAL_HIGHLANDS.zip",FALSE,987136,"2024-01-11T03:26:00+1100",986695,"2024-01-10T16:32:11Z","""1660c0d-f0e47-60e99f9082b78""",200,"2026-09-09T13:41:08Z"
"https://listdata.thelist.tas.gov.au/opendata/data/WEDGETAILED_EAGLE_NESTING_HABITAT_NW_CIRCULAR_HEAD.zip","WEDGETAILED_EAGLE_NESTING_HABITAT_NW_CIRCULAR_HEAD.zip","WEDGETAILED_EAGLE_NESTING_HABITAT_NW_CIRCULAR_HEAD.zip",FALSE,58720256,"2024-01-11T03:28:00+1100",58968646,"2024-01-10T16:25:49Z","""1660c00-383ca46-60e99e24da5d4""",200,"2026-09-09T13:41:08Z"
"https://listdata.thelist.tas.gov.au/opendata/data/WEDGETAILED_EAGLE_NESTING_HABITAT_NW_CLARENCE.zip","WEDGETAILED_EAGLE_NESTING_HABITAT_NW_CLARENCE.zip","WEDGETAILED_EAGLE_NESTING_HABITAT_NW_CLARENCE.zip",FALSE,1887436.8,"2024-01-11T03:27:00+1100",1898095,"2024-01-10T16:29:35Z","""1660c0f-1cf66f-60e99efbc5df3""",200,"2026-09-09T13:41:08Z"
"https://listdata.thelist.tas.gov.au/opendata/data/WEDGETAILED_EAGLE_NESTING_HABITAT_NW_DERWENT_VALLEY.zip","WEDGETAILED_EAGLE_NESTING_HABITAT_NW_DERWENT_VALLEY.zip","WEDGETAILED_EAGLE_NESTING_HABITAT_NW_DERWENT_VALLEY.zip",FALSE,803840,"2024-01-11T03:27:00+1100",803856,"2024-01-10T16:31:15Z","""1660c05-c4410-60e99f5b17b89""",200,"2026-09-09T13:41:08Z"
"https://listdata.thelist.tas.gov.au/opendata/data/WEDGETAILED_EAGLE_NESTING_HABITAT_NW_DEVONPORT.zip","WEDGETAILED_EAGLE_NESTING_HABITAT_NW_DEVONPORT.zip","WEDGETAILED_EAGLE_NESTING_HABITAT_NW_DEVONPORT.zip",FALSE,740352,"2024-01-11T03:26:00+1100",740665,"2024-01-10T16:26:54Z","""1660c07-b4d39-60e99e62af658""",200,"2026-09-09T13:41:08Z"
"https://listdata.thelist.tas.gov.au/opendata/data/WEDGETAILED_EAGLE_NESTING_HABITAT_NW_DORSET.zip","WEDGETAILED_EAGLE_NESTING_HABITAT_NW_DORSET.zip","WEDGETAILED_EAGLE_NESTING_HABITAT_NW_DORSET.zip",FALSE,2202009.6,"2024-01-11T03:28:00+1100",2184004,"2024-01-10T16:26:08Z","""1660c10-215344-60e99e372213a""",200,"2026-09-09T13:41:08Z"
"https://listdata.thelist.tas.gov.au/opendata/data/WEDGETAILED_EAGLE_NESTING_HABITAT_NW_FLINDERS.zip","WEDGETAILED_EAGLE_NESTING_HABITAT_NW_FLINDERS.zip","WEDGETAILED_EAGLE_NESTING_HABITAT_NW_FLINDERS.zip",FALSE,9856614.4,"2024-01-11T03:30:00+1100",9809655,"2024-01-10T16:28:35Z","""1660c01-95aef7-60e99ec33ce46""",200,"2026-09-09T13:41:08Z"
"https://listdata.thelist.tas.gov.au/opendata/data/WEDGETAILED_EAGLE_NESTING_HABITAT_NW_GEORGE_TOWN.zip","WEDGETAILED_EAGLE_NESTING_HABITAT_NW_GEORGE_TOWN.zip","WEDGETAILED_EAGLE_NESTING_HABITAT_NW_GEORGE_TOWN.zip",FALSE,1363148.8,"2024-01-11T03:30:00+1100",1364086,"2024-01-10T16:29:20Z","""1660c14-14d076-60e99eedeef6b""",200,"2026-09-09T13:41:08Z"
"https://listdata.thelist.tas.gov.au/opendata/data/WEDGETAILED_EAGLE_NESTING_HABITAT_NW_GLAMORGAN_SPRING_BAY.zip","WEDGETAILED_EAGLE_NESTING_HABITAT_NW_GLAMORGAN_SPRING_BAY.zip","WEDGETAILED_EAGLE_NESTING_HABITAT_NW_GLAMORGAN_SPRING_BAY.zip",FALSE,4928307.2,"2021-03-19T09:40:00+1100",4925817,"2024-01-10T16:29:49Z","""1660c0b-4b2979-60e99f0940d8b""",200,"2026-09-09T13:41:08Z"
"https://listdata.thelist.tas.gov.au/opendata/data/WEDGETAILED_EAGLE_NESTING_HABITAT_NW_GLENORCHY.zip","WEDGETAILED_EAGLE_NESTING_HABITAT_NW_GLENORCHY.zip","WEDGETAILED_EAGLE_NESTING_HABITAT_NW_GLENORCHY.zip",FALSE,680960,"2024-01-11T03:27:00+1100",681117,"2024-01-10T16:28:07Z","""1660c09-a649d-60e99ea84ad93""",200,"2026-09-09T13:41:08Z"
"https://listdata.thelist.tas.gov.au/opendata/data/WEDGETAILED_EAGLE_NESTING_HABITAT_NW_HOBART.zip","WEDGETAILED_EAGLE_NESTING_HABITAT_NW_HOBART.zip","WEDGETAILED_EAGLE_NESTING_HABITAT_NW_HOBART.zip",FALSE,620544,"2024-01-11T03:31:00+1100",620901,"2024-01-10T16:24:34Z","""1660c12-97965-60e99ddd2c4c9""",200,"2026-09-09T13:41:08Z"
"https://listdata.thelist.tas.gov.au/opendata/data/WEDGETAILED_EAGLE_NESTING_HABITAT_NW_HUON_VALLEY.zip","WEDGETAILED_EAGLE_NESTING_HABITAT_NW_HUON_VALLEY.zip","WEDGETAILED_EAGLE_NESTING_HABITAT_NW_HUON_VALLEY.zip",FALSE,5138022.4,"2024-01-11T03:29:00+1100",5158015,"2024-01-10T16:30:32Z","""1660c0a-4eb47f-60e99f3268e80""",200,"2026-09-09T13:41:08Z"
"https://listdata.thelist.tas.gov.au/opendata/data/WEDGETAILED_EAGLE_NESTING_HABITAT_NW_KENTISH.zip","WEDGETAILED_EAGLE_NESTING_HABITAT_NW_KENTISH.zip","WEDGETAILED_EAGLE_NESTING_HABITAT_NW_KENTISH.zip",FALSE,730112,"2024-01-11T03:24:00+1100",730409,"2024-01-10T16:30:03Z","""1660c04-b2529-60e99f171cacf""",200,"2026-09-09T13:41:08Z"
"https://listdata.thelist.tas.gov.au/opendata/data/WEDGETAILED_EAGLE_NESTING_HABITAT_NW_KING_ISLAND.zip","WEDGETAILED_EAGLE_NESTING_HABITAT_NW_KING_ISLAND.zip","WEDGETAILED_EAGLE_NESTING_HABITAT_NW_KING_ISLAND.zip",FALSE,4404019.2,"2024-01-11T03:24:00+1100",4444649,"2024-01-10T16:28:50Z","""1660c02-43d1e9-60e99ed1361ec""",200,"2026-09-09T13:41:08Z"
"https://listdata.thelist.tas.gov.au/opendata/data/WEDGETAILED_EAGLE_NESTING_HABITAT_NW_KINGBOROUGH.zip","WEDGETAILED_EAGLE_NESTING_HABITAT_NW_KINGBOROUGH.zip","WEDGETAILED_EAGLE_NESTING_HABITAT_NW_KINGBOROUGH.zip",FALSE,2516582.4,"2024-01-11T03:24:00+1100",2467609,"2024-01-10T16:26:23Z","""1660c06-25a719-60e99e45404a1""",200,"2026-09-09T13:41:08Z"
"https://listdata.thelist.tas.gov.au/opendata/data/WEDGETAILED_EAGLE_NESTING_HABITAT_NW_LATROBE.zip","WEDGETAILED_EAGLE_NESTING_HABITAT_NW_LATROBE.zip","WEDGETAILED_EAGLE_NESTING_HABITAT_NW_LATROBE.zip",FALSE,898048,"2024-01-11T03:24:00+1100",897702,"2024-01-10T16:27:39Z","""1660c08-db2a6-60e99e8d98e24""",200,"2026-09-09T13:41:08Z"
"https://listdata.thelist.tas.gov.au/opendata/data/WEDGETAILED_EAGLE_NESTING_HABITAT_NW_LAUNCESTON.zip","WEDGETAILED_EAGLE_NESTING_HABITAT_NW_LAUNCESTON.zip","WEDGETAILED_EAGLE_NESTING_HABITAT_NW_LAUNCESTON.zip",FALSE,638976,"2024-01-11T03:24:00+1100",638754,"2024-01-10T16:27:09Z","""1660c16-9bf22-60e99e7156217""",200,"2026-09-09T13:41:08Z"
"https://listdata.thelist.tas.gov.au/opendata/data/WEDGETAILED_EAGLE_NESTING_HABITAT_NW_MEANDER_VALLEY.zip","WEDGETAILED_EAGLE_NESTING_HABITAT_NW_MEANDER_VALLEY.zip","WEDGETAILED_EAGLE_NESTING_HABITAT_NW_MEANDER_VALLEY.zip",FALSE,922624,"2024-01-11T03:24:00+1100",922317,"2024-01-10T16:26:39Z","""1660c15-e12cd-60e99e5405723""",200,"2026-09-09T13:41:08Z"
"https://listdata.thelist.tas.gov.au/opendata/data/WEDGETAILED_EAGLE_NESTING_HABITAT_NW_NORTHERN_MIDLANDS.zip","WEDGETAILED_EAGLE_NESTING_HABITAT_NW_NORTHERN_MIDLANDS.zip","WEDGETAILED_EAGLE_NESTING_HABITAT_NW_NORTHERN_MIDLANDS.zip",FALSE,839680,,839857,"2024-01-10T16:28:21Z","""1660c13-cd0b1-60e99eb5f56e1""",200,"2026-09-09T13:41:08Z"
"https://listdata.thelist.tas.gov.au/opendata/data/WEDGETAILED_EAGLE_NESTING_HABITAT_NW_SORELL.zip","WEDGETAILED_EAGLE_NESTING_HABITAT_NW_SORELL.zip","WEDGETAILED_EAGLE_NESTING_HABITAT_NW_SORELL.zip",FALSE,965632,,965664,"2024-01-10T16:30:18Z","""1660c11-ebc20-60e99f25284a9""",200,"2026-09-09T13:41:08Z"
"https://listdata.thelist.tas.gov.au/opendata/data/WEDGETAILED_EAGLE_NESTING_HABITAT_NW_SOUTHERN_MIDLANDS.zip","WEDGETAILED_EAGLE_NESTING_HABITAT_NW_SOUTHERN_MIDLANDS.zip","WEDGETAILED_EAGLE_NESTING_HABITAT_NW_SOUTHERN_MIDLANDS.zip",FALSE,781312,,780810,"2024-01-10T16:30:46Z","""1660c0c-bea0a-60e99f3fd0091""",200,"2026-09-09T13:41:08Z"
"https://listdata.thelist.tas.gov.au/opendata/data/WEDGETAILED_EAGLE_NESTING_HABITAT_NW_STATEWIDE.zip","WEDGETAILED_EAGLE_NESTING_HABITAT_NW_STATEWIDE.zip","WEDGETAILED_EAGLE_NESTING_HABITAT_NW_STATEWIDE.zip",FALSE,16777216,,16455918,"2021-03-18T22:40:14Z","""1660adf-fb18ee-5bdd7486f59ed""",200,"2026-09-09T13:41:08Z"
"https://listdata.thelist.tas.gov.au/opendata/data/WEDGETAILED_EAGLE_NESTING_HABITAT_NW_TASMAN.zip","WEDGETAILED_EAGLE_NESTING_HABITAT_NW_TASMAN.zip","WEDGETAILED_EAGLE_NESTING_HABITAT_NW_TASMAN.zip",FALSE,3565158.4,,3614720,"2024-01-10T16:27:24Z","""1660bfd-372800-60e99e7fa288a""",200,"2026-09-09T13:41:08Z"
"https://listdata.thelist.tas.gov.au/opendata/data/WEDGETAILED_EAGLE_NESTING_HABITAT_NW_WARATAH_WYNYARD.zip","WEDGETAILED_EAGLE_NESTING_HABITAT_NW_WARATAH_WYNYARD.zip","WEDGETAILED_EAGLE_NESTING_HABITAT_NW_WARATAH_WYNYARD.zip",FALSE,2516582.4,,2482143,"2024-01-10T16:31:37Z","""1660bfc-25dfdf-60e99f70e0d21""",200,"2026-09-09T13:41:08Z"
"https://listdata.thelist.tas.gov.au/opendata/data/WEDGETAILED_EAGLE_NESTING_HABITAT_NW_WEST_COAST.zip","WEDGETAILED_EAGLE_NESTING_HABITAT_NW_WEST_COAST.zip","WEDGETAILED_EAGLE_NESTING_HABITAT_NW_WEST_COAST.zip",FALSE,8074035.2,,8098660,"2024-01-10T16:29:05Z","""1660c03-7b9364-60e99edff3b40""",200,"2026-09-09T13:41:08Z"
"https://listdata.thelist.tas.gov.au/opendata/data/WEDGETAILED_EAGLE_NESTING_HABITAT_NW_WEST_TAMAR.zip","WEDGETAILED_EAGLE_NESTING_HABITAT_NW_WEST_TAMAR.zip","WEDGETAILED_EAGLE_NESTING_HABITAT_NW_WEST_TAMAR.zip",FALSE,1153433.6,,1128753,"2024-01-10T16:24:06Z","""1660c17-113931-60e99dc22286b""",200,"2026-09-09T13:41:08Z"
